2.127638, 5.044757, 0.137463, 0.000000
2.127638, 5.044757, 0.137463, 0.000000
2.127638, 5.044757, 0.137463, 0.000000
2.127638, 5.044757, 0.137463, 0.000000
2.127638, 5.044757, 0.137463, 0.000000
2.127638, 5.044757, 0.137463, 0.000000
2.127638, 5.044757, 0.137463, 0.000000
2.127638, 5.044757, 0.137463, 0.000000
2.127638, 5.044757, 0.137463, 0.000000
2.127638, 5.044757, 0.137463, 0.000000
2.127638, 5.044757, 0.137463, 0.000000
2.127638, 5.044757, 0.137463, 0.000000
2.127638, 5.044757, 0.137463, 0.000000
2.127638, 5.044757, 0.137463, 0.000000
2.127638, 5.044757, 0.137463, 0.000000
2.127638, 5.044757, 0.137463, 0.000000
2.127638, 5.044757, 0.137463, 0.000000
2.127638, 5.044757, 0.137463, 0.000000
2.127638, 5.044757, 0.137463, 0.000000
2.127638, 5.044757, 0.137463, 0.000000
2.127638, 5.044757, 0.137463, 0.000000
2.127638, 5.044757, 0.137463, 0.000000
2.127638, 5.044757, 0.137463, 0.000000
2.127638, 5.044757, 0.137463, 0.000000
2.127638, 5.044757, 0.137463, 0.000000
2.127638, 5.044757, 0.137463, 0.000000
2.127638, 5.044757, 0.137463, 0.000000
2.127638, 5.044757, 0.137463, 0.000000
2.127638, 5.044757, 0.137463, 0.000000
2.127638, 5.044757, 0.137463, 0.000000
2.127638, 5.044757, 0.137463, 0.000000
2.127638, 5.044757, 0.137463, 0.000000
2.127638, 5.044757, 0.137463, 0.000000
2.127638, 5.044757, 0.137463, 0.000000
2.127638, 5.044757, 0.137463, 0.000000
2.127638, 5.044757, 0.137463, 0.000000
2.127638, 5.044757, 0.137463, 0.000000
2.127638, 5.044757, 0.137463, 0.000000
2.127638, 5.044757, 0.137463, 0.000000
2.127638, 5.044757, 0.137463, 0.000000
2.127638, 5.044757, 0.137463, 0.000000
2.127638, 5.044757, 0.137463, 0.000000
2.127638, 5.044757, 0.137463, 0.000000
2.127638, 5.044757, 0.137463, 0.000000
2.127638, 5.044757, 0.137463, 0.000000
2.127638, 5.044757, 0.137463, 0.000000
2.127638, 5.044757, 0.137463, 0.000000
2.127638, 5.044757, 0.137463, 0.000000
2.127638, 5.044757, 0.137463, 0.000000
2.127638, 5.044757, 0.137463, 0.000000
2.127638, 5.044757, 0.137463, 0.000000
2.127638, 5.044757, 0.137463, 0.000000
2.127638, 5.044757, 0.137463, 0.000000
2.127638, 5.044757, 0.137463, 0.000000
2.127638, 5.044757, 0.137463, 0.000000
2.127638, 5.044757, 0.137463, 0.000000
2.127638, 5.044757, 0.137463, 0.000000
2.127638, 5.044757, 0.137463, 0.000000
2.127638, 5.044757, 0.137463, 0.000000
2.127638, 5.044757, 0.137463, 0.000000
2.127638, 5.044757, 0.137463, 0.000000
2.127638, 5.044757, 0.137463, 0.000000
2.127638, 5.044757, 0.137463, 0.000000
2.127638, 5.044757, 0.137463, 0.000000
2.127638, 5.044757, 0.137463, 0.000000
2.127638, 5.044757, 0.137463, 0.000000
2.127638, 5.044757, 0.137463, 0.000000
2.127638, 5.044757, 0.137463, 0.000000
2.127638, 5.044757, 0.137463, 0.000000
2.127638, 5.044757, 0.137463, 0.000000
2.127638, 5.044757, 0.137463, 0.000000
2.127638, 5.044757, 0.137463, 0.000000
2.127638, 5.044757, 0.137463, 0.000000
2.127638, 5.044757, 0.137463, 0.000000
2.127638, 5.044757, 0.137463, 0.000000
2.127638, 5.044757, 0.137463, 0.000000
2.127638, 5.044757, 0.137463, 0.000000
2.127638, 5.044757, 0.137463, 0.000000
2.127638, 5.044757, 0.137463, 0.000000
2.127638, 5.044757, 0.137463, 0.000000
2.127638, 5.044757, 0.137463, 0.000000
2.127638, 5.044757, 0.137463, 0.000000
2.127638, 5.044757, 0.137463, 0.000000
2.127638, 5.044757, 0.137463, 0.000000
2.127638, 5.044757, 0.137463, 0.000000
2.127638, 5.044757, 0.137463, 0.000000
2.127638, 5.044757, 0.137463, 0.000000
2.127638, 5.044757, 0.137463, 0.000000
2.127638, 5.044757, 0.137463, 0.000000
2.127638, 5.044757, 0.137463, 0.000000
2.127638, 5.044757, 0.137463, 0.000000
2.127638, 5.044757, 0.137463, 0.000000
2.127638, 5.044757, 0.137463, 0.000000
2.127638, 5.044757, 0.137463, 0.000000
2.127638, 5.044757, 0.137463, 0.000000
2.127638, 5.044757, 0.137463, 0.000000
2.127638, 5.044757, 0.137463, 0.000000
2.127638, 5.044757, 0.137463, 0.000000
2.127638, 5.044757, 0.137463, 0.000000
2.127638, 5.044757, 0.137463, 0.000000
2.127638, 5.044757, 0.137463, 0.000000
2.127638, 5.044757, 0.137463, 0.000000
2.127638, 5.044757, 0.137463, 0.000000
2.127638, 5.044757, 0.137463, 0.000000
2.127638, 5.044757, 0.137463, 0.000000
2.127638, 5.044757, 0.137463, 0.000000
2.127638, 5.044757, 0.137463, 0.000000
2.127638, 5.044757, 0.137463, 0.000000
2.127638, 5.044757, 0.137463, 0.000000
2.127638, 5.044757, 0.137463, 0.000000
2.127638, 5.044757, 0.137463, 0.000000
2.127638, 5.044757, 0.137463, 0.000000
2.127638, 5.044757, 0.137463, 0.000000
2.127638, 5.044757, 0.137463, 0.000000
2.127638, 5.044757, 0.137463, 0.000000
2.127638, 5.044757, 0.137463, 0.000000
2.127638, 5.044757, 0.137463, 0.000000
2.127638, 5.044757, 0.137463, 0.000000
2.127638, 5.044757, 0.137463, 0.000000
2.127638, 5.044757, 0.137463, 0.000000
2.127638, 5.044757, 0.137463, 0.000000
2.127638, 5.044757, 0.137463, 0.000000
2.127638, 5.044757, 0.137463, 0.000000
2.127638, 5.044757, 0.137463, 0.000000
2.127638, 5.044757, 0.137463, 0.000000
2.127638, 5.044757, 0.137463, 0.000000
2.127638, 5.044757, 0.137463, 0.000000
2.127638, 5.044757, 0.137463, 0.000000
2.127638, 5.044757, 0.137463, 0.000000
2.127638, 5.044757, 0.137463, 0.000000
2.127638, 5.044757, 0.137463, 0.000000
2.127638, 5.044757, 0.137463, 0.000000
2.127638, 5.044757, 0.137463, 0.000000
2.127638, 5.044757, 0.137463, 0.000000
2.127638, 5.044757, 0.137463, 0.000000
2.127638, 5.044757, 0.137463, 0.000000
2.127638, 5.044757, 0.137463, 0.000000
2.127638, 5.044757, 0.137463, 0.000000
2.127638, 5.044757, 0.137463, 0.000000
2.127638, 5.044757, 0.137463, 0.000000
2.127638, 5.044757, 0.137463, 0.000000
2.127638, 5.044757, 0.137463, 0.000000
2.127638, 5.044757, 0.137463, 0.000000
2.127638, 5.044757, 0.137463, 0.000000
2.127638, 5.044757, 0.137463, 0.000000
2.127638, 5.044757, 0.137463, 0.000000
2.127638, 5.044757, 0.137463, 0.000000
2.127638, 5.044757, 0.137463, 0.000000
2.127638, 5.044757, 0.137463, 0.000000
2.127638, 5.044757, 0.137463, 0.000000
2.127638, 5.044757, 0.137463, 0.000000
2.127638, 5.044757, 0.137463, 0.000000
2.127638, 5.044757, 0.137463, 0.000000
2.127638, 5.044757, 0.137463, 0.000000
2.127638, 5.044757, 0.137463, 0.000000
2.127638, 5.044757, 0.137463, 0.000000
2.127638, 5.044757, 0.137463, 0.000000
2.127638, 5.044757, 0.137463, 0.000000
2.127638, 5.044757, 0.137463, 0.000000
2.127638, 5.044757, 0.137463, 0.000000
2.127638, 5.044757, 0.137463, 0.000000
2.127638, 5.044757, 0.137463, 0.000000
2.127638, 5.044757, 0.137463, 0.000000
2.127638, 5.044757, 0.137463, 0.000000
2.127638, 5.044757, 0.137463, 0.000000
2.127638, 5.044757, 0.137463, 0.000000
2.127638, 5.044757, 0.137463, 0.000000
2.127638, 5.044757, 0.137463, 0.000000
2.127638, 5.044757, 0.137463, 0.000000
2.127638, 5.044757, 0.137463, 0.000000
2.127638, 5.044757, 0.137463, 0.000000
2.127638, 5.044757, 0.137463, 0.000000
2.127638, 5.044757, 0.137463, 0.000000
2.127638, 5.044757, 0.137463, 0.000000
2.127638, 5.044757, 0.137463, 0.000000
2.127638, 5.044757, 0.137463, 0.000000
2.127638, 5.044757, 0.137463, 0.000000
2.127638, 5.044757, 0.137463, 0.000000
2.127638, 5.044757, 0.137463, 0.000000
2.127638, 5.044757, 0.137463, 0.000000
2.127638, 5.044757, 0.137463, 0.000000
2.127638, 5.044757, 0.137463, 0.000000
2.127638, 5.044757, 0.137463, 0.000000
2.127638, 5.044757, 0.137463, 0.000000
2.127638, 5.044757, 0.137463, 0.000000
2.127638, 5.044757, 0.137463, 0.000000
2.127638, 5.044757, 0.137463, 0.000000
2.127638, 5.044757, 0.137463, 0.000000
2.127638, 5.044757, 0.137463, 0.000000
2.127638, 5.044757, 0.137463, 0.000000
2.127638, 5.044757, 0.137463, 0.000000
2.127638, 5.044757, 0.137463, 0.000000
2.127638, 5.044757, 0.137463, 0.000000
2.127638, 5.044757, 0.137463, 0.000000
2.127638, 5.044757, 0.137463, 0.000000
2.127638, 5.044757, 0.137463, 0.000000
2.127638, 5.044757, 0.137463, 0.000000
2.127638, 5.044757, 0.137463, 0.000000
2.127638, 5.044757, 0.137463, 0.000000
2.127638, 5.044757, 0.137463, 0.000000
2.127638, 5.044757, 0.137463, 0.000000
2.127638, 5.044757, 0.137463, 0.000000
2.127638, 5.044757, 0.137463, 0.000000
2.127638, 5.044757, 0.137463, 0.000000
2.127638, 5.044757, 0.137463, 0.000000
2.127638, 5.044757, 0.137463, 0.000000
2.127638, 5.044757, 0.137463, 0.000000
2.127638, 5.044757, 0.137463, 0.000000
2.127638, 5.044757, 0.137463, 0.000000
2.127638, 5.044757, 0.137463, 0.000000
2.127638, 5.044757, 0.137463, 0.000000
2.127638, 5.044757, 0.137463, 0.000000
2.127638, 5.044757, 0.137463, 0.000000
2.127638, 5.044757, 0.137463, 0.000000
2.127638, 5.044757, 0.137463, 0.000000
2.127638, 5.044757, 0.137463, 0.000000
2.127638, 5.044757, 0.137463, 0.000000
2.127638, 5.044757, 0.137463, 0.000000
2.127638, 5.044757, 0.137463, 0.000000
2.127638, 5.044757, 0.137463, 0.000000
2.127638, 5.044757, 0.137463, 0.000000
2.127638, 5.044757, 0.137463, 0.000000
2.127638, 5.044757, 0.137463, 0.000000
2.127638, 5.044757, 0.137463, 0.000000
2.127638, 5.044757, 0.137463, 0.000000
2.127638, 5.044757, 0.137463, 0.000000
2.127638, 5.044757, 0.137463, 0.000000
2.127638, 5.044757, 0.137463, 0.000000
2.127638, 5.044757, 0.137463, 0.000000
2.127638, 5.044757, 0.137463, 0.000000
2.127638, 5.044757, 0.137463, 0.000000
2.127638, 5.044757, 0.137463, 0.000000
2.127638, 5.044757, 0.137463, 0.000000
2.127638, 5.044757, 0.137463, 0.000000
2.127638, 5.044757, 0.137463, 0.000000
2.127638, 5.044757, 0.137463, 0.000000
2.127638, 5.044757, 0.137463, 0.000000
2.127638, 5.044757, 0.137463, 0.000000
2.127638, 5.044757, 0.137463, 0.000000
2.127638, 5.044757, 0.137463, 0.000000
2.127638, 5.044757, 0.137463, 0.000000
2.127638, 5.044757, 0.137463, 0.000000
2.127638, 5.044757, 0.137463, 0.000000
2.127638, 5.044757, 0.137463, 0.000000
2.127638, 5.044757, 0.137463, 0.000000
2.127638, 5.044757, 0.137463, 0.000000
2.127638, 5.044757, 0.137463, 0.000000
2.127638, 5.044757, 0.137463, 0.000000
2.127638, 5.044757, 0.137463, 0.000000
2.127638, 5.044757, 0.137463, 0.000000
2.127638, 5.044757, 0.137463, 0.000000
2.127638, 5.044757, 0.137463, 0.000000
2.127638, 5.044757, 0.137463, 0.000000
2.127638, 5.044757, 0.137463, 0.000000
2.127638, 5.044757, 0.137463, 0.000000
2.127638, 5.044757, 0.137463, 0.000000
2.127638, 5.044757, 0.137463, 0.000000
2.127638, 5.044757, 0.137463, 0.000000
2.127638, 5.044757, 0.137463, 0.000000
2.127638, 5.044757, 0.137463, 0.000000
2.127638, 5.044757, 0.137463, 0.000000
2.127638, 5.044757, 0.137463, 0.000000
2.127638, 5.044757, 0.137463, 0.000000
2.127638, 5.044757, 0.137463, 0.000000
2.127638, 5.044757, 0.137463, 0.000000
2.127638, 5.044757, 0.137463, 0.000000
2.127638, 5.044757, 0.137463, 0.000000
2.127638, 5.044757, 0.137463, 0.000000
2.127638, 5.044757, 0.137463, 0.000000
2.127638, 5.044757, 0.137463, 0.000000
2.127638, 5.044757, 0.137463, 0.000000
2.127638, 5.044757, 0.137463, 0.000000
2.127638, 5.044757, 0.137463, 0.000000
2.127638, 5.044757, 0.137463, 0.000000
2.127638, 5.044757, 0.137463, 0.000000
2.127638, 5.044757, 0.137463, 0.000000
2.127638, 5.044757, 0.137463, 0.000000
2.127638, 5.044757, 0.137463, 0.000000
2.127638, 5.044757, 0.137463, 0.000000
2.127638, 5.044757, 0.137463, 0.000000
2.127638, 5.044757, 0.137463, 0.000000
2.127638, 5.044757, 0.137463, 0.000000
2.127638, 5.044757, 0.137463, 0.000000
2.127638, 5.044757, 0.137463, 0.000000
2.127638, 5.044757, 0.137463, 0.000000
2.127638, 5.044757, 0.137463, 0.000000
2.127638, 5.044757, 0.137463, 0.000000
2.127638, 5.044757, 0.137463, 0.000000
2.127638, 5.044757, 0.137463, 0.000000
2.127638, 5.044757, 0.137463, 0.000000
2.127638, 5.044757, 0.137463, 0.000000
2.127638, 5.044757, 0.137463, 0.000000
2.127638, 5.044757, 0.137463, 0.000000
2.127638, 5.044757, 0.137463, 0.000000
2.127638, 5.044757, 0.137463, 0.000000
2.127638, 5.044757, 0.137463, 0.000000
2.127638, 5.044757, 0.137463, 0.000000
2.127638, 5.044757, 0.137463, 0.000000
2.127638, 5.044757, 0.137463, 0.000000
2.127638, 5.044757, 0.137463, 0.000000
2.127638, 5.044757, 0.137463, 0.000000
2.127638, 5.044757, 0.137463, 0.000000
2.127638, 5.044757, 0.137463, 0.000000
2.127638, 5.044757, 0.137463, 0.000000
2.127638, 5.044757, 0.137463, 0.000000
2.127638, 5.044757, 0.137463, 0.000000
2.127638, 5.044757, 0.137463, 0.000000
2.127638, 5.044757, 0.137463, 0.000000
2.127638, 5.044757, 0.137463, 0.000000
2.127638, 5.044757, 0.137463, 0.000000
2.127638, 5.044757, 0.137463, 0.000000
2.127638, 5.044757, 0.137463, 0.000000
2.127638, 5.044757, 0.137463, 0.000000
2.127638, 5.044757, 0.137463, 0.000000
2.127638, 5.044757, 0.137463, 0.000000
2.127638, 5.044757, 0.137463, 0.000000
2.127638, 5.044757, 0.137463, 0.000000
2.127638, 5.044757, 0.137463, 0.000000
2.127638, 5.044757, 0.137463, 0.000000
2.127638, 5.044757, 0.137463, 0.000000
2.127638, 5.044757, 0.137463, 0.000000
2.127638, 5.044757, 0.137463, 0.000000
2.127638, 5.044757, 0.137463, 0.000000
2.127638, 5.044757, 0.137463, 0.000000
2.127638, 5.044757, 0.137463, 0.000000
2.127638, 5.044757, 0.137463, 0.000000
2.127638, 5.044757, 0.137463, 0.000000
2.127638, 5.044757, 0.137463, 0.000000
2.127638, 5.044757, 0.137463, 0.000000
2.127638, 5.044757, 0.137463, 0.000000
2.127638, 5.044757, 0.137463, 0.000000
2.127638, 5.044757, 0.137463, 0.000000
2.127638, 5.044757, 0.137463, 0.000000
2.127638, 5.044757, 0.137463, 0.000000
2.127638, 5.044757, 0.137463, 0.000000
2.127638, 5.044757, 0.137463, 0.000000
2.127638, 5.044757, 0.137463, 0.000000
2.127638, 5.044757, 0.137463, 0.000000
2.127638, 5.044757, 0.137463, 0.000000
2.127638, 5.044757, 0.137463, 0.000000
2.127638, 5.044757, 0.137463, 0.000000
2.127638, 5.044757, 0.137463, 0.000000
2.127638, 5.044757, 0.137463, 0.000000
2.127638, 5.044757, 0.137463, 0.000000
2.127638, 5.044757, 0.137463, 0.000000
2.127638, 5.044757, 0.137463, 0.000000
2.127638, 5.044757, 0.137463, 0.000000
2.127638, 5.044757, 0.137463, 0.000000
2.127638, 5.044757, 0.137463, 0.000000
2.127638, 5.044757, 0.137463, 0.000000
2.127638, 5.044757, 0.137463, 0.000000
2.127638, 5.044757, 0.137463, 0.000000
2.127638, 5.044757, 0.137463, 0.000000
2.127638, 5.044757, 0.137463, 0.000000
2.127638, 5.044757, 0.137463, 0.000000
2.127638, 5.044757, 0.137463, 0.000000
2.127638, 5.044757, 0.137463, 0.000000
2.127638, 5.044757, 0.137463, 0.000000
2.127638, 5.044757, 0.137463, 0.000000
2.127638, 5.044757, 0.137463, 0.000000
2.127638, 5.044757, 0.137463, 0.000000
2.127638, 5.044757, 0.137463, 0.000000
2.127638, 5.044757, 0.137463, 0.000000
2.127638, 5.044757, 0.137463, 0.000000
2.127638, 5.044757, 0.137463, 0.000000
2.127638, 5.044757, 0.137463, 0.000000
2.127638, 5.044757, 0.137463, 0.000000
2.127638, 5.044757, 0.137463, 0.000000
2.127638, 5.044757, 0.137463, 0.000000
2.127638, 5.044757, 0.137463, 0.000000
2.127638, 5.044757, 0.137463, 0.000000
2.127638, 5.044757, 0.137463, 0.000000
2.127638, 5.044757, 0.137463, 0.000000
2.127638, 5.044757, 0.137463, 0.000000
2.127638, 5.044757, 0.137463, 0.000000
2.127638, 5.044757, 0.137463, 0.000000
2.127638, 5.044757, 0.137463, 0.000000
2.127638, 5.044757, 0.137463, 0.000000
2.127638, 5.044757, 0.137463, 0.000000
2.127638, 5.044757, 0.137463, 0.000000
2.127638, 5.044757, 0.137463, 0.000000
2.127638, 5.044757, 0.137463, 0.000000
2.127638, 5.044757, 0.137463, 0.000000
2.127638, 5.044757, 0.137463, 0.000000
2.127638, 5.044757, 0.137463, 0.000000
2.127638, 5.044757, 0.137463, 0.000000
2.127638, 5.044757, 0.137463, 0.000000
2.127638, 5.044757, 0.137463, 0.000000
2.127638, 5.044757, 0.137463, 0.000000
2.127638, 5.044757, 0.137463, 0.000000
2.127638, 5.044757, 0.137463, 0.000000
2.127638, 5.044757, 0.137463, 0.000000
2.127638, 5.044757, 0.137463, 0.000000
2.127638, 5.044757, 0.137463, 0.000000
2.127638, 5.044757, 0.137463, 0.000000
2.127638, 5.044757, 0.137463, 0.000000
2.127638, 5.044757, 0.137463, 0.000000
2.127638, 5.044757, 0.137463, 0.000000
2.127638, 5.044757, 0.137463, 0.000000
2.127638, 5.044757, 0.137463, 0.000000
2.127638, 5.044757, 0.137463, 0.000000
2.127638, 5.044757, 0.137463, 0.000000
2.127638, 5.044757, 0.137463, 0.000000
2.127638, 5.044757, 0.137463, 0.000000
2.127638, 5.044757, 0.137463, 0.000000
2.127638, 5.044757, 0.137463, 0.000000
2.127638, 5.044757, 0.137463, 0.000000
2.127638, 5.044757, 0.137463, 0.000000
2.127638, 5.044757, 0.137463, 0.000000
2.127638, 5.044757, 0.137463, 0.000000
2.127638, 5.044757, 0.137463, 0.000000
2.127638, 5.044757, 0.137463, 0.000000
2.127638, 5.044757, 0.137463, 0.000000
2.127638, 5.044757, 0.137463, 0.000000
2.127638, 5.044757, 0.137463, 0.000000
2.127638, 5.044757, 0.137463, 0.000000
2.127638, 5.044757, 0.137463, 0.000000
2.127638, 5.044757, 0.137463, 0.000000
2.127638, 5.044757, 0.137463, 0.000000
2.127638, 5.044757, 0.137463, 0.000000
2.127638, 5.044757, 0.137463, 0.000000
2.127638, 5.044757, 0.137463, 0.000000
2.127638, 5.044757, 0.137463, 0.000000
2.127638, 5.044757, 0.137463, 0.000000
2.127638, 5.044757, 0.137463, 0.000000
2.127638, 5.044757, 0.137463, 0.000000
2.127638, 5.044757, 0.137463, 0.000000
2.127638, 5.044757, 0.137463, 0.000000
2.127638, 5.044757, 0.137463, 0.000000
2.127638, 5.044757, 0.137463, 0.000000
2.127638, 5.044757, 0.137463, 0.000000
2.127638, 5.044757, 0.137463, 0.000000
2.127638, 5.044757, 0.137463, 0.000000
2.127638, 5.044757, 0.137463, 0.000000
2.127638, 5.044757, 0.137463, 0.000000
2.127638, 5.044757, 0.137463, 0.000000
2.127638, 5.044757, 0.137463, 0.000000
2.127638, 5.044757, 0.137463, 0.000000
2.127638, 5.044757, 0.137463, 0.000000
2.127638, 5.044757, 0.137463, 0.000000
2.127638, 5.044757, 0.137463, 0.000000
2.127638, 5.044757, 0.137463, 0.000000
2.127638, 5.044757, 0.137463, 0.000000
2.127638, 5.044757, 0.137463, 0.000000
2.127638, 5.044757, 0.137463, 0.000000
2.127638, 5.044757, 0.137463, 0.000000
2.127638, 5.044757, 0.137463, 0.000000
2.127638, 5.044757, 0.137463, 0.000000
2.127638, 5.044757, 0.137463, 0.000000
2.127638, 5.044757, 0.137463, 0.000000
2.127638, 5.044757, 0.137463, 0.000000
2.127638, 5.044757, 0.137463, 0.000000
2.127638, 5.044757, 0.137463, 0.000000
2.127638, 5.044757, 0.137463, 0.000000
2.127638, 5.044757, 0.137463, 0.000000
2.127638, 5.044757, 0.137463, 0.000000
2.127638, 5.044757, 0.137463, 0.000000
2.127638, 5.044757, 0.137463, 0.000000
2.127638, 5.044757, 0.137463, 0.000000
2.127638, 5.044757, 0.137463, 0.000000
2.127638, 5.044757, 0.137463, 0.000000
2.127638, 5.044757, 0.137463, 0.000000
2.127638, 5.044757, 0.137463, 0.000000
2.127638, 5.044757, 0.137463, 0.000000
2.127638, 5.044757, 0.137463, 0.000000
2.127638, 5.044757, 0.137463, 0.000000
2.127638, 5.044757, 0.137463, 0.000000
2.127638, 5.044757, 0.137463, 0.000000
2.127638, 5.044757, 0.137463, 0.000000
2.127638, 5.044757, 0.137463, 0.000000
2.127638, 5.044757, 0.137463, 0.000000
2.127638, 5.044757, 0.137463, 0.000000
2.127638, 5.044757, 0.137463, 0.000000
2.127638, 5.044757, 0.137463, 0.000000
2.127638, 5.044757, 0.137463, 0.000000
2.127638, 5.044757, 0.137463, 0.000000
2.127638, 5.044757, 0.137463, 0.000000
2.127638, 5.044757, 0.137463, 0.000000
2.127638, 5.044757, 0.137463, 0.000000
2.127638, 5.044757, 0.137463, 0.000000
2.127638, 5.044757, 0.137463, 0.000000
2.127638, 5.044757, 0.137463, 0.000000
2.127638, 5.044757, 0.137463, 0.000000
2.127638, 5.044757, 0.137463, 0.000000
2.127638, 5.044757, 0.137463, 0.000000
2.127638, 5.044757, 0.137463, 0.000000
2.127638, 5.044757, 0.137463, 0.000000
2.127638, 5.044757, 0.137463, 0.000000
2.127638, 5.044757, 0.137463, 0.000000
2.127638, 5.044757, 0.137463, 0.000000
2.127638, 5.044757, 0.137463, 0.000000
2.127638, 5.044757, 0.137463, 0.000000
2.127638, 5.044757, 0.137463, 0.000000
2.127638, 5.044757, 0.137463, 0.000000
2.127638, 5.044757, 0.137463, 0.000000
2.127638, 5.044757, 0.137463, 0.000000
2.127638, 5.044757, 0.137463, 0.000000
2.127638, 5.044757, 0.137463, 0.000000
2.127638, 5.044757, 0.137463, 0.000000
2.127638, 5.044757, 0.137463, 0.000000
2.127638, 5.044757, 0.137463, 0.000000
2.127638, 5.044757, 0.137463, 0.000000
2.127638, 5.044757, 0.137463, 0.000000
2.127638, 5.044757, 0.137463, 0.000000
2.127638, 5.044757, 0.137463, 0.000000
2.127638, 5.044757, 0.137463, 0.000000
2.127638, 5.044757, 0.137463, 0.000000
2.127638, 5.044757, 0.137463, 0.000000
2.127638, 5.044757, 0.137463, 0.000000
2.127638, 5.044757, 0.137463, 0.000000
2.127638, 5.044757, 0.137463, 0.000000
2.127638, 5.044757, 0.137463, 0.000000
2.127638, 5.044757, 0.137463, 0.000000
2.127638, 5.044757, 0.137463, 0.000000
2.127638, 5.044757, 0.137463, 0.000000
2.127638, 5.044757, 0.137463, 0.000000
2.127638, 5.044757, 0.137463, 0.000000
2.127638, 5.044757, 0.137463, 0.000000
2.127638, 5.044757, 0.137463, 0.000000
2.127638, 5.044757, 0.137463, 0.000000
2.127638, 5.044757, 0.137463, 0.000000
2.127638, 5.044757, 0.137463, 0.000000
2.127638, 5.044757, 0.137463, 0.000000
2.127638, 5.044757, 0.137463, 0.000000
2.127638, 5.044757, 0.137463, 0.000000
2.127638, 5.044757, 0.137463, 0.000000
2.127638, 5.044757, 0.137463, 0.000000
2.127638, 5.044757, 0.137463, 0.000000
2.127638, 5.044757, 0.137463, 0.000000
2.127638, 5.044757, 0.137463, 0.000000
2.127638, 5.044757, 0.137463, 0.000000
2.127638, 5.044757, 0.137463, 0.000000
2.127638, 5.044757, 0.137463, 0.000000
2.127638, 5.044757, 0.137463, 0.000000
2.127638, 5.044757, 0.137463, 0.000000
2.127638, 5.044757, 0.137463, 0.000000
2.127638, 5.044757, 0.137463, 0.000000
2.127638, 5.044757, 0.137463, 0.000000
2.127638, 5.044757, 0.137463, 0.000000
2.127638, 5.044757, 0.137463, 0.000000
2.127638, 5.044757, 0.137463, 0.000000
2.127638, 5.044757, 0.137463, 0.000000
2.127638, 5.044757, 0.137463, 0.000000
2.127638, 5.044757, 0.137463, 0.000000
2.127638, 5.044757, 0.137463, 0.000000
2.127638, 5.044757, 0.137463, 0.000000
2.127638, 5.044757, 0.137463, 0.000000
2.127638, 5.044757, 0.137463, 0.000000
2.127638, 5.044757, 0.137463, 0.000000
2.127638, 5.044757, 0.137463, 0.000000
2.127638, 5.044757, 0.137463, 0.000000
2.127638, 5.044757, 0.137463, 0.000000
2.127638, 5.044757, 0.137463, 0.000000
2.127638, 5.044757, 0.137463, 0.000000
2.127638, 5.044757, 0.137463, 0.000000
2.127638, 5.044757, 0.137463, 0.000000
2.127638, 5.044757, 0.137463, 0.000000
2.127638, 5.044757, 0.137463, 0.000000
2.127638, 5.044757, 0.137463, 0.000000
2.127638, 5.044757, 0.137463, 0.000000
2.127638, 5.044757, 0.137463, 0.000000
2.127638, 5.044757, 0.137463, 0.000000
2.127638, 5.044757, 0.137463, 0.000000
2.127638, 5.044757, 0.137463, 0.000000
2.127638, 5.044757, 0.137463, 0.000000
2.127638, 5.044757, 0.137463, 0.000000
2.127638, 5.044757, 0.137463, 0.000000
2.127638, 5.044757, 0.137463, 0.000000
2.127638, 5.044757, 0.137463, 0.000000
2.127638, 5.044757, 0.137463, 0.000000
2.127638, 5.044757, 0.137463, 0.000000
2.127638, 5.044757, 0.137463, 0.000000
2.127638, 5.044757, 0.137463, 0.000000
2.127638, 5.044757, 0.137463, 0.000000
2.127638, 5.044757, 0.137463, 0.000000
2.127638, 5.044757, 0.137463, 0.000000
2.127638, 5.044757, 0.137463, 0.000000
2.127638, 5.044757, 0.137463, 0.000000
2.127638, 5.044757, 0.137463, 0.000000
2.127638, 5.044757, 0.137463, 0.000000
2.127638, 5.044757, 0.137463, 0.000000
2.127638, 5.044757, 0.137463, 0.000000
2.127638, 5.044757, 0.137463, 0.000000
2.127638, 5.044757, 0.137463, 0.000000
2.127638, 5.044757, 0.137463, 0.000000
2.127638, 5.044757, 0.137463, 0.000000
2.127638, 5.044757, 0.137463, 0.000000
2.127638, 5.044757, 0.137463, 0.000000
2.127638, 5.044757, 0.137463, 0.000000
2.127638, 5.044757, 0.137463, 0.000000
2.127638, 5.044757, 0.137463, 0.000000
2.127638, 5.044757, 0.137463, 0.000000
2.127638, 5.044757, 0.137463, 0.000000
2.127638, 5.044757, 0.137463, 0.000000
2.127638, 5.044757, 0.137463, 0.000000
2.127638, 5.044757, 0.137463, 0.000000
2.127638, 5.044757, 0.137463, 0.000000
2.127638, 5.044757, 0.137463, 0.000000
2.127638, 5.044757, 0.137463, 0.000000
2.127638, 5.044757, 0.137463, 0.000000
2.127638, 5.044757, 0.137463, 0.000000
2.127638, 5.044757, 0.137463, 0.000000
2.127638, 5.044757, 0.137463, 0.000000
2.127638, 5.044757, 0.137463, 0.000000
2.127638, 5.044757, 0.137463, 0.000000
2.127638, 5.044757, 0.137463, 0.000000
2.127638, 5.044757, 0.137463, 0.000000
2.127638, 5.044757, 0.137463, 0.000000
2.127638, 5.044757, 0.137463, 0.000000
2.127638, 5.044757, 0.137463, 0.000000
2.127638, 5.044757, 0.137463, 0.000000
2.127638, 5.044757, 0.137463, 0.000000
2.127638, 5.044757, 0.137463, 0.000000
2.127638, 5.044757, 0.137463, 0.000000
2.127638, 5.044757, 0.137463, 0.000000
2.127638, 5.044757, 0.137463, 0.000000
2.127638, 5.044757, 0.137463, 0.000000
2.127638, 5.044757, 0.137463, 0.000000
2.127638, 5.044757, 0.137463, 0.000000
2.127638, 5.044757, 0.137463, 0.000000
2.127638, 5.044757, 0.137463, 0.000000
2.127638, 5.044757, 0.137463, 0.000000
2.127638, 5.044757, 0.137463, 0.000000
2.127638, 5.044757, 0.137463, 0.000000
2.127638, 5.044757, 0.137463, 0.000000
2.127638, 5.044757, 0.137463, 0.000000
2.127638, 5.044757, 0.137463, 0.000000
2.127638, 5.044757, 0.137463, 0.000000
2.127638, 5.044757, 0.137463, 0.000000
2.127638, 5.044757, 0.137463, 0.000000
2.127638, 5.044757, 0.137463, 0.000000
2.127638, 5.044757, 0.137463, 0.000000
2.127638, 5.044757, 0.137463, 0.000000
2.127638, 5.044757, 0.137463, 0.000000
2.127638, 5.044757, 0.137463, 0.000000
2.127638, 5.044757, 0.137463, 0.000000
2.127638, 5.044757, 0.137463, 0.000000
2.127638, 5.044757, 0.137463, 0.000000
2.127638, 5.044757, 0.137463, 0.000000
2.127638, 5.044757, 0.137463, 0.000000
2.127638, 5.044757, 0.137463, 0.000000
2.127638, 5.044757, 0.137463, 0.000000
2.127638, 5.044757, 0.137463, 0.000000
2.127638, 5.044757, 0.137463, 0.000000
2.127638, 5.044757, 0.137463, 0.000000
2.127638, 5.044757, 0.137463, 0.000000
2.127638, 5.044757, 0.137463, 0.000000
2.127638, 5.044757, 0.137463, 0.000000
2.127638, 5.044757, 0.137463, 0.000000
2.127638, 5.044757, 0.137463, 0.000000
2.127638, 5.044757, 0.137463, 0.000000
2.127638, 5.044757, 0.137463, 0.000000
2.127638, 5.044757, 0.137463, 0.000000
2.127638, 5.044757, 0.137463, 0.000000
2.127638, 5.044757, 0.137463, 0.000000
2.127638, 5.044757, 0.137463, 0.000000
2.127638, 5.044757, 0.137463, 0.000000
2.127638, 5.044757, 0.137463, 0.000000
2.127638, 5.044757, 0.137463, 0.000000
2.127638, 5.044757, 0.137463, 0.000000
2.127638, 5.044757, 0.137463, 0.000000
2.127638, 5.044757, 0.137463, 0.000000
2.127638, 5.044757, 0.137463, 0.000000
2.127638, 5.044757, 0.137463, 0.000000
2.127638, 5.044757, 0.137463, 0.000000
2.127638, 5.044757, 0.137463, 0.000000
2.127638, 5.044757, 0.137463, 0.000000
2.127638, 5.044757, 0.137463, 0.000000
2.127638, 5.044757, 0.137463, 0.000000
2.127638, 5.044757, 0.137463, 0.000000
2.127638, 5.044757, 0.137463, 0.000000
2.127638, 5.044757, 0.137463, 0.000000
2.127638, 5.044757, 0.137463, 0.000000
2.127638, 5.044757, 0.137463, 0.000000
2.127638, 5.044757, 0.137463, 0.000000
2.127638, 5.044757, 0.137463, 0.000000
2.127638, 5.044757, 0.137463, 0.000000
2.127638, 5.044757, 0.137463, 0.000000
2.127638, 5.044757, 0.137463, 0.000000
2.127638, 5.044757, 0.137463, 0.000000
2.127638, 5.044757, 0.137463, 0.000000
2.127638, 5.044757, 0.137463, 0.000000
2.127638, 5.044757, 0.137463, 0.000000
2.127638, 5.044757, 0.137463, 0.000000
2.127638, 5.044757, 0.137463, 0.000000
2.127638, 5.044757, 0.137463, 0.000000
2.127638, 5.044757, 0.137463, 0.000000
2.127638, 5.044757, 0.137463, 0.000000
2.127638, 5.044757, 0.137463, 0.000000
2.127638, 5.044757, 0.137463, 0.000000
2.127638, 5.044757, 0.137463, 0.000000
2.127638, 5.044757, 0.137463, 0.000000
2.127638, 5.044757, 0.137463, 0.000000
2.127638, 5.044757, 0.137463, 0.000000
2.127638, 5.044757, 0.137463, 0.000000
2.127638, 5.044757, 0.137463, 0.000000
2.127638, 5.044757, 0.137463, 0.000000
2.127638, 5.044757, 0.137463, 0.000000
2.127638, 5.044757, 0.137463, 0.000000
2.127661, 5.044760, 0.137463, 0.004755
2.127661, 5.044760, 0.137463, 0.004755
2.127661, 5.044760, 0.137463, 0.004755
2.127825, 5.044783, 0.137463, 0.028304
2.127825, 5.044783, 0.137463, 0.028304
2.128217, 5.044837, 0.137463, 0.050733
2.128217, 5.044837, 0.137463, 0.050733
2.128217, 5.044837, 0.137463, 0.050733
2.128825, 5.044921, 0.137463, 0.072096
2.128825, 5.044921, 0.137463, 0.072096
2.129640, 5.045034, 0.137463, 0.092443
2.129640, 5.045034, 0.137463, 0.092443
2.129640, 5.045034, 0.137463, 0.092443
2.130652, 5.045174, 0.137463, 0.111822
2.130652, 5.045174, 0.137463, 0.111822
2.131851, 5.045340, 0.137463, 0.130280
2.131851, 5.045340, 0.137463, 0.130280
2.131851, 5.045340, 0.137463, 0.130280
2.133228, 5.045530, 0.137463, 0.147860
2.133228, 5.045530, 0.137463, 0.147860
2.134776, 5.045744, 0.137463, 0.164604
2.134776, 5.045744, 0.137463, 0.164604
2.136485, 5.045981, 0.137463, 0.180552
2.136485, 5.045981, 0.137463, 0.180552
2.138349, 5.046239, 0.137463, 0.195742
2.138349, 5.046239, 0.137463, 0.195742
2.138349, 5.046239, 0.137463, 0.195742
2.140360, 5.046517, 0.137463, 0.210209
2.140360, 5.046517, 0.137463, 0.210209
2.142510, 5.046814, 0.137463, 0.223989
2.142510, 5.046814, 0.137463, 0.223989
2.142510, 5.046814, 0.137463, 0.223989
2.144794, 5.047130, 0.137463, 0.237113
2.144794, 5.047130, 0.137463, 0.237113
2.147205, 5.047464, 0.137463, 0.249614
2.147205, 5.047464, 0.137463, 0.249614
2.147205, 5.047464, 0.137463, 0.249614
2.149736, 5.047814, 0.137463, 0.261519
2.149736, 5.047814, 0.137463, 0.261519
2.152383, 5.048180, 0.137463, 0.272859
2.152383, 5.048180, 0.137463, 0.272859
2.155139, 5.048561, 0.137463, 0.283660
2.155139, 5.048561, 0.137463, 0.283660
2.158000, 5.048957, 0.137463, 0.293947
2.158000, 5.048957, 0.137463, 0.293947
2.160960, 5.049367, 0.137463, 0.303745
2.160960, 5.049367, 0.137463, 0.303745
2.164015, 5.049789, 0.137463, 0.313077
2.164015, 5.049789, 0.137463, 0.313077
2.164015, 5.049789, 0.137463, 0.313077
2.167161, 5.050224, 0.137463, 0.321965
2.167161, 5.050224, 0.137463, 0.321965
2.170392, 5.050671, 0.137463, 0.330430
2.170392, 5.050671, 0.137463, 0.330430
2.170392, 5.050671, 0.137463, 0.330430
2.173705, 5.051130, 0.137463, 0.338493
2.173705, 5.051130, 0.137463, 0.338493
2.177096, 5.051599, 0.137463, 0.346173
2.177096, 5.051599, 0.137463, 0.346173
2.177096, 5.051599, 0.137463, 0.346173
2.180561, 5.052078, 0.137463, 0.353487
2.180561, 5.052078, 0.137463, 0.353487
2.184097, 5.052567, 0.137463, 0.360454
2.184097, 5.052567, 0.137463, 0.360454
2.187701, 5.053066, 0.137463, 0.367090
2.187701, 5.053066, 0.137463, 0.367090
2.191368, 5.053573, 0.137463, 0.373409
2.191368, 5.053573, 0.137463, 0.373409
2.191368, 5.053573, 0.137463, 0.373409
2.195097, 5.054089, 0.137463, 0.379429
2.195097, 5.054089, 0.137463, 0.379429
2.198884, 5.054613, 0.137463, 0.385162
2.198884, 5.054613, 0.137463, 0.385162
2.198884, 5.054613, 0.137463, 0.385162
2.202726, 5.055144, 0.137463, 0.390623
2.202726, 5.055144, 0.137463, 0.390623
2.206621, 5.055683, 0.137463, 0.395823
2.206621, 5.055683, 0.137463, 0.395823
2.206621, 5.055683, 0.137463, 0.395823
2.210567, 5.056229, 0.137463, 0.400777
2.210567, 5.056229, 0.137463, 0.400777
2.214560, 5.056781, 0.137463, 0.405495
2.214560, 5.056781, 0.137463, 0.405495
2.218599, 5.057340, 0.137463, 0.409989
2.218599, 5.057340, 0.137463, 0.409989
2.222681, 5.057905, 0.137463, 0.414269
2.222681, 5.057905, 0.137463, 0.414269
2.222681, 5.057905, 0.137463, 0.414269
2.226805, 5.058475, 0.137463, 0.418345
2.226805, 5.058475, 0.137463, 0.418345
2.230968, 5.059051, 0.137463, 0.422228
2.230968, 5.059051, 0.137463, 0.422228
2.230968, 5.059051, 0.137463, 0.422228
2.235169, 5.059632, 0.137463, 0.425926
2.235169, 5.059632, 0.137463, 0.425926
2.239406, 5.060218, 0.137463, 0.429448
2.239406, 5.060218, 0.137463, 0.429448
2.239406, 5.060218, 0.137463, 0.429448
2.243676, 5.060809, 0.137463, 0.432803
2.243676, 5.060809, 0.137463, 0.432803
2.247979, 5.061404, 0.137463, 0.435998
2.247979, 5.061404, 0.137463, 0.435998
2.252313, 5.062004, 0.137463, 0.439042
2.252313, 5.062004, 0.137463, 0.439042
2.256677, 5.062608, 0.137463, 0.441940
2.256677, 5.062608, 0.137463, 0.441940
2.261068, 5.063215, 0.137463, 0.444701
2.261068, 5.063215, 0.137463, 0.444701
2.265486, 5.063826, 0.137463, 0.447330
2.265486, 5.063826, 0.137463, 0.447330
2.265486, 5.063826, 0.137463, 0.447330
2.269930, 5.064441, 0.137463, 0.449835
2.269930, 5.064441, 0.137463, 0.449835
2.274397, 5.065059, 0.137463, 0.452220
2.274397, 5.065059, 0.137463, 0.452220
2.274397, 5.065059, 0.137463, 0.452220
2.278888, 5.065680, 0.137463, 0.454492
2.278888, 5.065680, 0.137463, 0.454492
2.283401, 5.066304, 0.137463, 0.456656
2.283401, 5.066304, 0.137463, 0.456656
2.283401, 5.066304, 0.137463, 0.456656
2.287934, 5.066932, 0.137463, 0.458717
2.287934, 5.066932, 0.137463, 0.458717
2.292488, 5.067562, 0.137463, 0.460680
2.292488, 5.067562, 0.137463, 0.460680
2.292488, 5.067562, 0.137463, 0.460680
2.297061, 5.068194, 0.137463, 0.462550
2.297061, 5.068194, 0.137463, 0.462550
2.301651, 5.068829, 0.137463, 0.464330
2.301651, 5.068829, 0.137463, 0.464330
2.301651, 5.068829, 0.137463, 0.464330
2.306259, 5.069467, 0.137463, 0.466026
2.306259, 5.069467, 0.137463, 0.466026
2.310884, 5.070106, 0.137463, 0.467642
2.310884, 5.070106, 0.137463, 0.467642
2.310884, 5.070106, 0.137463, 0.467642
2.315524, 5.070748, 0.137463, 0.469181
2.320178, 5.071392, 0.137463, 0.470646
2.320178, 5.071392, 0.137463, 0.470646
2.320178, 5.071392, 0.137463, 0.470646
2.324847, 5.072038, 0.137463, 0.472042
2.324847, 5.072038, 0.137463, 0.472042
2.329530, 5.072686, 0.137463, 0.473371
2.329530, 5.072686, 0.137463, 0.473371
2.329530, 5.072686, 0.137463, 0.473371
2.334225, 5.073335, 0.137463, 0.474637
2.334225, 5.073335, 0.137463, 0.474637
2.338933, 5.073987, 0.137463, 0.475843
2.338933, 5.073987, 0.137463, 0.475843
2.338933, 5.073987, 0.137463, 0.475843
2.343652, 5.074639, 0.137463, 0.476992
2.343652, 5.074639, 0.137463, 0.476992
2.348382, 5.075294, 0.137463, 0.478086
2.348382, 5.075294, 0.137463, 0.478086
2.348382, 5.075294, 0.137463, 0.478086
2.353123, 5.075950, 0.137463, 0.479128
2.353123, 5.075950, 0.137463, 0.479128
2.357874, 5.076607, 0.137463, 0.480121
2.357874, 5.076607, 0.137463, 0.480121
2.357874, 5.076607, 0.137463, 0.480121
2.362635, 5.077265, 0.137463, 0.481066
2.362635, 5.077265, 0.137463, 0.481066
2.367405, 5.077925, 0.137463, 0.481966
2.367405, 5.077925, 0.137463, 0.481966
2.367405, 5.077925, 0.137463, 0.481966
2.372183, 5.078586, 0.137463, 0.482824
2.372183, 5.078586, 0.137463, 0.482824
2.376970, 5.079248, 0.137463, 0.483640
2.376970, 5.079248, 0.137463, 0.483640
2.381764, 5.079912, 0.137463, 0.484418
2.381764, 5.079912, 0.137463, 0.484418
2.386566, 5.080576, 0.137463, 0.485159
2.386566, 5.080576, 0.137463, 0.485159
2.386566, 5.080576, 0.137463, 0.485159
2.391376, 5.081241, 0.137463, 0.485865
2.391376, 5.081241, 0.137463, 0.485865
2.396192, 5.081908, 0.137463, 0.486537
2.396192, 5.081908, 0.137463, 0.486537
2.396192, 5.081908, 0.137463, 0.486537
2.401015, 5.082575, 0.137463, 0.487177
2.401015, 5.082575, 0.137463, 0.487177
2.405843, 5.083243, 0.137463, 0.487787
2.405843, 5.083243, 0.137463, 0.487787
2.405843, 5.083243, 0.137463, 0.487787
2.410678, 5.083911, 0.137463, 0.488368
2.410678, 5.083911, 0.137463, 0.488368
2.415519, 5.084581, 0.137463, 0.488921
2.415519, 5.084581, 0.137463, 0.488921
2.415519, 5.084581, 0.137463, 0.488921
2.420364, 5.085251, 0.137463, 0.489448
2.420364, 5.085251, 0.137463, 0.489448
2.425215, 5.085922, 0.137463, 0.489949
2.425215, 5.085922, 0.137463, 0.489949
2.425215, 5.085922, 0.137463, 0.489949
2.430071, 5.086594, 0.137463, 0.490427
2.430071, 5.086594, 0.137463, 0.490427
2.434931, 5.087266, 0.137463, 0.490882
2.434931, 5.087266, 0.137463, 0.490882
2.434931, 5.087266, 0.137463, 0.490882
2.439796, 5.087939, 0.137463, 0.491316
2.439796, 5.087939, 0.137463, 0.491316
2.444664, 5.088613, 0.137463, 0.491729
2.444664, 5.088613, 0.137463, 0.491729
2.444664, 5.088613, 0.137463, 0.491729
2.449537, 5.089287, 0.137463, 0.492122
2.449537, 5.089287, 0.137463, 0.492122
2.454414, 5.089962, 0.137463, 0.492497
2.454414, 5.089962, 0.137463, 0.492497
2.454414, 5.089962, 0.137463, 0.492497
2.459294, 5.090637, 0.137463, 0.492854
2.459294, 5.090637, 0.137463, 0.492854
2.464178, 5.091312, 0.137463, 0.493193
2.464178, 5.091312, 0.137463, 0.493193
2.464178, 5.091312, 0.137463, 0.493193
2.469065, 5.091988, 0.137463, 0.493517
2.469065, 5.091988, 0.137463, 0.493517
2.473955, 5.092665, 0.137463, 0.493825
2.473955, 5.092665, 0.137463, 0.493825
2.478848, 5.093342, 0.137463, 0.494119
2.478848, 5.093342, 0.137463, 0.494119
2.483744, 5.094019, 0.137463, 0.494399
2.483744, 5.094019, 0.137463, 0.494399
2.483744, 5.094019, 0.137463, 0.494399
2.488643, 5.094697, 0.137463, 0.494665
2.488643, 5.094697, 0.137463, 0.494665
2.493544, 5.095375, 0.137463, 0.494919
2.493544, 5.095375, 0.137463, 0.494919
2.493544, 5.095375, 0.137463, 0.494919
2.498448, 5.096053, 0.137463, 0.495160
2.503354, 5.096732, 0.137463, 0.495390
2.503354, 5.096732, 0.137463, 0.495390
2.503354, 5.096732, 0.137463, 0.495390
2.508262, 5.097411, 0.137463, 0.495610
2.508262, 5.097411, 0.137463, 0.495610
2.513172, 5.098090, 0.137463, 0.495818
2.513172, 5.098090, 0.137463, 0.495818
2.513172, 5.098090, 0.137463, 0.495818
2.518085, 5.098770, 0.137463, 0.496017
2.518085, 5.098770, 0.137463, 0.496017
2.522999, 5.099449, 0.137463, 0.496207
2.522999, 5.099449, 0.137463, 0.496207
2.522999, 5.099449, 0.137463, 0.496207
2.527915, 5.100130, 0.137463, 0.496387
2.527915, 5.100130, 0.137463, 0.496387
2.532833, 5.100810, 0.137463, 0.496559
2.532833, 5.100810, 0.137463, 0.496559
2.532833, 5.100810, 0.137463, 0.496559
2.537753, 5.101490, 0.137463, 0.496722
2.537753, 5.101490, 0.137463, 0.496722
2.542674, 5.102171, 0.137463, 0.496878
2.542674, 5.102171, 0.137463, 0.496878
2.542674, 5.102171, 0.137463, 0.496878
2.547597, 5.102852, 0.137463, 0.497027
2.547597, 5.102852, 0.137463, 0.497027
2.552521, 5.103533, 0.137463, 0.497168
2.552521, 5.103533, 0.137463, 0.497168
2.552521, 5.103533, 0.137463, 0.497168
2.557446, 5.104215, 0.137463, 0.497303
2.557446, 5.104215, 0.137463, 0.497303
2.562373, 5.104896, 0.137463, 0.497431
2.562373, 5.104896, 0.137463, 0.497431
2.562373, 5.104896, 0.137463, 0.497431
2.567301, 5.105578, 0.137463, 0.497553
2.567301, 5.105578, 0.137463, 0.497553
2.572230, 5.106260, 0.137463, 0.497669
2.572230, 5.106260, 0.137463, 0.497669
2.572230, 5.106260, 0.137463, 0.497669
2.577160, 5.106942, 0.137463, 0.497780
2.577160, 5.106942, 0.137463, 0.497780
2.582092, 5.107624, 0.137463, 0.497886
2.582092, 5.107624, 0.137463, 0.497886
2.582092, 5.107624, 0.137463, 0.497886
2.587024, 5.108306, 0.137463, 0.497986
2.587024, 5.108306, 0.137463, 0.497986
2.591957, 5.108989, 0.137463, 0.498082
2.591957, 5.108989, 0.137463, 0.498082
2.591957, 5.108989, 0.137463, 0.498082
2.596892, 5.109671, 0.137463, 0.498173
2.596892, 5.109671, 0.137463, 0.498173
2.601827, 5.110354, 0.137463, 0.498260
2.601827, 5.110354, 0.137463, 0.498260
2.601827, 5.110354, 0.137463, 0.498260
2.606763, 5.111037, 0.137463, 0.498343
2.606763, 5.111037, 0.137463, 0.498343
2.611700, 5.111720, 0.137463, 0.498422
2.611700, 5.111720, 0.137463, 0.498422
2.616637, 5.112403, 0.137463, 0.498497
2.616637, 5.112403, 0.137463, 0.498497
2.621576, 5.113086, 0.137463, 0.498568
2.621576, 5.113086, 0.137463, 0.498568
2.621576, 5.113086, 0.137463, 0.498568
2.626515, 5.113769, 0.137463, 0.498636
2.626515, 5.113769, 0.137463, 0.498636
2.631454, 5.114453, 0.137463, 0.498701
2.631454, 5.114453, 0.137463, 0.498701
2.631454, 5.114453, 0.137463, 0.498701
2.636394, 5.115136, 0.137463, 0.498763
2.636394, 5.115136, 0.137463, 0.498763
2.641335, 5.115820, 0.137463, 0.498822
2.641335, 5.115820, 0.137463, 0.498822
2.641335, 5.115820, 0.137463, 0.498822
2.646277, 5.116503, 0.137463, 0.498878
2.646277, 5.116503, 0.137463, 0.498878
2.651219, 5.117187, 0.137463, 0.498931
2.651219, 5.117187, 0.137463, 0.498931
2.651219, 5.117187, 0.137463, 0.498931
2.656161, 5.117871, 0.137463, 0.498982
2.661104, 5.118554, 0.137463, 0.499030
2.661104, 5.118554, 0.137463, 0.499030
2.661104, 5.118554, 0.137463, 0.499030
2.666048, 5.119238, 0.137463, 0.499076
2.666048, 5.119238, 0.137463, 0.499076
2.670992, 5.119922, 0.137463, 0.499120
2.670992, 5.119922, 0.137463, 0.499120
2.670992, 5.119922, 0.137463, 0.499120
2.675936, 5.120606, 0.137463, 0.499162
2.675936, 5.120606, 0.137463, 0.499162
2.680881, 5.121290, 0.137463, 0.499202
2.680881, 5.121290, 0.137463, 0.499202
2.680881, 5.121290, 0.137463, 0.499202
2.685826, 5.121974, 0.137463, 0.499240
2.685826, 5.121974, 0.137463, 0.499240
2.690771, 5.122658, 0.137463, 0.499276
2.690771, 5.122658, 0.137463, 0.499276
2.695717, 5.123343, 0.137463, 0.499311
2.695717, 5.123343, 0.137463, 0.499311
2.695717, 5.123343, 0.137463, 0.499311
2.700663, 5.124027, 0.137463, 0.499343
2.700663, 5.124027, 0.137463, 0.499343
2.705610, 5.124711, 0.137463, 0.499375
2.705610, 5.124711, 0.137463, 0.499375
2.710557, 5.125395, 0.137463, 0.499404
2.710557, 5.125395, 0.137463, 0.499404
2.710557, 5.125395, 0.137463, 0.499404
2.715504, 5.126080, 0.137463, 0.499433
2.715504, 5.126080, 0.137463, 0.499433
2.720451, 5.126764, 0.137463, 0.499460
2.720451, 5.126764, 0.137463, 0.499460
2.725399, 5.127449, 0.137463, 0.499485
2.725399, 5.127449, 0.137463, 0.499485
2.730346, 5.128133, 0.137463, 0.499510
2.730346, 5.128133, 0.137463, 0.499510
2.730346, 5.128133, 0.137463, 0.499510
2.735295, 5.128818, 0.137463, 0.499533
2.735295, 5.128818, 0.137463, 0.499533
2.740243, 5.129502, 0.137463, 0.499555
2.740243, 5.129502, 0.137463, 0.499555
2.740243, 5.129502, 0.137463, 0.499555
2.745191, 5.130187, 0.137463, 0.499576
2.745191, 5.130187, 0.137463, 0.499576
2.750140, 5.130871, 0.137463, 0.499597
2.750140, 5.130871, 0.137463, 0.499597
2.750140, 5.130871, 0.137463, 0.499597
2.755089, 5.131556, 0.137463, 0.499616
2.755089, 5.131556, 0.137463, 0.499616
2.760038, 5.132240, 0.137463, 0.499634
2.760038, 5.132240, 0.137463, 0.499634
2.760038, 5.132240, 0.137463, 0.499634
2.764987, 5.132925, 0.137463, 0.499651
2.764987, 5.132925, 0.137463, 0.499651
2.769937, 5.133610, 0.137463, 0.499668
2.769937, 5.133610, 0.137463, 0.499668
2.774887, 5.134294, 0.137463, 0.499684
2.774887, 5.134294, 0.137463, 0.499684
2.779836, 5.134979, 0.137463, 0.499699
2.779836, 5.134979, 0.137463, 0.499699
2.779836, 5.134979, 0.137463, 0.499699
2.784786, 5.135664, 0.137463, 0.499713
2.784786, 5.135664, 0.137463, 0.499713
2.789736, 5.136349, 0.137463, 0.499727
2.789736, 5.136349, 0.137463, 0.499727
2.789736, 5.136349, 0.137463, 0.499727
2.794686, 5.137034, 0.137463, 0.499740
2.794686, 5.137034, 0.137463, 0.499740
2.799637, 5.137718, 0.137463, 0.499752
2.799637, 5.137718, 0.137463, 0.499752
2.799637, 5.137718, 0.137463, 0.499752
2.804587, 5.138403, 0.137463, 0.499764
2.809538, 5.139088, 0.137463, 0.499775
2.809538, 5.139088, 0.137463, 0.499775
2.809538, 5.139088, 0.137463, 0.499775
2.814488, 5.139773, 0.137463, 0.499786
2.814488, 5.139773, 0.137463, 0.499786
2.819439, 5.140458, 0.137463, 0.499796
2.819439, 5.140458, 0.137463, 0.499796
2.819439, 5.140458, 0.137463, 0.499796
2.824390, 5.141143, 0.137463, 0.499806
2.824390, 5.141143, 0.137463, 0.499806
2.829341, 5.141827, 0.137463, 0.499815
2.829341, 5.141827, 0.137463, 0.499815
2.829341, 5.141827, 0.137463, 0.499815
2.834292, 5.142512, 0.137463, 0.499824
2.834292, 5.142512, 0.137463, 0.499824
2.839243, 5.143197, 0.137463, 0.499832
2.839243, 5.143197, 0.137463, 0.499832
2.839243, 5.143197, 0.137463, 0.499832
2.844194, 5.143882, 0.137463, 0.499840
2.844194, 5.143882, 0.137463, 0.499840
2.849146, 5.144567, 0.137463, 0.499848
2.849146, 5.144567, 0.137463, 0.499848
2.849146, 5.144567, 0.137463, 0.499848
2.854097, 5.145252, 0.137463, 0.499855
2.854097, 5.145252, 0.137463, 0.499855
2.859048, 5.145937, 0.137463, 0.499862
2.859048, 5.145937, 0.137463, 0.499862
2.859048, 5.145937, 0.137463, 0.499862
2.864000, 5.146622, 0.137463, 0.499868
2.864000, 5.146622, 0.137463, 0.499868
2.868952, 5.147307, 0.137463, 0.499875
2.868952, 5.147307, 0.137463, 0.499875
2.868952, 5.147307, 0.137463, 0.499875
2.873903, 5.147992, 0.137463, 0.499881
2.873903, 5.147992, 0.137463, 0.499881
2.878855, 5.148677, 0.137463, 0.499886
2.878855, 5.148677, 0.137463, 0.499886
2.883807, 5.149362, 0.137463, 0.499892
2.883807, 5.149362, 0.137463, 0.499892
2.888758, 5.150047, 0.137463, 0.499897
2.888758, 5.150047, 0.137463, 0.499897
2.888758, 5.150047, 0.137463, 0.499897
2.893710, 5.150732, 0.137463, 0.499902
2.893710, 5.150732, 0.137463, 0.499902
2.898662, 5.151417, 0.137463, 0.499906
2.898662, 5.151417, 0.137463, 0.499906
2.898662, 5.151417, 0.137463, 0.499906
2.903614, 5.152102, 0.137463, 0.499911
2.903614, 5.152102, 0.137463, 0.499911
2.908566, 5.152787, 0.137463, 0.499915
2.908566, 5.152787, 0.137463, 0.499915
2.908566, 5.152787, 0.137463, 0.499915
2.913518, 5.153472, 0.137463, 0.499919
2.913518, 5.153472, 0.137463, 0.499919
2.918470, 5.154157, 0.137463, 0.499923
2.918470, 5.154157, 0.137463, 0.499923
2.918470, 5.154157, 0.137463, 0.499923
2.923422, 5.154842, 0.137463, 0.499927
2.923422, 5.154842, 0.137463, 0.499927
2.928374, 5.155527, 0.137463, 0.499930
2.928374, 5.155527, 0.137463, 0.499930
2.928374, 5.155527, 0.137463, 0.499930
2.933326, 5.156212, 0.137463, 0.499933
2.933326, 5.156212, 0.137463, 0.499933
2.938279, 5.156897, 0.137463, 0.499937
2.938279, 5.156897, 0.137463, 0.499937
2.938279, 5.156897, 0.137463, 0.499937
2.943231, 5.157583, 0.137463, 0.499940
2.943231, 5.157583, 0.137463, 0.499940
2.948183, 5.158268, 0.137463, 0.499943
2.948183, 5.158268, 0.137463, 0.499943
2.948183, 5.158268, 0.137463, 0.499943
2.953135, 5.158953, 0.137463, 0.499945
2.953135, 5.158953, 0.137463, 0.499945
2.958088, 5.159638, 0.137463, 0.499948
2.958088, 5.159638, 0.137463, 0.499948
2.958088, 5.159638, 0.137463, 0.499948
2.963040, 5.160323, 0.137463, 0.499950
2.963040, 5.160323, 0.137463, 0.499950
2.967992, 5.161008, 0.137463, 0.499953
2.967992, 5.161008, 0.137463, 0.499953
2.967992, 5.161008, 0.137463, 0.499953
2.972945, 5.161693, 0.137463, 0.499955
2.972945, 5.161693, 0.137463, 0.499955
2.977897, 5.162378, 0.137463, 0.499957
2.977897, 5.162378, 0.137463, 0.499957
2.977897, 5.162378, 0.137463, 0.499957
2.982850, 5.163063, 0.137463, 0.499959
2.982850, 5.163063, 0.137463, 0.499959
2.987802, 5.163748, 0.137463, 0.499961
2.987802, 5.163748, 0.137463, 0.499961
2.987802, 5.163748, 0.137463, 0.499961
2.992754, 5.164433, 0.137463, 0.499963
2.992754, 5.164433, 0.137463, 0.499963
2.997707, 5.165119, 0.137463, 0.499965
2.997707, 5.165119, 0.137463, 0.499965
2.997707, 5.165119, 0.137463, 0.499965
3.002659, 5.165804, 0.137463, 0.499966
3.002659, 5.165804, 0.137463, 0.499966
3.007612, 5.166489, 0.137463, 0.499968
3.007612, 5.166489, 0.137463, 0.499968
3.007612, 5.166489, 0.137463, 0.499968
3.012564, 5.167174, 0.137463, 0.499969
3.012564, 5.167174, 0.137463, 0.499969
3.017517, 5.167859, 0.137463, 0.499971
3.017517, 5.167859, 0.137463, 0.499971
3.017517, 5.167859, 0.137463, 0.499971
3.022470, 5.168544, 0.137463, 0.499972
3.022470, 5.168544, 0.137463, 0.499972
3.027422, 5.169229, 0.137463, 0.499974
3.027422, 5.169229, 0.137463, 0.499974
3.027422, 5.169229, 0.137463, 0.499974
3.032375, 5.169914, 0.137463, 0.499975
3.032375, 5.169914, 0.137463, 0.499975
3.037327, 5.170599, 0.137463, 0.499976
3.037327, 5.170599, 0.137463, 0.499976
3.037327, 5.170599, 0.137463, 0.499976
3.042280, 5.171285, 0.137463, 0.499977
3.042280, 5.171285, 0.137463, 0.499977
3.047233, 5.171970, 0.137463, 0.499978
3.047233, 5.171970, 0.137463, 0.499978
3.047233, 5.171970, 0.137463, 0.499978
3.052185, 5.172655, 0.137463, 0.499979
3.052185, 5.172655, 0.137463, 0.499979
3.057138, 5.173340, 0.137463, 0.499980
3.057138, 5.173340, 0.137463, 0.499980
3.057138, 5.173340, 0.137463, 0.499980
3.062090, 5.174025, 0.137463, 0.499981
3.062090, 5.174025, 0.137463, 0.499981
3.067043, 5.174710, 0.137463, 0.499982
3.067043, 5.174710, 0.137463, 0.499982
3.071996, 5.175395, 0.137463, 0.499983
3.071996, 5.175395, 0.137463, 0.499983
3.076948, 5.176080, 0.137463, 0.499984
3.076948, 5.176080, 0.137463, 0.499984
3.076948, 5.176080, 0.137463, 0.499984
3.081901, 5.176766, 0.137463, 0.499985
3.081901, 5.176766, 0.137463, 0.499985
3.086854, 5.177451, 0.137463, 0.499985
3.086854, 5.177451, 0.137463, 0.499985
3.086854, 5.177451, 0.137463, 0.499985
3.091806, 5.178136, 0.137463, 0.499986
3.091806, 5.178136, 0.137463, 0.499986
3.096759, 5.178821, 0.137463, 0.499987
3.096759, 5.178821, 0.137463, 0.499987
3.096759, 5.178821, 0.137463, 0.499987
3.101712, 5.179506, 0.137463, 0.499987
3.101712, 5.179506, 0.137463, 0.499987
3.106665, 5.180191, 0.137463, 0.499988
3.106665, 5.180191, 0.137463, 0.499988
3.106665, 5.180191, 0.137463, 0.499988
3.111617, 5.180876, 0.137463, 0.499988
3.111617, 5.180876, 0.137463, 0.499988
3.116570, 5.181562, 0.137463, 0.499989
3.116570, 5.181562, 0.137463, 0.499989
3.116570, 5.181562, 0.137463, 0.499989
3.121523, 5.182247, 0.137463, 0.499990
3.121523, 5.182247, 0.137463, 0.499990
3.126475, 5.182932, 0.137463, 0.499990
3.126475, 5.182932, 0.137463, 0.499990
3.126475, 5.182932, 0.137463, 0.499990
3.131428, 5.183617, 0.137463, 0.499991
3.131428, 5.183617, 0.137463, 0.499991
3.136381, 5.184302, 0.137463, 0.499991
3.136381, 5.184302, 0.137463, 0.499991
3.136381, 5.184302, 0.137463, 0.499991
3.141334, 5.184987, 0.137463, 0.499991
3.141334, 5.184987, 0.137463, 0.499991
3.146286, 5.185672, 0.137463, 0.499992
3.146286, 5.185672, 0.137463, 0.499992
3.146286, 5.185672, 0.137463, 0.499992
3.151239, 5.186358, 0.137463, 0.499992
3.151239, 5.186358, 0.137463, 0.499992
3.156192, 5.187043, 0.137463, 0.499993
3.156192, 5.187043, 0.137463, 0.499993
3.156192, 5.187043, 0.137463, 0.499993
3.161145, 5.187728, 0.137463, 0.499993
3.161145, 5.187728, 0.137463, 0.499993
3.166097, 5.188413, 0.137463, 0.499993
3.166097, 5.188413, 0.137463, 0.499993
3.166097, 5.188413, 0.137463, 0.499993
3.171050, 5.189098, 0.137463, 0.499994
3.171050, 5.189098, 0.137463, 0.499994
3.176003, 5.189783, 0.137463, 0.499994
3.176003, 5.189783, 0.137463, 0.499994
3.176003, 5.189783, 0.137463, 0.499994
3.180956, 5.190468, 0.137463, 0.499994
3.180956, 5.190468, 0.137463, 0.499994
3.185909, 5.191154, 0.137463, 0.499994
3.185909, 5.191154, 0.137463, 0.499994
3.185909, 5.191154, 0.137463, 0.499994
3.190861, 5.191839, 0.137463, 0.499995
3.190861, 5.191839, 0.137463, 0.499995
3.195814, 5.192524, 0.137463, 0.499995
3.195814, 5.192524, 0.137463, 0.499995
3.195814, 5.192524, 0.137463, 0.499995
3.200767, 5.193209, 0.137463, 0.499995
3.200767, 5.193209, 0.137463, 0.499995
3.205720, 5.193894, 0.137463, 0.499995
3.205720, 5.193894, 0.137463, 0.499995
3.205720, 5.193894, 0.137463, 0.499995
3.210673, 5.194579, 0.137463, 0.499996
3.210673, 5.194579, 0.137463, 0.499996
3.215625, 5.195264, 0.137463, 0.499996
3.215625, 5.195264, 0.137463, 0.499996
3.215625, 5.195264, 0.137463, 0.499996
3.220578, 5.195950, 0.137463, 0.499996
3.220578, 5.195950, 0.137463, 0.499996
3.225531, 5.196635, 0.137463, 0.499996
3.225531, 5.196635, 0.137463, 0.499996
3.230484, 5.197320, 0.137463, 0.499996
3.230484, 5.197320, 0.137463, 0.499996
3.235436, 5.198005, 0.137463, 0.499997
3.235436, 5.198005, 0.137463, 0.499997
3.235436, 5.198005, 0.137463, 0.499997
3.240389, 5.198690, 0.137463, 0.499997
3.240389, 5.198690, 0.137463, 0.499997
3.245342, 5.199375, 0.137463, 0.499997
3.245342, 5.199375, 0.137463, 0.499997
3.245342, 5.199375, 0.137463, 0.499997
3.250295, 5.200060, 0.137463, 0.499997
3.250295, 5.200060, 0.137463, 0.499997
3.255248, 5.200746, 0.137463, 0.499997
3.255248, 5.200746, 0.137463, 0.499997
3.260201, 5.201431, 0.137463, 0.499997
3.260201, 5.201431, 0.137463, 0.499997
3.265153, 5.202116, 0.137463, 0.499997
3.265153, 5.202116, 0.137463, 0.499997
3.265153, 5.202116, 0.137463, 0.499997
3.270106, 5.202801, 0.137463, 0.499998
3.270106, 5.202801, 0.137463, 0.499998
3.275059, 5.203486, 0.137463, 0.499998
3.275059, 5.203486, 0.137463, 0.499998
3.275059, 5.203486, 0.137463, 0.499998
3.280012, 5.204171, 0.137463, 0.499998
3.280012, 5.204171, 0.137463, 0.499998
3.284965, 5.204856, 0.137463, 0.499998
3.284965, 5.204856, 0.137463, 0.499998
3.284965, 5.204856, 0.137463, 0.499998
3.289917, 5.205542, 0.137463, 0.499998
3.289917, 5.205542, 0.137463, 0.499998
3.294870, 5.206227, 0.137463, 0.499998
3.294870, 5.206227, 0.137463, 0.499998
3.294870, 5.206227, 0.137463, 0.499998
3.299823, 5.206912, 0.137463, 0.499998
3.299823, 5.206912, 0.137463, 0.499998
3.304776, 5.207597, 0.137463, 0.499998
3.304776, 5.207597, 0.137463, 0.499998
3.309729, 5.208282, 0.137463, 0.499998
3.309729, 5.208282, 0.137463, 0.499998
3.309729, 5.208282, 0.137463, 0.499998
3.314681, 5.208967, 0.137463, 0.499998
3.314681, 5.208967, 0.137463, 0.499998
3.314681, 5.208967, 0.137463, 0.499998
3.319634, 5.209653, 0.137463, 0.499999
3.319634, 5.209653, 0.137463, 0.499999
3.324587, 5.210338, 0.137463, 0.499999
3.324587, 5.210338, 0.137463, 0.499999
3.324587, 5.210338, 0.137463, 0.499999
3.329540, 5.211023, 0.137463, 0.499999
3.329540, 5.211023, 0.137463, 0.499999
3.334493, 5.211708, 0.137463, 0.499999
3.334493, 5.211708, 0.137463, 0.499999
3.334493, 5.211708, 0.137463, 0.499999
3.339446, 5.212393, 0.137463, 0.499999
3.344398, 5.213078, 0.137463, 0.499999
3.344398, 5.213078, 0.137463, 0.499999
3.344398, 5.213078, 0.137463, 0.499999
3.349351, 5.213763, 0.137463, 0.499999
3.349351, 5.213763, 0.137463, 0.499999
3.354304, 5.214449, 0.137463, 0.499999
3.354304, 5.214449, 0.137463, 0.499999
3.354304, 5.214449, 0.137463, 0.499999
3.359257, 5.215134, 0.137463, 0.499999
3.359257, 5.215134, 0.137463, 0.499999
3.364210, 5.215819, 0.137463, 0.499999
3.364210, 5.215819, 0.137463, 0.499999
3.364210, 5.215819, 0.137463, 0.499999
3.369162, 5.216504, 0.137463, 0.499999
3.369162, 5.216504, 0.137463, 0.499999
3.374115, 5.217189, 0.137463, 0.499999
3.374115, 5.217189, 0.137463, 0.499999
3.374115, 5.217189, 0.137463, 0.499999
3.379068, 5.217874, 0.137463, 0.499999
3.379068, 5.217874, 0.137463, 0.499999
3.384021, 5.218560, 0.137463, 0.499999
3.384021, 5.218560, 0.137463, 0.499999
3.388974, 5.219245, 0.137463, 0.499999
3.388974, 5.219245, 0.137463, 0.499999
3.393927, 5.219930, 0.137463, 0.499999
3.393927, 5.219930, 0.137463, 0.499999
3.393927, 5.219930, 0.137463, 0.499999
3.398879, 5.220615, 0.137463, 0.499999
3.398879, 5.220615, 0.137463, 0.499999
3.403832, 5.221300, 0.137463, 0.499999
3.403832, 5.221300, 0.137463, 0.499999
3.408785, 5.221985, 0.137463, 0.499999
3.408785, 5.221985, 0.137463, 0.499999
3.413738, 5.222670, 0.137463, 0.499999
3.413738, 5.222670, 0.137463, 0.499999
3.413738, 5.222670, 0.137463, 0.499999
3.418691, 5.223356, 0.137463, 0.499999
3.418691, 5.223356, 0.137463, 0.499999
3.423644, 5.224041, 0.137463, 0.499999
3.423644, 5.224041, 0.137463, 0.499999
3.428596, 5.224726, 0.137463, 0.499999
3.428596, 5.224726, 0.137463, 0.499999
3.433549, 5.225411, 0.137463, 0.500000
3.433549, 5.225411, 0.137463, 0.500000
3.433549, 5.225411, 0.137463, 0.500000
3.438502, 5.226096, 0.137463, 0.500000
3.438502, 5.226096, 0.137463, 0.500000
3.443455, 5.226781, 0.137463, 0.500000
3.443455, 5.226781, 0.137463, 0.500000
3.443455, 5.226781, 0.137463, 0.500000
3.448408, 5.227467, 0.137463, 0.500000
3.448408, 5.227467, 0.137463, 0.500000
3.453361, 5.228152, 0.137463, 0.500000
3.453361, 5.228152, 0.137463, 0.500000
3.453361, 5.228152, 0.137463, 0.500000
3.458313, 5.228837, 0.137463, 0.500000
3.458313, 5.228837, 0.137463, 0.500000
3.463266, 5.229522, 0.137463, 0.500000
3.463266, 5.229522, 0.137463, 0.500000
3.468219, 5.230207, 0.137463, 0.500000
3.468219, 5.230207, 0.137463, 0.500000
3.468219, 5.230207, 0.137463, 0.500000
3.473172, 5.230892, 0.137463, 0.500000
3.473172, 5.230892, 0.137463, 0.500000
3.473172, 5.230892, 0.137463, 0.500000
3.478125, 5.231577, 0.137463, 0.500000
3.478125, 5.231577, 0.137463, 0.500000
3.483078, 5.232263, 0.137463, 0.500000
3.483078, 5.232263, 0.137463, 0.500000
3.483078, 5.232263, 0.137463, 0.500000
3.488030, 5.232948, 0.137463, 0.500000
3.488030, 5.232948, 0.137463, 0.500000
3.492983, 5.233633, 0.137463, 0.500000
3.492983, 5.233633, 0.137463, 0.500000
3.497936, 5.234318, 0.137463, 0.500000
3.497936, 5.234318, 0.137463, 0.500000
3.502889, 5.235003, 0.137463, 0.500000
3.502889, 5.235003, 0.137463, 0.500000
3.502889, 5.235003, 0.137463, 0.500000
3.507842, 5.235688, 0.137463, 0.500000
3.507842, 5.235688, 0.137463, 0.500000
3.512795, 5.236374, 0.137463, 0.500000
3.512795, 5.236374, 0.137463, 0.500000
3.512795, 5.236374, 0.137463, 0.500000
3.517747, 5.237059, 0.137463, 0.500000
3.517747, 5.237059, 0.137463, 0.500000
3.522700, 5.237744, 0.137463, 0.500000
3.522700, 5.237744, 0.137463, 0.500000
3.522700, 5.237744, 0.137463, 0.500000
3.527653, 5.238429, 0.137463, 0.500000
3.527653, 5.238429, 0.137463, 0.500000
3.532606, 5.239114, 0.137463, 0.500000
3.532606, 5.239114, 0.137463, 0.500000
3.532606, 5.239114, 0.137463, 0.500000
3.537559, 5.239799, 0.137463, 0.500000
3.537559, 5.239799, 0.137463, 0.500000
3.542512, 5.240484, 0.137463, 0.500000
3.542512, 5.240484, 0.137463, 0.500000
3.542512, 5.240484, 0.137463, 0.500000
3.547464, 5.241170, 0.137463, 0.500000
3.547464, 5.241170, 0.137463, 0.500000
3.552417, 5.241855, 0.137463, 0.500000
3.552417, 5.241855, 0.137463, 0.500000
3.552417, 5.241855, 0.137463, 0.500000
3.557370, 5.242540, 0.137463, 0.500000
3.557370, 5.242540, 0.137463, 0.500000
3.562323, 5.243225, 0.137463, 0.500000
3.562323, 5.243225, 0.137463, 0.500000
3.562323, 5.243225, 0.137463, 0.500000
3.567276, 5.243910, 0.137463, 0.500000
3.567276, 5.243910, 0.137463, 0.500000
3.572229, 5.244595, 0.137463, 0.500000
3.572229, 5.244595, 0.137463, 0.500000
3.577181, 5.245281, 0.137463, 0.500000
3.577181, 5.245281, 0.137463, 0.500000
3.582134, 5.245966, 0.137463, 0.500000
3.582134, 5.245966, 0.137463, 0.500000
3.582134, 5.245966, 0.137463, 0.500000
3.587087, 5.246651, 0.137463, 0.500000
3.587087, 5.246651, 0.137463, 0.500000
3.592040, 5.247336, 0.137463, 0.500000
3.592040, 5.247336, 0.137463, 0.500000
3.592040, 5.247336, 0.137463, 0.500000
3.596993, 5.248021, 0.137463, 0.500000
3.596993, 5.248021, 0.137463, 0.500000
3.601946, 5.248706, 0.137463, 0.500000
3.601946, 5.248706, 0.137463, 0.500000
3.601946, 5.248706, 0.137463, 0.500000
3.606898, 5.249391, 0.137463, 0.500000
3.606898, 5.249391, 0.137463, 0.500000
3.611851, 5.250077, 0.137463, 0.500000
3.611851, 5.250077, 0.137463, 0.500000
3.611851, 5.250077, 0.137463, 0.500000
3.616804, 5.250762, 0.137463, 0.500000
3.616804, 5.250762, 0.137463, 0.500000
3.621757, 5.251447, 0.137463, 0.500000
3.621757, 5.251447, 0.137463, 0.500000
3.626710, 5.252132, 0.137463, 0.500000
3.626710, 5.252132, 0.137463, 0.500000
3.631663, 5.252817, 0.137463, 0.500000
3.631663, 5.252817, 0.137463, 0.500000
3.631663, 5.252817, 0.137463, 0.500000
3.636615, 5.253502, 0.137463, 0.500000
3.636615, 5.253502, 0.137463, 0.500000
3.641568, 5.254188, 0.137463, 0.500000
3.641568, 5.254188, 0.137463, 0.500000
3.641568, 5.254188, 0.137463, 0.500000
3.646521, 5.254873, 0.137463, 0.500000
3.646521, 5.254873, 0.137463, 0.500000
3.651474, 5.255558, 0.137463, 0.500000
3.651474, 5.255558, 0.137463, 0.500000
3.651474, 5.255558, 0.137463, 0.500000
3.656427, 5.256243, 0.137463, 0.500000
3.656427, 5.256243, 0.137463, 0.500000
3.661380, 5.256928, 0.137463, 0.500000
3.661380, 5.256928, 0.137463, 0.500000
3.661380, 5.256928, 0.137463, 0.500000
3.666332, 5.257613, 0.137463, 0.500000
3.666332, 5.257613, 0.137463, 0.500000
3.671285, 5.258298, 0.137463, 0.500000
3.671285, 5.258298, 0.137463, 0.500000
3.676238, 5.258984, 0.137463, 0.500000
3.676238, 5.258984, 0.137463, 0.500000
3.681191, 5.259669, 0.137463, 0.500000
3.681191, 5.259669, 0.137463, 0.500000
3.681191, 5.259669, 0.137463, 0.500000
3.686144, 5.260354, 0.137463, 0.500000
3.686144, 5.260354, 0.137463, 0.500000
3.691097, 5.261039, 0.137463, 0.500000
3.691097, 5.261039, 0.137463, 0.500000
3.691097, 5.261039, 0.137463, 0.500000
3.696049, 5.261724, 0.137463, 0.500000
3.696049, 5.261724, 0.137463, 0.500000
3.701002, 5.262409, 0.137463, 0.500000
3.701002, 5.262409, 0.137463, 0.500000
3.701002, 5.262409, 0.137463, 0.500000
3.705955, 5.263095, 0.137463, 0.500000
3.705955, 5.263095, 0.137463, 0.500000
3.710908, 5.263780, 0.137463, 0.500000
3.710908, 5.263780, 0.137463, 0.500000
3.710908, 5.263780, 0.137463, 0.500000
3.715861, 5.264465, 0.137463, 0.500000
3.715861, 5.264465, 0.137463, 0.500000
3.720814, 5.265150, 0.137463, 0.500000
3.720814, 5.265150, 0.137463, 0.500000
3.725766, 5.265835, 0.137463, 0.500000
3.725766, 5.265835, 0.137463, 0.500000
3.730719, 5.266520, 0.137463, 0.500000
3.730719, 5.266520, 0.137463, 0.500000
3.730719, 5.266520, 0.137463, 0.500000
3.735672, 5.267205, 0.137463, 0.500000
3.735672, 5.267205, 0.137463, 0.500000
3.740625, 5.267891, 0.137463, 0.500000
3.740625, 5.267891, 0.137463, 0.500000
3.740625, 5.267891, 0.137463, 0.500000
3.745578, 5.268576, 0.137463, 0.500000
3.745578, 5.268576, 0.137463, 0.500000
3.750531, 5.269261, 0.137463, 0.500000
3.750531, 5.269261, 0.137463, 0.500000
3.750531, 5.269261, 0.137463, 0.500000
3.755483, 5.269946, 0.137463, 0.500000
3.755483, 5.269946, 0.137463, 0.500000
3.760436, 5.270631, 0.137463, 0.500000
3.760436, 5.270631, 0.137463, 0.500000
3.760436, 5.270631, 0.137463, 0.500000
3.765389, 5.271316, 0.137463, 0.500000
3.765389, 5.271316, 0.137463, 0.500000
3.770342, 5.272002, 0.137463, 0.500000
3.770342, 5.272002, 0.137463, 0.500000
3.770342, 5.272002, 0.137463, 0.500000
3.775295, 5.272687, 0.137463, 0.500000
3.775295, 5.272687, 0.137463, 0.500000
3.780248, 5.273372, 0.137463, 0.500000
3.780248, 5.273372, 0.137463, 0.500000
3.785200, 5.274057, 0.137463, 0.500000
3.785200, 5.274057, 0.137463, 0.500000
3.790153, 5.274742, 0.137463, 0.500000
3.790153, 5.274742, 0.137463, 0.500000
3.790153, 5.274742, 0.137463, 0.500000
3.795106, 5.275427, 0.137463, 0.500000
3.795106, 5.275427, 0.137463, 0.500000
3.800059, 5.276112, 0.137463, 0.500000
3.800059, 5.276112, 0.137463, 0.500000
3.805012, 5.276798, 0.137463, 0.500000
3.805012, 5.276798, 0.137463, 0.500000
3.809965, 5.277483, 0.137463, 0.500000
3.809965, 5.277483, 0.137463, 0.500000
3.814917, 5.278168, 0.137463, 0.500000
3.814917, 5.278168, 0.137463, 0.500000
3.819870, 5.278853, 0.137463, 0.500000
3.819870, 5.278853, 0.137463, 0.500000
3.819870, 5.278853, 0.137463, 0.500000
3.824823, 5.279538, 0.137463, 0.500000
3.824823, 5.279538, 0.137463, 0.500000
3.829776, 5.280223, 0.137463, 0.500000
3.829776, 5.280223, 0.137463, 0.500000
3.834729, 5.280909, 0.137463, 0.500000
3.834729, 5.280909, 0.137463, 0.500000
3.839682, 5.281594, 0.137463, 0.500000
3.839682, 5.281594, 0.137463, 0.500000
3.839682, 5.281594, 0.137463, 0.500000
3.844634, 5.282279, 0.137463, 0.500000
3.844634, 5.282279, 0.137463, 0.500000
3.849587, 5.282964, 0.137463, 0.500000
3.849587, 5.282964, 0.137463, 0.500000
3.849587, 5.282964, 0.137463, 0.500000
3.854540, 5.283649, 0.137463, 0.500000
3.854540, 5.283649, 0.137463, 0.500000
3.859493, 5.284334, 0.137463, 0.500000
3.859493, 5.284334, 0.137463, 0.500000
3.859493, 5.284334, 0.137463, 0.500000
3.864446, 5.285019, 0.137463, 0.500000
3.864446, 5.285019, 0.137463, 0.500000
3.869399, 5.285705, 0.137463, 0.500000
3.869399, 5.285705, 0.137463, 0.500000
3.869399, 5.285705, 0.137463, 0.500000
3.874351, 5.286390, 0.137463, 0.500000
3.874351, 5.286390, 0.137463, 0.500000
3.879304, 5.287075, 0.137463, 0.500000
3.879304, 5.287075, 0.137463, 0.500000
3.879304, 5.287075, 0.137463, 0.500000
3.884257, 5.287760, 0.137463, 0.500000
3.884257, 5.287760, 0.137463, 0.500000
3.889210, 5.288445, 0.137463, 0.500000
3.889210, 5.288445, 0.137463, 0.500000
3.894163, 5.289130, 0.137463, 0.500000
3.894163, 5.289130, 0.137463, 0.500000
3.899116, 5.289816, 0.137463, 0.500000
3.899116, 5.289816, 0.137463, 0.500000
3.899116, 5.289816, 0.137463, 0.500000
3.904068, 5.290501, 0.137463, 0.500000
3.904068, 5.290501, 0.137463, 0.500000
3.909021, 5.291186, 0.137463, 0.500000
3.909021, 5.291186, 0.137463, 0.500000
3.913974, 5.291871, 0.137463, 0.500000
3.913974, 5.291871, 0.137463, 0.500000
3.918927, 5.292556, 0.137463, 0.500000
3.918927, 5.292556, 0.137463, 0.500000
3.918927, 5.292556, 0.137463, 0.500000
3.923880, 5.293241, 0.137463, 0.500000
3.923880, 5.293241, 0.137463, 0.500000
3.928833, 5.293926, 0.137463, 0.500000
3.928833, 5.293926, 0.137463, 0.500000
3.928833, 5.293926, 0.137463, 0.500000
3.933785, 5.294612, 0.137463, 0.500000
3.933785, 5.294612, 0.137463, 0.500000
3.938738, 5.295297, 0.137463, 0.500000
3.938738, 5.295297, 0.137463, 0.500000
3.938738, 5.295297, 0.137463, 0.500000
3.943691, 5.295982, 0.137463, 0.500000
3.943691, 5.295982, 0.137463, 0.500000
3.948644, 5.296667, 0.137463, 0.500000
3.948644, 5.296667, 0.137463, 0.500000
3.948644, 5.296667, 0.137463, 0.500000
3.953597, 5.297352, 0.137463, 0.500000
3.953597, 5.297352, 0.137463, 0.500000
3.958550, 5.298037, 0.137463, 0.500000
3.958550, 5.298037, 0.137463, 0.500000
3.958550, 5.298037, 0.137463, 0.500000
3.963502, 5.298723, 0.137463, 0.500000
3.963502, 5.298723, 0.137463, 0.500000
3.968455, 5.299408, 0.137463, 0.500000
3.968455, 5.299408, 0.137463, 0.500000
3.968455, 5.299408, 0.137463, 0.500000
3.973408, 5.300093, 0.137463, 0.500000
3.973408, 5.300093, 0.137463, 0.500000
3.978361, 5.300778, 0.137463, 0.500000
3.978361, 5.300778, 0.137463, 0.500000
3.978361, 5.300778, 0.137463, 0.500000
3.983314, 5.301463, 0.137463, 0.500000
3.983314, 5.301463, 0.137463, 0.500000
3.988267, 5.302148, 0.137463, 0.500000
3.988267, 5.302148, 0.137463, 0.500000
3.988267, 5.302148, 0.137463, 0.500000
3.993219, 5.302833, 0.137463, 0.500000
3.993219, 5.302833, 0.137463, 0.500000
3.998172, 5.303519, 0.137463, 0.500000
3.998172, 5.303519, 0.137463, 0.500000
3.998172, 5.303519, 0.137463, 0.500000
4.003125, 5.304204, 0.137463, 0.500000
4.003125, 5.304204, 0.137463, 0.500000
4.008078, 5.304889, 0.137463, 0.500000
4.008078, 5.304889, 0.137463, 0.500000
4.008078, 5.304889, 0.137463, 0.500000
4.013031, 5.305574, 0.137463, 0.500000
4.013031, 5.305574, 0.137463, 0.500000
4.017984, 5.306259, 0.137463, 0.500000
4.017984, 5.306259, 0.137463, 0.500000
4.017984, 5.306259, 0.137463, 0.500000
4.022936, 5.306944, 0.137463, 0.500000
4.022936, 5.306944, 0.137463, 0.500000
4.027889, 5.307630, 0.137463, 0.500000
4.027889, 5.307630, 0.137463, 0.500000
4.027889, 5.307630, 0.137463, 0.500000
4.032842, 5.308315, 0.137463, 0.500000
4.032842, 5.308315, 0.137463, 0.500000
4.037795, 5.309000, 0.137463, 0.500000
4.037795, 5.309000, 0.137463, 0.500000
4.037795, 5.309000, 0.137463, 0.500000
4.042748, 5.309685, 0.137463, 0.500000
4.042748, 5.309685, 0.137463, 0.500000
4.047701, 5.310370, 0.137463, 0.500000
4.047701, 5.310370, 0.137463, 0.500000
4.047701, 5.310370, 0.137463, 0.500000
4.052653, 5.311055, 0.137463, 0.500000
4.052653, 5.311055, 0.137463, 0.500000
4.057606, 5.311740, 0.137463, 0.500000
4.057606, 5.311740, 0.137463, 0.500000
4.057606, 5.311740, 0.137463, 0.500000
4.062559, 5.312426, 0.137463, 0.500000
4.062559, 5.312426, 0.137463, 0.500000
4.067512, 5.313111, 0.137463, 0.500000
4.067512, 5.313111, 0.137463, 0.500000
4.067512, 5.313111, 0.137463, 0.500000
4.072465, 5.313796, 0.137463, 0.500000
4.072465, 5.313796, 0.137463, 0.500000
4.077418, 5.314481, 0.137463, 0.500000
4.077418, 5.314481, 0.137463, 0.500000
4.077418, 5.314481, 0.137463, 0.500000
4.082370, 5.315166, 0.137463, 0.500000
4.082370, 5.315166, 0.137463, 0.500000
4.087323, 5.315851, 0.137463, 0.500000
4.087323, 5.315851, 0.137463, 0.500000
4.087323, 5.315851, 0.137463, 0.500000
4.092276, 5.316537, 0.137463, 0.500000
4.092276, 5.316537, 0.137463, 0.500000
4.097229, 5.317222, 0.137463, 0.500000
4.097229, 5.317222, 0.137463, 0.500000
4.097229, 5.317222, 0.137463, 0.500000
4.102182, 5.317907, 0.137463, 0.500000
4.102182, 5.317907, 0.137463, 0.500000
4.107135, 5.318592, 0.137463, 0.500000
4.107135, 5.318592, 0.137463, 0.500000
4.107135, 5.318592, 0.137463, 0.500000
4.112087, 5.319277, 0.137463, 0.500000
4.112087, 5.319277, 0.137463, 0.500000
4.117040, 5.319962, 0.137463, 0.500000
4.117040, 5.319962, 0.137463, 0.500000
4.117040, 5.319962, 0.137463, 0.500000
4.121993, 5.320647, 0.137463, 0.500000
4.121993, 5.320647, 0.137463, 0.500000
4.126946, 5.321333, 0.137463, 0.500000
4.126946, 5.321333, 0.137463, 0.500000
4.126946, 5.321333, 0.137463, 0.500000
4.131899, 5.322018, 0.137463, 0.500000
4.131899, 5.322018, 0.137463, 0.500000
4.136852, 5.322703, 0.137463, 0.500000
4.136852, 5.322703, 0.137463, 0.500000
4.136852, 5.322703, 0.137463, 0.500000
4.141804, 5.323388, 0.137463, 0.500000
4.141804, 5.323388, 0.137463, 0.500000
4.146757, 5.324073, 0.137463, 0.500000
4.146757, 5.324073, 0.137463, 0.500000
4.151710, 5.324758, 0.137463, 0.500000
4.151710, 5.324758, 0.137463, 0.500000
4.151710, 5.324758, 0.137463, 0.500000
4.156663, 5.325444, 0.137463, 0.500000
4.156663, 5.325444, 0.137463, 0.500000
4.156663, 5.325444, 0.137463, 0.500000
4.161616, 5.326129, 0.137463, 0.500000
4.161616, 5.326129, 0.137463, 0.500000
4.166569, 5.326814, 0.137463, 0.500000
4.166569, 5.326814, 0.137463, 0.500000
4.166569, 5.326814, 0.137463, 0.500000
4.171521, 5.327499, 0.137463, 0.500000
4.171521, 5.327499, 0.137463, 0.500000
4.176474, 5.328184, 0.137463, 0.500000
4.176474, 5.328184, 0.137463, 0.500000
4.176474, 5.328184, 0.137463, 0.500000
4.181427, 5.328869, 0.137463, 0.500000
4.186380, 5.329554, 0.137463, 0.500000
4.186380, 5.329554, 0.137463, 0.500000
4.186380, 5.329554, 0.137463, 0.500000
4.191333, 5.330240, 0.137463, 0.500000
4.191333, 5.330240, 0.137463, 0.500000
4.196286, 5.330925, 0.137463, 0.500000
4.196286, 5.330925, 0.137463, 0.500000
4.201238, 5.331610, 0.137463, 0.500000
4.201238, 5.331610, 0.137463, 0.500000
4.206191, 5.332295, 0.137463, 0.500000
4.206191, 5.332295, 0.137463, 0.500000
4.206191, 5.332295, 0.137463, 0.500000
4.211144, 5.332980, 0.137463, 0.500000
4.211144, 5.332980, 0.137463, 0.500000
4.216097, 5.333665, 0.137463, 0.500000
4.216097, 5.333665, 0.137463, 0.500000
4.216097, 5.333665, 0.137463, 0.500000
4.221050, 5.334351, 0.137463, 0.500000
4.221050, 5.334351, 0.137463, 0.500000
4.226003, 5.335036, 0.137463, 0.500000
4.226003, 5.335036, 0.137463, 0.500000
4.226003, 5.335036, 0.137463, 0.500000
4.230955, 5.335721, 0.137463, 0.500000
4.230955, 5.335721, 0.137463, 0.500000
4.235908, 5.336406, 0.137463, 0.500000
4.235908, 5.336406, 0.137463, 0.500000
4.235908, 5.336406, 0.137463, 0.500000
4.240861, 5.337091, 0.137463, 0.500000
4.240861, 5.337091, 0.137463, 0.500000
4.245814, 5.337776, 0.137463, 0.500000
4.245814, 5.337776, 0.137463, 0.500000
4.245814, 5.337776, 0.137463, 0.500000
4.250767, 5.338461, 0.137463, 0.500000
4.250767, 5.338461, 0.137463, 0.500000
4.255720, 5.339147, 0.137463, 0.500000
4.255720, 5.339147, 0.137463, 0.500000
4.255720, 5.339147, 0.137463, 0.500000
4.260672, 5.339832, 0.137463, 0.500000
4.260672, 5.339832, 0.137463, 0.500000
4.265625, 5.340517, 0.137463, 0.500000
4.265625, 5.340517, 0.137463, 0.500000
4.265625, 5.340517, 0.137463, 0.500000
4.270578, 5.341202, 0.137463, 0.500000
4.270578, 5.341202, 0.137463, 0.500000
4.275531, 5.341887, 0.137463, 0.500000
4.275531, 5.341887, 0.137463, 0.500000
4.275531, 5.341887, 0.137463, 0.500000
4.280484, 5.342572, 0.137463, 0.500000
4.280484, 5.342572, 0.137463, 0.500000
4.285437, 5.343258, 0.137463, 0.500000
4.285437, 5.343258, 0.137463, 0.500000
4.285437, 5.343258, 0.137463, 0.500000
4.290389, 5.343943, 0.137463, 0.500000
4.290389, 5.343943, 0.137463, 0.500000
4.295342, 5.344628, 0.137463, 0.500000
4.295342, 5.344628, 0.137463, 0.500000
4.295342, 5.344628, 0.137463, 0.500000
4.300295, 5.345313, 0.137463, 0.500000
4.300295, 5.345313, 0.137463, 0.500000
4.305248, 5.345998, 0.137463, 0.500000
4.305248, 5.345998, 0.137463, 0.500000
4.305248, 5.345998, 0.137463, 0.500000
4.310201, 5.346683, 0.137463, 0.500000
4.310201, 5.346683, 0.137463, 0.500000
4.315154, 5.347368, 0.137463, 0.500000
4.315154, 5.347368, 0.137463, 0.500000
4.315154, 5.347368, 0.137463, 0.500000
4.320106, 5.348054, 0.137463, 0.500000
4.320106, 5.348054, 0.137463, 0.500000
4.325059, 5.348739, 0.137463, 0.500000
4.325059, 5.348739, 0.137463, 0.500000
4.325059, 5.348739, 0.137463, 0.500000
4.330012, 5.349424, 0.137463, 0.500000
4.330012, 5.349424, 0.137463, 0.500000
4.334965, 5.350109, 0.137463, 0.500000
4.334965, 5.350109, 0.137463, 0.500000
4.334965, 5.350109, 0.137463, 0.500000
4.339918, 5.350794, 0.137463, 0.500000
4.344871, 5.351479, 0.137463, 0.500000
4.344871, 5.351479, 0.137463, 0.500000
4.344871, 5.351479, 0.137463, 0.500000
4.349823, 5.352165, 0.137463, 0.500000
4.349823, 5.352165, 0.137463, 0.500000
4.354776, 5.352850, 0.137463, 0.500000
4.354776, 5.352850, 0.137463, 0.500000
4.359729, 5.353535, 0.137463, 0.500000
4.359729, 5.353535, 0.137463, 0.500000
4.364682, 5.354220, 0.137463, 0.500000
4.364682, 5.354220, 0.137463, 0.500000
4.364682, 5.354220, 0.137463, 0.500000
4.369635, 5.354905, 0.137463, 0.500000
4.369635, 5.354905, 0.137463, 0.500000
4.374588, 5.355590, 0.137463, 0.500000
4.374588, 5.355590, 0.137463, 0.500000
4.374588, 5.355590, 0.137463, 0.500000
4.379540, 5.356275, 0.137463, 0.500000
4.379540, 5.356275, 0.137463, 0.500000
4.384493, 5.356961, 0.137463, 0.500000
4.384493, 5.356961, 0.137463, 0.500000
4.384493, 5.356961, 0.137463, 0.500000
4.389446, 5.357646, 0.137463, 0.500000
4.389446, 5.357646, 0.137463, 0.500000
4.394399, 5.358331, 0.137463, 0.500000
4.394399, 5.358331, 0.137463, 0.500000
4.394399, 5.358331, 0.137463, 0.500000
4.399352, 5.359016, 0.137463, 0.500000
4.399352, 5.359016, 0.137463, 0.500000
4.404305, 5.359701, 0.137463, 0.500000
4.404305, 5.359701, 0.137463, 0.500000
4.404305, 5.359701, 0.137463, 0.500000
4.409257, 5.360386, 0.137463, 0.500000
4.409257, 5.360386, 0.137463, 0.500000
4.414210, 5.361072, 0.137463, 0.500000
4.414210, 5.361072, 0.137463, 0.500000
4.419163, 5.361757, 0.137463, 0.500000
4.419163, 5.361757, 0.137463, 0.500000
4.424116, 5.362442, 0.137463, 0.500000
4.424116, 5.362442, 0.137463, 0.500000
4.424116, 5.362442, 0.137463, 0.500000
4.429069, 5.363127, 0.137463, 0.500000
4.429069, 5.363127, 0.137463, 0.500000
4.434022, 5.363812, 0.137463, 0.500000
4.434022, 5.363812, 0.137463, 0.500000
4.434022, 5.363812, 0.137463, 0.500000
4.438974, 5.364497, 0.137463, 0.500000
4.438974, 5.364497, 0.137463, 0.500000
4.443927, 5.365182, 0.137463, 0.500000
4.443927, 5.365182, 0.137463, 0.500000
4.443927, 5.365182, 0.137463, 0.500000
4.448880, 5.365868, 0.137463, 0.500000
4.448880, 5.365868, 0.137463, 0.500000
4.453833, 5.366553, 0.137463, 0.500000
4.453833, 5.366553, 0.137463, 0.500000
4.453833, 5.366553, 0.137463, 0.500000
4.458786, 5.367238, 0.137463, 0.500000
4.458786, 5.367238, 0.137463, 0.500000
4.463739, 5.367923, 0.137463, 0.500000
4.463739, 5.367923, 0.137463, 0.500000
4.468691, 5.368608, 0.137463, 0.500000
4.468691, 5.368608, 0.137463, 0.500000
4.473644, 5.369293, 0.137463, 0.500000
4.473644, 5.369293, 0.137463, 0.500000
4.473644, 5.369293, 0.137463, 0.500000
4.478597, 5.369979, 0.137463, 0.500000
4.478597, 5.369979, 0.137463, 0.500000
4.483550, 5.370664, 0.137463, 0.500000
4.483550, 5.370664, 0.137463, 0.500000
4.483550, 5.370664, 0.137463, 0.500000
4.488503, 5.371349, 0.137463, 0.500000
4.488503, 5.371349, 0.137463, 0.500000
4.493456, 5.372034, 0.137463, 0.500000
4.493456, 5.372034, 0.137463, 0.500000
4.493456, 5.372034, 0.137463, 0.500000
4.498408, 5.372719, 0.137463, 0.500000
4.498408, 5.372719, 0.137463, 0.500000
4.503361, 5.373404, 0.137463, 0.500000
4.503361, 5.373404, 0.137463, 0.500000
4.503361, 5.373404, 0.137463, 0.500000
4.508314, 5.374089, 0.137463, 0.500000
4.508314, 5.374089, 0.137463, 0.500000
4.513267, 5.374775, 0.137463, 0.500000
4.513267, 5.374775, 0.137463, 0.500000
4.513267, 5.374775, 0.137463, 0.500000
4.518220, 5.375460, 0.137463, 0.500000
4.518220, 5.375460, 0.137463, 0.500000
4.523173, 5.376145, 0.137463, 0.500000
4.523173, 5.376145, 0.137463, 0.500000
4.523173, 5.376145, 0.137463, 0.500000
4.528125, 5.376830, 0.137463, 0.500000
4.528125, 5.376830, 0.137463, 0.500000
4.533078, 5.377515, 0.137463, 0.500000
4.533078, 5.377515, 0.137463, 0.500000
4.533078, 5.377515, 0.137463, 0.500000
4.538031, 5.378200, 0.137463, 0.500000
4.538031, 5.378200, 0.137463, 0.500000
4.542984, 5.378886, 0.137463, 0.500000
4.542984, 5.378886, 0.137463, 0.500000
4.542984, 5.378886, 0.137463, 0.500000
4.547937, 5.379571, 0.137463, 0.500000
4.547937, 5.379571, 0.137463, 0.500000
4.552890, 5.380256, 0.137463, 0.500000
4.552890, 5.380256, 0.137463, 0.500000
4.552890, 5.380256, 0.137463, 0.500000
4.557842, 5.380941, 0.137463, 0.500000
4.557842, 5.380941, 0.137463, 0.500000
4.562795, 5.381626, 0.137463, 0.500000
4.562795, 5.381626, 0.137463, 0.500000
4.562795, 5.381626, 0.137463, 0.500000
4.567748, 5.382311, 0.137463, 0.500000
4.567748, 5.382311, 0.137463, 0.500000
4.572701, 5.382996, 0.137463, 0.500000
4.572701, 5.382996, 0.137463, 0.500000
4.577654, 5.383682, 0.137463, 0.500000
4.577654, 5.383682, 0.137463, 0.500000
4.582607, 5.384367, 0.137463, 0.500000
4.582607, 5.384367, 0.137463, 0.500000
4.582607, 5.384367, 0.137463, 0.500000
4.587559, 5.385052, 0.137463, 0.500000
4.587559, 5.385052, 0.137463, 0.500000
4.592512, 5.385737, 0.137463, 0.500000
4.592512, 5.385737, 0.137463, 0.500000
4.597465, 5.386422, 0.137463, 0.500000
4.597465, 5.386422, 0.137463, 0.500000
4.602418, 5.387107, 0.137463, 0.500000
4.602418, 5.387107, 0.137463, 0.500000
4.602418, 5.387107, 0.137463, 0.500000
4.607371, 5.387793, 0.137463, 0.500000
4.607371, 5.387793, 0.137463, 0.500000
4.612324, 5.388478, 0.137463, 0.500000
4.612324, 5.388478, 0.137463, 0.500000
4.612324, 5.388478, 0.137463, 0.500000
4.617276, 5.389163, 0.137463, 0.500000
4.617276, 5.389163, 0.137463, 0.500000
4.622229, 5.389848, 0.137463, 0.500000
4.622229, 5.389848, 0.137463, 0.500000
4.627182, 5.390533, 0.137463, 0.500000
4.627182, 5.390533, 0.137463, 0.500000
4.632135, 5.391218, 0.137463, 0.500000
4.632135, 5.391218, 0.137463, 0.500000
4.632135, 5.391218, 0.137463, 0.500000
4.637088, 5.391903, 0.137463, 0.500000
4.637088, 5.391903, 0.137463, 0.500000
4.642041, 5.392589, 0.137463, 0.500000
4.642041, 5.392589, 0.137463, 0.500000
4.642041, 5.392589, 0.137463, 0.500000
4.646993, 5.393274, 0.137463, 0.500000
4.646993, 5.393274, 0.137463, 0.500000
4.651946, 5.393959, 0.137463, 0.500000
4.651946, 5.393959, 0.137463, 0.500000
4.651946, 5.393959, 0.137463, 0.500000
4.656899, 5.394644, 0.137463, 0.500000
4.656899, 5.394644, 0.137463, 0.500000
4.661852, 5.395329, 0.137463, 0.500000
4.661852, 5.395329, 0.137463, 0.500000
4.661852, 5.395329, 0.137463, 0.500000
4.666805, 5.396014, 0.137463, 0.500000
4.666805, 5.396014, 0.137463, 0.500000
4.671758, 5.396700, 0.137463, 0.500000
4.671758, 5.396700, 0.137463, 0.500000
4.671758, 5.396700, 0.137463, 0.500000
4.676710, 5.397385, 0.137463, 0.500000
4.676710, 5.397385, 0.137463, 0.500000
4.681663, 5.398070, 0.137463, 0.500000
4.681663, 5.398070, 0.137463, 0.500000
4.686616, 5.398755, 0.137463, 0.500000
4.686616, 5.398755, 0.137463, 0.500000
4.691569, 5.399440, 0.137463, 0.500000
4.691569, 5.399440, 0.137463, 0.500000
4.691569, 5.399440, 0.137463, 0.500000
4.696522, 5.400125, 0.137463, 0.500000
4.696522, 5.400125, 0.137463, 0.500000
4.701475, 5.400810, 0.137463, 0.500000
4.701475, 5.400810, 0.137463, 0.500000
4.706427, 5.401496, 0.137463, 0.500000
4.706427, 5.401496, 0.137463, 0.500000
4.711380, 5.402181, 0.137463, 0.500000
4.711380, 5.402181, 0.137463, 0.500000
4.711380, 5.402181, 0.137463, 0.500000
4.716333, 5.402866, 0.137463, 0.500000
4.721286, 5.403551, 0.137463, 0.500000
4.721286, 5.403551, 0.137463, 0.500000
4.721286, 5.403551, 0.137463, 0.500000
4.726239, 5.404236, 0.137463, 0.500000
4.726239, 5.404236, 0.137463, 0.500000
4.731192, 5.404921, 0.137463, 0.500000
4.731192, 5.404921, 0.137463, 0.500000
4.731192, 5.404921, 0.137463, 0.500000
4.736144, 5.405607, 0.137463, 0.500000
4.736144, 5.405607, 0.137463, 0.500000
4.741097, 5.406292, 0.137463, 0.500000
4.741097, 5.406292, 0.137463, 0.500000
4.741097, 5.406292, 0.137463, 0.500000
4.746050, 5.406977, 0.137463, 0.500000
4.746050, 5.406977, 0.137463, 0.500000
4.751003, 5.407662, 0.137463, 0.500000
4.751003, 5.407662, 0.137463, 0.500000
4.751003, 5.407662, 0.137463, 0.500000
4.755956, 5.408347, 0.137463, 0.500000
4.755956, 5.408347, 0.137463, 0.500000
4.760909, 5.409032, 0.137463, 0.500000
4.760909, 5.409032, 0.137463, 0.500000
4.760909, 5.409032, 0.137463, 0.500000
4.765861, 5.409717, 0.137463, 0.500000
4.765861, 5.409717, 0.137463, 0.500000
4.770814, 5.410403, 0.137463, 0.500000
4.770814, 5.410403, 0.137463, 0.500000
4.775767, 5.411088, 0.137463, 0.500000
4.775767, 5.411088, 0.137463, 0.500000
4.780720, 5.411773, 0.137463, 0.500000
4.780720, 5.411773, 0.137463, 0.500000
4.780720, 5.411773, 0.137463, 0.500000
4.785673, 5.412458, 0.137463, 0.500000
4.785673, 5.412458, 0.137463, 0.500000
4.790626, 5.413143, 0.137463, 0.500000
4.790626, 5.413143, 0.137463, 0.500000
4.790626, 5.413143, 0.137463, 0.500000
4.795578, 5.413828, 0.137463, 0.500000
4.795578, 5.413828, 0.137463, 0.500000
4.800531, 5.414514, 0.137463, 0.500000
4.800531, 5.414514, 0.137463, 0.500000
4.800531, 5.414514, 0.137463, 0.500000
4.805484, 5.415199, 0.137463, 0.500000
4.805484, 5.415199, 0.137463, 0.500000
4.810437, 5.415884, 0.137463, 0.500000
4.810437, 5.415884, 0.137463, 0.500000
4.810437, 5.415884, 0.137463, 0.500000
4.815390, 5.416569, 0.137463, 0.500000
4.815390, 5.416569, 0.137463, 0.500000
4.820343, 5.417254, 0.137463, 0.500000
4.820343, 5.417254, 0.137463, 0.500000
4.820343, 5.417254, 0.137463, 0.500000
4.825295, 5.417939, 0.137463, 0.500000
4.825295, 5.417939, 0.137463, 0.500000
4.830248, 5.418624, 0.137463, 0.500000
4.830248, 5.418624, 0.137463, 0.500000
4.830248, 5.418624, 0.137463, 0.500000
4.835201, 5.419310, 0.137463, 0.500000
4.835201, 5.419310, 0.137463, 0.500000
4.840154, 5.419995, 0.137463, 0.500000
4.840154, 5.419995, 0.137463, 0.500000
4.840154, 5.419995, 0.137463, 0.500000
4.845107, 5.420680, 0.137463, 0.500000
4.845107, 5.420680, 0.137463, 0.500000
4.850060, 5.421365, 0.137463, 0.500000
4.850060, 5.421365, 0.137463, 0.500000
4.855012, 5.422050, 0.137463, 0.500000
4.855012, 5.422050, 0.137463, 0.500000
4.859965, 5.422735, 0.137463, 0.500000
4.859965, 5.422735, 0.137463, 0.500000
4.859965, 5.422735, 0.137463, 0.500000
4.864918, 5.423421, 0.137463, 0.500000
4.864918, 5.423421, 0.137463, 0.500000
4.869871, 5.424106, 0.137463, 0.500000
4.869871, 5.424106, 0.137463, 0.500000
4.869871, 5.424106, 0.137463, 0.500000
4.874824, 5.424791, 0.137463, 0.500000
4.874824, 5.424791, 0.137463, 0.500000
4.879777, 5.425476, 0.137463, 0.500000
4.879777, 5.425476, 0.137463, 0.500000
4.879777, 5.425476, 0.137463, 0.500000
4.884729, 5.426161, 0.137463, 0.500000
4.884729, 5.426161, 0.137463, 0.500000
4.889682, 5.426846, 0.137463, 0.500000
4.889682, 5.426846, 0.137463, 0.500000
4.889682, 5.426846, 0.137463, 0.500000
4.894635, 5.427531, 0.137463, 0.500000
4.894635, 5.427531, 0.137463, 0.500000
4.899588, 5.428217, 0.137463, 0.500000
4.899588, 5.428217, 0.137463, 0.500000
4.899588, 5.428217, 0.137463, 0.500000
4.904541, 5.428902, 0.137463, 0.500000
4.904541, 5.428902, 0.137463, 0.500000
4.909494, 5.429587, 0.137463, 0.500000
4.909494, 5.429587, 0.137463, 0.500000
4.909494, 5.429587, 0.137463, 0.500000
4.914447, 5.430272, 0.137463, 0.500000
4.914447, 5.430272, 0.137463, 0.500000
4.919399, 5.430957, 0.137463, 0.500000
4.919399, 5.430957, 0.137463, 0.500000
4.919399, 5.430957, 0.137463, 0.500000
4.924352, 5.431642, 0.137463, 0.500000
4.924352, 5.431642, 0.137463, 0.500000
4.929305, 5.432327, 0.137463, 0.500000
4.929305, 5.432327, 0.137463, 0.500000
4.929305, 5.432327, 0.137463, 0.500000
4.934258, 5.433013, 0.137463, 0.500000
4.934258, 5.433013, 0.137463, 0.500000
4.939211, 5.433698, 0.137463, 0.500000
4.939211, 5.433698, 0.137463, 0.500000
4.939211, 5.433698, 0.137463, 0.500000
4.944164, 5.434383, 0.137463, 0.500000
4.944164, 5.434383, 0.137463, 0.500000
4.949116, 5.435068, 0.137463, 0.500000
4.949116, 5.435068, 0.137463, 0.500000
4.949116, 5.435068, 0.137463, 0.500000
4.954069, 5.435753, 0.137463, 0.500000
4.954069, 5.435753, 0.137463, 0.500000
4.959022, 5.436438, 0.137463, 0.500000
4.959022, 5.436438, 0.137463, 0.500000
4.963975, 5.437124, 0.137463, 0.500000
4.963975, 5.437124, 0.137463, 0.500000
4.968928, 5.437809, 0.137463, 0.500000
4.968928, 5.437809, 0.137463, 0.500000
4.973881, 5.438494, 0.137463, 0.500000
4.973881, 5.438494, 0.137463, 0.500000
4.973881, 5.438494, 0.137463, 0.500000
4.978833, 5.439179, 0.137463, 0.500000
4.978833, 5.439179, 0.137463, 0.500000
4.978833, 5.439179, 0.137463, 0.500000
4.983786, 5.439864, 0.137463, 0.500000
4.983786, 5.439864, 0.137463, 0.500000
4.988739, 5.440549, 0.137463, 0.500000
4.988739, 5.440549, 0.137463, 0.500000
4.993692, 5.441234, 0.137463, 0.500000
4.993692, 5.441234, 0.137463, 0.500000
4.998645, 5.441920, 0.137463, 0.500000
4.998645, 5.441920, 0.137463, 0.500000
4.998645, 5.441920, 0.137463, 0.500000
5.003598, 5.442605, 0.137463, 0.500000
5.003598, 5.442605, 0.137463, 0.500000
5.008550, 5.443290, 0.137463, 0.500000
5.008550, 5.443290, 0.137463, 0.500000
5.008550, 5.443290, 0.137463, 0.500000
5.013503, 5.443975, 0.137463, 0.500000
5.013503, 5.443975, 0.137463, 0.500000
5.018456, 5.444660, 0.137463, 0.500000
5.018456, 5.444660, 0.137463, 0.500000
5.018456, 5.444660, 0.137463, 0.500000
5.023409, 5.445345, 0.137463, 0.500000
5.023409, 5.445345, 0.137463, 0.500000
5.028362, 5.446031, 0.137463, 0.500000
5.028362, 5.446031, 0.137463, 0.500000
5.028362, 5.446031, 0.137463, 0.500000
5.033315, 5.446716, 0.137463, 0.500000
5.033315, 5.446716, 0.137463, 0.500000
5.038267, 5.447401, 0.137463, 0.500000
5.038267, 5.447401, 0.137463, 0.500000
5.038267, 5.447401, 0.137463, 0.500000
5.043220, 5.448086, 0.137463, 0.500000
5.043220, 5.448086, 0.137463, 0.500000
5.048173, 5.448771, 0.137463, 0.500000
5.048173, 5.448771, 0.137463, 0.500000
5.053126, 5.449456, 0.137463, 0.500000
5.053126, 5.449456, 0.137463, 0.500000
5.058079, 5.450141, 0.137463, 0.500000
5.058079, 5.450141, 0.137463, 0.500000
5.058079, 5.450141, 0.137463, 0.500000
5.063032, 5.450827, 0.137463, 0.500000
5.063032, 5.450827, 0.137463, 0.500000
5.067984, 5.451512, 0.137463, 0.500000
5.067984, 5.451512, 0.137463, 0.500000
5.067984, 5.451512, 0.137463, 0.500000
5.072937, 5.452197, 0.137463, 0.500000
5.072937, 5.452197, 0.137463, 0.500000
5.077890, 5.452882, 0.137463, 0.500000
5.077890, 5.452882, 0.137463, 0.500000
5.082843, 5.453567, 0.137463, 0.500000
5.082843, 5.453567, 0.137463, 0.500000
5.087796, 5.454252, 0.137463, 0.500000
5.087796, 5.454252, 0.137463, 0.500000
5.087796, 5.454252, 0.137463, 0.500000
5.092749, 5.454938, 0.137463, 0.500000
5.092749, 5.454938, 0.137463, 0.500000
5.097701, 5.455623, 0.137463, 0.500000
5.097701, 5.455623, 0.137463, 0.500000
5.097701, 5.455623, 0.137463, 0.500000
5.102654, 5.456308, 0.137463, 0.500000
5.107607, 5.456993, 0.137463, 0.500000
5.107607, 5.456993, 0.137463, 0.500000
5.107607, 5.456993, 0.137463, 0.500000
5.112560, 5.457678, 0.137463, 0.500000
5.112560, 5.457678, 0.137463, 0.500000
5.117513, 5.458363, 0.137463, 0.500000
5.117513, 5.458363, 0.137463, 0.500000
5.117513, 5.458363, 0.137463, 0.500000
5.122466, 5.459048, 0.137463, 0.500000
5.122466, 5.459048, 0.137463, 0.500000
5.127418, 5.459734, 0.137463, 0.500000
5.127418, 5.459734, 0.137463, 0.500000
5.127418, 5.459734, 0.137463, 0.500000
5.132371, 5.460419, 0.137463, 0.500000
5.132371, 5.460419, 0.137463, 0.500000
5.137324, 5.461104, 0.137463, 0.500000
5.137324, 5.461104, 0.137463, 0.500000
5.137324, 5.461104, 0.137463, 0.500000
5.142277, 5.461789, 0.137463, 0.500000
5.142277, 5.461789, 0.137463, 0.500000
5.147230, 5.462474, 0.137463, 0.500000
5.147230, 5.462474, 0.137463, 0.500000
5.147230, 5.462474, 0.137463, 0.500000
5.152183, 5.463159, 0.137463, 0.500000
5.152183, 5.463159, 0.137463, 0.500000
5.157135, 5.463845, 0.137463, 0.500000
5.157135, 5.463845, 0.137463, 0.500000
5.157135, 5.463845, 0.137463, 0.500000
5.162088, 5.464530, 0.137463, 0.500000
5.162088, 5.464530, 0.137463, 0.500000
5.167041, 5.465215, 0.137463, 0.500000
5.167041, 5.465215, 0.137463, 0.500000
5.167041, 5.465215, 0.137463, 0.500000
5.171994, 5.465900, 0.137463, 0.500000
5.171994, 5.465900, 0.137463, 0.500000
5.176947, 5.466585, 0.137463, 0.500000
5.176947, 5.466585, 0.137463, 0.500000
5.176947, 5.466585, 0.137463, 0.500000
5.181900, 5.467270, 0.137463, 0.500000
5.181900, 5.467270, 0.137463, 0.500000
5.186852, 5.467955, 0.137463, 0.500000
5.186852, 5.467955, 0.137463, 0.500000
5.186852, 5.467955, 0.137463, 0.500000
5.191805, 5.468641, 0.137463, 0.500000
5.191805, 5.468641, 0.137463, 0.500000
5.196758, 5.469326, 0.137463, 0.500000
5.196758, 5.469326, 0.137463, 0.500000
5.196758, 5.469326, 0.137463, 0.500000
5.201711, 5.470011, 0.137463, 0.500000
5.201711, 5.470011, 0.137463, 0.500000
5.206664, 5.470696, 0.137463, 0.500000
5.206664, 5.470696, 0.137463, 0.500000
5.206664, 5.470696, 0.137463, 0.500000
5.211617, 5.471381, 0.137463, 0.500000
5.211617, 5.471381, 0.137463, 0.500000
5.216569, 5.472066, 0.137463, 0.500000
5.216569, 5.472066, 0.137463, 0.500000
5.216569, 5.472066, 0.137463, 0.500000
5.221522, 5.472752, 0.137463, 0.500000
5.221522, 5.472752, 0.137463, 0.500000
5.226475, 5.473437, 0.137463, 0.500000
5.226475, 5.473437, 0.137463, 0.500000
5.226475, 5.473437, 0.137463, 0.500000
5.231428, 5.474122, 0.137463, 0.500000
5.231428, 5.474122, 0.137463, 0.500000
5.236381, 5.474807, 0.137463, 0.500000
5.236381, 5.474807, 0.137463, 0.500000
5.241334, 5.475492, 0.137463, 0.500000
5.241334, 5.475492, 0.137463, 0.500000
5.246286, 5.476177, 0.137463, 0.500000
5.246286, 5.476177, 0.137463, 0.500000
5.246286, 5.476177, 0.137463, 0.500000
5.251239, 5.476862, 0.137463, 0.500000
5.251239, 5.476862, 0.137463, 0.500000
5.256192, 5.477548, 0.137463, 0.500000
5.256192, 5.477548, 0.137463, 0.500000
5.256192, 5.477548, 0.137463, 0.500000
5.261145, 5.478233, 0.137463, 0.500000
5.261145, 5.478233, 0.137463, 0.500000
5.266098, 5.478918, 0.137463, 0.500000
5.266098, 5.478918, 0.137463, 0.500000
5.266098, 5.478918, 0.137463, 0.500000
5.271051, 5.479603, 0.137463, 0.500000
5.271051, 5.479603, 0.137463, 0.500000
5.276003, 5.480288, 0.137463, 0.500000
5.276003, 5.480288, 0.137463, 0.500000
5.276003, 5.480288, 0.137463, 0.500000
5.280956, 5.480973, 0.137463, 0.500000
5.280956, 5.480973, 0.137463, 0.500000
5.285909, 5.481659, 0.137463, 0.500000
5.285909, 5.481659, 0.137463, 0.500000
5.285909, 5.481659, 0.137463, 0.500000
5.290862, 5.482344, 0.137463, 0.500000
5.290862, 5.482344, 0.137463, 0.500000
5.295815, 5.483029, 0.137463, 0.500000
5.295815, 5.483029, 0.137463, 0.500000
5.295815, 5.483029, 0.137463, 0.500000
5.300768, 5.483714, 0.137463, 0.500000
5.300768, 5.483714, 0.137463, 0.500000
5.305720, 5.484399, 0.137463, 0.500000
5.305720, 5.484399, 0.137463, 0.500000
5.305720, 5.484399, 0.137463, 0.500000
5.310673, 5.485084, 0.137463, 0.500000
5.310673, 5.485084, 0.137463, 0.500000
5.315626, 5.485769, 0.137463, 0.500000
5.315626, 5.485769, 0.137463, 0.500000
5.315626, 5.485769, 0.137463, 0.500000
5.320579, 5.486455, 0.137463, 0.500000
5.320579, 5.486455, 0.137463, 0.500000
5.325532, 5.487140, 0.137463, 0.500000
5.325532, 5.487140, 0.137463, 0.500000
5.325532, 5.487140, 0.137463, 0.500000
5.330485, 5.487825, 0.137463, 0.500000
5.330485, 5.487825, 0.137463, 0.500000
5.335437, 5.488510, 0.137463, 0.500000
5.335437, 5.488510, 0.137463, 0.500000
5.335437, 5.488510, 0.137463, 0.500000
5.340390, 5.489195, 0.137463, 0.500000
5.340390, 5.489195, 0.137463, 0.500000
5.345343, 5.489880, 0.137463, 0.500000
5.345343, 5.489880, 0.137463, 0.500000
5.345343, 5.489880, 0.137463, 0.500000
5.350296, 5.490566, 0.137463, 0.500000
5.350296, 5.490566, 0.137463, 0.500000
5.355249, 5.491251, 0.137463, 0.500000
5.355249, 5.491251, 0.137463, 0.500000
5.355249, 5.491251, 0.137463, 0.500000
5.360202, 5.491936, 0.137463, 0.500000
5.360202, 5.491936, 0.137463, 0.500000
5.365154, 5.492621, 0.137463, 0.500000
5.365154, 5.492621, 0.137463, 0.500000
5.365154, 5.492621, 0.137463, 0.500000
5.370107, 5.493306, 0.137463, 0.500000
5.370107, 5.493306, 0.137463, 0.500000
5.375060, 5.493991, 0.137463, 0.500000
5.375060, 5.493991, 0.137463, 0.500000
5.375060, 5.493991, 0.137463, 0.500000
5.380013, 5.494676, 0.137463, 0.500000
5.380013, 5.494676, 0.137463, 0.500000
5.384966, 5.495362, 0.137463, 0.500000
5.384966, 5.495362, 0.137463, 0.500000
5.384966, 5.495362, 0.137463, 0.500000
5.389919, 5.496047, 0.137463, 0.500000
5.389919, 5.496047, 0.137463, 0.500000
5.394871, 5.496732, 0.137463, 0.500000
5.394871, 5.496732, 0.137463, 0.500000
5.394871, 5.496732, 0.137463, 0.500000
5.399824, 5.497417, 0.137463, 0.500000
5.399824, 5.497417, 0.137463, 0.500000
5.404777, 5.498102, 0.137463, 0.500000
5.404777, 5.498102, 0.137463, 0.500000
5.404777, 5.498102, 0.137463, 0.500000
5.409730, 5.498787, 0.137463, 0.500000
5.409730, 5.498787, 0.137463, 0.500000
5.414683, 5.499473, 0.137463, 0.500000
5.414683, 5.499473, 0.137463, 0.500000
5.414683, 5.499473, 0.137463, 0.500000
5.419636, 5.500158, 0.137463, 0.500000
5.419636, 5.500158, 0.137463, 0.500000
5.424588, 5.500843, 0.137463, 0.500000
5.424588, 5.500843, 0.137463, 0.500000
5.424588, 5.500843, 0.137463, 0.500000
5.429541, 5.501528, 0.137463, 0.500000
5.429541, 5.501528, 0.137463, 0.500000
5.434494, 5.502213, 0.137463, 0.500000
5.434494, 5.502213, 0.137463, 0.500000
5.434494, 5.502213, 0.137463, 0.500000
5.439447, 5.502898, 0.137463, 0.500000
5.439447, 5.502898, 0.137463, 0.500000
5.444400, 5.503583, 0.137463, 0.500000
5.444400, 5.503583, 0.137463, 0.500000
5.449353, 5.504269, 0.137463, 0.500000
5.449353, 5.504269, 0.137463, 0.500000
5.454305, 5.504954, 0.137463, 0.500000
5.454305, 5.504954, 0.137463, 0.500000
5.454305, 5.504954, 0.137463, 0.500000
5.459258, 5.505639, 0.137463, 0.500000
5.459258, 5.505639, 0.137463, 0.500000
5.464211, 5.506324, 0.137463, 0.500000
5.464211, 5.506324, 0.137463, 0.500000
5.464211, 5.506324, 0.137463, 0.500000
5.469164, 5.507009, 0.137463, 0.500000
5.469164, 5.507009, 0.137463, 0.500000
5.474117, 5.507694, 0.137463, 0.500000
5.474117, 5.507694, 0.137463, 0.500000
5.479070, 5.508380, 0.137463, 0.500000
5.479070, 5.508380, 0.137463, 0.500000
5.484022, 5.509065, 0.137463, 0.500000
5.484022, 5.509065, 0.137463, 0.500000
5.484022, 5.509065, 0.137463, 0.500000
5.488975, 5.509750, 0.137463, 0.500000
5.488975, 5.509750, 0.137463, 0.500000
5.493928, 5.510435, 0.137463, 0.500000
5.493928, 5.510435, 0.137463, 0.500000
5.493928, 5.510435, 0.137463, 0.500000
5.498881, 5.511120, 0.137463, 0.500000
5.498881, 5.511120, 0.137463, 0.500000
5.503834, 5.511805, 0.137463, 0.500000
5.503834, 5.511805, 0.137463, 0.500000
5.503834, 5.511805, 0.137463, 0.500000
5.508787, 5.512490, 0.137463, 0.500000
5.508787, 5.512490, 0.137463, 0.500000
5.513739, 5.513176, 0.137463, 0.500000
5.513739, 5.513176, 0.137463, 0.500000
5.518692, 5.513861, 0.137463, 0.500000
5.518692, 5.513861, 0.137463, 0.500000
5.523645, 5.514546, 0.137463, 0.500000
5.523645, 5.514546, 0.137463, 0.500000
5.528598, 5.515231, 0.137463, 0.500000
5.528598, 5.515231, 0.137463, 0.500000
5.533551, 5.515916, 0.137463, 0.500000
5.533551, 5.515916, 0.137463, 0.500000
5.533551, 5.515916, 0.137463, 0.500000
5.538504, 5.516601, 0.137463, 0.500000
5.538504, 5.516601, 0.137463, 0.500000
5.543456, 5.517287, 0.137463, 0.500000
5.543456, 5.517287, 0.137463, 0.500000
5.543456, 5.517287, 0.137463, 0.500000
5.548409, 5.517972, 0.137463, 0.500000
5.548409, 5.517972, 0.137463, 0.500000
5.553362, 5.518657, 0.137463, 0.500000
5.553362, 5.518657, 0.137463, 0.500000
5.553362, 5.518657, 0.137463, 0.500000
5.558315, 5.519342, 0.137463, 0.500000
5.558315, 5.519342, 0.137463, 0.500000
5.563268, 5.520027, 0.137463, 0.500000
5.563268, 5.520027, 0.137463, 0.500000
5.563268, 5.520027, 0.137463, 0.500000
5.568221, 5.520712, 0.137463, 0.500000
5.568221, 5.520712, 0.137463, 0.500000
5.573173, 5.521397, 0.137463, 0.500000
5.573173, 5.521397, 0.137463, 0.500000
5.578126, 5.522083, 0.137463, 0.500000
5.578126, 5.522083, 0.137463, 0.500000
5.583079, 5.522768, 0.137463, 0.500000
5.583079, 5.522768, 0.137463, 0.500000
5.583079, 5.522768, 0.137463, 0.500000
5.588032, 5.523453, 0.137463, 0.500000
5.588032, 5.523453, 0.137463, 0.500000
5.592985, 5.524138, 0.137463, 0.500000
5.592985, 5.524138, 0.137463, 0.500000
5.592985, 5.524138, 0.137463, 0.500000
5.597938, 5.524823, 0.137463, 0.500000
5.597938, 5.524823, 0.137463, 0.500000
5.602890, 5.525508, 0.137463, 0.500000
5.602890, 5.525508, 0.137463, 0.500000
5.607843, 5.526194, 0.137463, 0.500000
5.607843, 5.526194, 0.137463, 0.500000
5.612796, 5.526879, 0.137463, 0.500000
5.612796, 5.526879, 0.137463, 0.500000
5.612796, 5.526879, 0.137463, 0.500000
5.617749, 5.527564, 0.137463, 0.500000
5.617749, 5.527564, 0.137463, 0.500000
5.622702, 5.528249, 0.137463, 0.500000
5.622702, 5.528249, 0.137463, 0.500000
5.622702, 5.528249, 0.137463, 0.500000
5.627655, 5.528934, 0.137463, 0.500000
5.627655, 5.528934, 0.137463, 0.500000
5.632607, 5.529619, 0.137463, 0.500000
5.632607, 5.529619, 0.137463, 0.500000
5.637560, 5.530304, 0.137463, 0.500000
5.637560, 5.530304, 0.137463, 0.500000
5.642513, 5.530990, 0.137463, 0.500000
5.642513, 5.530990, 0.137463, 0.500000
5.642513, 5.530990, 0.137463, 0.500000
5.647466, 5.531675, 0.137463, 0.500000
5.647466, 5.531675, 0.137463, 0.500000
5.652419, 5.532360, 0.137463, 0.500000
5.652419, 5.532360, 0.137463, 0.500000
5.652419, 5.532360, 0.137463, 0.500000
5.657372, 5.533045, 0.137463, 0.500000
5.657372, 5.533045, 0.137463, 0.500000
5.662324, 5.533730, 0.137463, 0.500000
5.662324, 5.533730, 0.137463, 0.500000
5.662324, 5.533730, 0.137463, 0.500000
5.667277, 5.534415, 0.137463, 0.500000
5.667277, 5.534415, 0.137463, 0.500000
5.672230, 5.535101, 0.137463, 0.500000
5.672230, 5.535101, 0.137463, 0.500000
5.672230, 5.535101, 0.137463, 0.500000
5.677183, 5.535786, 0.137463, 0.500000
5.677183, 5.535786, 0.137463, 0.500000
5.682136, 5.536471, 0.137463, 0.500000
5.682136, 5.536471, 0.137463, 0.500000
5.682136, 5.536471, 0.137463, 0.500000
5.687089, 5.537156, 0.137463, 0.500000
5.687089, 5.537156, 0.137463, 0.500000
5.692041, 5.537841, 0.137463, 0.500000
5.692041, 5.537841, 0.137463, 0.500000
5.692041, 5.537841, 0.137463, 0.500000
5.696994, 5.538526, 0.137463, 0.500000
5.696994, 5.538526, 0.137463, 0.500000
5.701947, 5.539211, 0.137463, 0.500000
5.701947, 5.539211, 0.137463, 0.500000
5.701947, 5.539211, 0.137463, 0.500000
5.706900, 5.539897, 0.137463, 0.500000
5.706900, 5.539897, 0.137463, 0.500000
5.711853, 5.540582, 0.137463, 0.500000
5.711853, 5.540582, 0.137463, 0.500000
5.711853, 5.540582, 0.137463, 0.500000
5.716806, 5.541267, 0.137463, 0.500000
5.716806, 5.541267, 0.137463, 0.500000
5.721758, 5.541952, 0.137463, 0.500000
5.721758, 5.541952, 0.137463, 0.500000
5.721758, 5.541952, 0.137463, 0.500000
5.726711, 5.542637, 0.137463, 0.500000
5.726711, 5.542637, 0.137463, 0.500000
5.731664, 5.543322, 0.137463, 0.500000
5.731664, 5.543322, 0.137463, 0.500000
5.731664, 5.543322, 0.137463, 0.500000
5.736617, 5.544008, 0.137463, 0.500000
5.736617, 5.544008, 0.137463, 0.500000
5.741570, 5.544693, 0.137463, 0.500000
5.741570, 5.544693, 0.137463, 0.500000
5.741570, 5.544693, 0.137463, 0.500000
5.746523, 5.545378, 0.137463, 0.500000
5.746523, 5.545378, 0.137463, 0.500000
5.751475, 5.546063, 0.137463, 0.500000
5.751475, 5.546063, 0.137463, 0.500000
5.751475, 5.546063, 0.137463, 0.500000
5.756428, 5.546748, 0.137463, 0.500000
5.756428, 5.546748, 0.137463, 0.500000
5.761381, 5.547433, 0.137463, 0.500000
5.761381, 5.547433, 0.137463, 0.500000
5.766334, 5.548118, 0.137463, 0.500000
5.766334, 5.548118, 0.137463, 0.500000
5.771287, 5.548804, 0.137463, 0.500000
5.771287, 5.548804, 0.137463, 0.500000
5.771287, 5.548804, 0.137463, 0.500000
5.776240, 5.549489, 0.137463, 0.500000
5.776240, 5.549489, 0.137463, 0.500000
5.781192, 5.550174, 0.137463, 0.500000
5.781192, 5.550174, 0.137463, 0.500000
5.781192, 5.550174, 0.137463, 0.500000
5.786145, 5.550859, 0.137463, 0.500000
5.786145, 5.550859, 0.137463, 0.500000
5.791098, 5.551544, 0.137463, 0.500000
5.791098, 5.551544, 0.137463, 0.500000
5.791098, 5.551544, 0.137463, 0.500000
5.796051, 5.552229, 0.137463, 0.500000
5.796051, 5.552229, 0.137463, 0.500000
5.801004, 5.552915, 0.137463, 0.500000
5.801004, 5.552915, 0.137463, 0.500000
5.801004, 5.552915, 0.137463, 0.500000
5.805957, 5.553600, 0.137463, 0.500000
5.805957, 5.553600, 0.137463, 0.500000
5.810909, 5.554285, 0.137463, 0.500000
5.810909, 5.554285, 0.137463, 0.500000
5.810909, 5.554285, 0.137463, 0.500000
5.815862, 5.554970, 0.137463, 0.500000
5.815862, 5.554970, 0.137463, 0.500000
5.820815, 5.555655, 0.137463, 0.500000
5.820815, 5.555655, 0.137463, 0.500000
5.820815, 5.555655, 0.137463, 0.500000
5.825768, 5.556340, 0.137463, 0.500000
5.825768, 5.556340, 0.137463, 0.500000
5.830721, 5.557025, 0.137463, 0.500000
5.830721, 5.557025, 0.137463, 0.500000
5.830721, 5.557025, 0.137463, 0.500000
5.835674, 5.557711, 0.137463, 0.500000
5.835674, 5.557711, 0.137463, 0.500000
5.840626, 5.558396, 0.137463, 0.500000
5.840626, 5.558396, 0.137463, 0.500000
5.840626, 5.558396, 0.137463, 0.500000
5.845579, 5.559081, 0.137463, 0.500000
5.845579, 5.559081, 0.137463, 0.500000
5.850532, 5.559766, 0.137463, 0.500000
5.850532, 5.559766, 0.137463, 0.500000
5.850532, 5.559766, 0.137463, 0.500000
5.855485, 5.560451, 0.137463, 0.500000
5.855485, 5.560451, 0.137463, 0.500000
5.860438, 5.561136, 0.137463, 0.500000
5.860438, 5.561136, 0.137463, 0.500000
5.860438, 5.561136, 0.137463, 0.500000
5.865391, 5.561822, 0.137463, 0.500000
5.865391, 5.561822, 0.137463, 0.500000
5.870343, 5.562507, 0.137463, 0.500000
5.870343, 5.562507, 0.137463, 0.500000
5.870343, 5.562507, 0.137463, 0.500000
5.875296, 5.563192, 0.137463, 0.500000
5.875296, 5.563192, 0.137463, 0.500000
5.880249, 5.563877, 0.137463, 0.500000
5.880249, 5.563877, 0.137463, 0.500000
5.880249, 5.563877, 0.137463, 0.500000
5.885202, 5.564562, 0.137463, 0.500000
5.885202, 5.564562, 0.137463, 0.500000
5.890155, 5.565247, 0.137463, 0.500000
5.890155, 5.565247, 0.137463, 0.500000
5.890155, 5.565247, 0.137463, 0.500000
5.895108, 5.565932, 0.137463, 0.500000
5.895108, 5.565932, 0.137463, 0.500000
5.900060, 5.566618, 0.137463, 0.500000
5.900060, 5.566618, 0.137463, 0.500000
5.900060, 5.566618, 0.137463, 0.500000
5.905013, 5.567303, 0.137463, 0.500000
5.905013, 5.567303, 0.137463, 0.500000
5.909966, 5.567988, 0.137463, 0.500000
5.909966, 5.567988, 0.137463, 0.500000
5.909966, 5.567988, 0.137463, 0.500000
5.914919, 5.568673, 0.137463, 0.500000
5.914919, 5.568673, 0.137463, 0.500000
5.919872, 5.569358, 0.137463, 0.500000
5.919872, 5.569358, 0.137463, 0.500000
5.924825, 5.570043, 0.137463, 0.500000
5.924825, 5.570043, 0.137463, 0.500000
5.929777, 5.570729, 0.137463, 0.500000
5.929777, 5.570729, 0.137463, 0.500000
5.929777, 5.570729, 0.137463, 0.500000
5.934730, 5.571414, 0.137463, 0.500000
5.934730, 5.571414, 0.137463, 0.500000
5.939683, 5.572099, 0.137463, 0.500000
5.939683, 5.572099, 0.137463, 0.500000
5.944636, 5.572784, 0.137463, 0.500000
5.944636, 5.572784, 0.137463, 0.500000
5.949589, 5.573469, 0.137463, 0.500000
5.949589, 5.573469, 0.137463, 0.500000
5.949589, 5.573469, 0.137463, 0.500000
5.954542, 5.574154, 0.137463, 0.500000
5.954542, 5.574154, 0.137463, 0.500000
5.959494, 5.574839, 0.137463, 0.500000
5.959494, 5.574839, 0.137463, 0.500000
5.959494, 5.574839, 0.137463, 0.500000
5.964447, 5.575525, 0.137463, 0.500000
5.964447, 5.575525, 0.137463, 0.500000
5.969400, 5.576210, 0.137463, 0.500000
5.969400, 5.576210, 0.137463, 0.500000
5.969400, 5.576210, 0.137463, 0.500000
5.974353, 5.576895, 0.137463, 0.500000
5.974353, 5.576895, 0.137463, 0.500000
5.979306, 5.577580, 0.137463, 0.500000
5.979306, 5.577580, 0.137463, 0.500000
5.979306, 5.577580, 0.137463, 0.500000
5.984259, 5.578265, 0.137463, 0.500000
5.984259, 5.578265, 0.137463, 0.500000
5.989211, 5.578950, 0.137463, 0.500000
5.989211, 5.578950, 0.137463, 0.500000
5.994164, 5.579636, 0.137463, 0.500000
5.994164, 5.579636, 0.137463, 0.500000
5.999117, 5.580321, 0.137463, 0.500000
5.999117, 5.580321, 0.137463, 0.500000
5.999117, 5.580321, 0.137463, 0.500000
6.004070, 5.581006, 0.137463, 0.500000
6.004070, 5.581006, 0.137463, 0.500000
6.009023, 5.581691, 0.137463, 0.500000
6.009023, 5.581691, 0.137463, 0.500000
6.009023, 5.581691, 0.137463, 0.500000
6.013976, 5.582376, 0.137463, 0.500000
6.013976, 5.582376, 0.137463, 0.500000
6.018928, 5.583061, 0.137463, 0.500000
6.023881, 5.583746, 0.137463, 0.500000
6.023881, 5.583746, 0.137463, 0.500000
6.023881, 5.583746, 0.137463, 0.500000
6.028834, 5.584432, 0.137463, 0.500000
6.028834, 5.584432, 0.137463, 0.500000
6.028834, 5.584432, 0.137463, 0.500000
6.033787, 5.585117, 0.137463, 0.500000
6.033787, 5.585117, 0.137463, 0.500000
6.038740, 5.585802, 0.137463, 0.500000
6.038740, 5.585802, 0.137463, 0.500000
6.043693, 5.586487, 0.137463, 0.500000
6.043693, 5.586487, 0.137463, 0.500000
6.048645, 5.587172, 0.137463, 0.500000
6.048645, 5.587172, 0.137463, 0.500000
6.048645, 5.587172, 0.137463, 0.500000
6.053598, 5.587857, 0.137463, 0.500000
6.053598, 5.587857, 0.137463, 0.500000
6.058551, 5.588543, 0.137463, 0.500000
6.058551, 5.588543, 0.137463, 0.500000
6.058551, 5.588543, 0.137463, 0.500000
6.063504, 5.589228, 0.137463, 0.500000
6.063504, 5.589228, 0.137463, 0.500000
6.068457, 5.589913, 0.137463, 0.500000
6.068457, 5.589913, 0.137463, 0.500000
6.068457, 5.589913, 0.137463, 0.500000
6.073410, 5.590598, 0.137463, 0.500000
6.073410, 5.590598, 0.137463, 0.500000
6.078362, 5.591283, 0.137463, 0.500000
6.078362, 5.591283, 0.137463, 0.500000
6.078362, 5.591283, 0.137463, 0.500000
6.083315, 5.591968, 0.137463, 0.500000
6.083315, 5.591968, 0.137463, 0.500000
6.088268, 5.592653, 0.137463, 0.500000
6.088268, 5.592653, 0.137463, 0.500000
6.088268, 5.592653, 0.137463, 0.500000
6.093221, 5.593339, 0.137463, 0.500000
6.093221, 5.593339, 0.137463, 0.500000
6.098174, 5.594024, 0.137463, 0.500000
6.098174, 5.594024, 0.137463, 0.500000
6.098174, 5.594024, 0.137463, 0.500000
6.103127, 5.594709, 0.137463, 0.500000
6.103127, 5.594709, 0.137463, 0.500000
6.108079, 5.595394, 0.137463, 0.500000
6.108079, 5.595394, 0.137463, 0.500000
6.108079, 5.595394, 0.137463, 0.500000
6.113032, 5.596079, 0.137463, 0.500000
6.113032, 5.596079, 0.137463, 0.500000
6.117985, 5.596764, 0.137463, 0.500000
6.117985, 5.596764, 0.137463, 0.500000
6.117985, 5.596764, 0.137463, 0.500000
6.122938, 5.597450, 0.137463, 0.500000
6.122938, 5.597450, 0.137463, 0.500000
6.127891, 5.598135, 0.137463, 0.500000
6.127891, 5.598135, 0.137463, 0.500000
6.127891, 5.598135, 0.137463, 0.500000
6.132844, 5.598820, 0.137463, 0.500000
6.132844, 5.598820, 0.137463, 0.500000
6.137796, 5.599505, 0.137463, 0.500000
6.137796, 5.599505, 0.137463, 0.500000
6.137796, 5.599505, 0.137463, 0.500000
6.142749, 5.600190, 0.137463, 0.500000
6.142749, 5.600190, 0.137463, 0.500000
6.147702, 5.600875, 0.137463, 0.500000
6.147702, 5.600875, 0.137463, 0.500000
6.147702, 5.600875, 0.137463, 0.500000
6.152655, 5.601560, 0.137463, 0.500000
6.152655, 5.601560, 0.137463, 0.500000
6.157608, 5.602246, 0.137463, 0.500000
6.157608, 5.602246, 0.137463, 0.500000
6.157608, 5.602246, 0.137463, 0.500000
6.162561, 5.602931, 0.137463, 0.500000
6.162561, 5.602931, 0.137463, 0.500000
6.167513, 5.603616, 0.137463, 0.500000
6.167513, 5.603616, 0.137463, 0.500000
6.167513, 5.603616, 0.137463, 0.500000
6.172466, 5.604301, 0.137463, 0.500000
6.172466, 5.604301, 0.137463, 0.500000
6.177419, 5.604986, 0.137463, 0.500000
6.177419, 5.604986, 0.137463, 0.500000
6.177419, 5.604986, 0.137463, 0.500000
6.182372, 5.605671, 0.137463, 0.500000
6.182372, 5.605671, 0.137463, 0.500000
6.187325, 5.606357, 0.137463, 0.500000
6.187325, 5.606357, 0.137463, 0.500000
6.192278, 5.607042, 0.137463, 0.500000
6.192278, 5.607042, 0.137463, 0.500000
6.197230, 5.607727, 0.137463, 0.500000
6.197230, 5.607727, 0.137463, 0.500000
6.197230, 5.607727, 0.137463, 0.500000
6.202183, 5.608412, 0.137463, 0.500000
6.202183, 5.608412, 0.137463, 0.500000
6.207136, 5.609097, 0.137463, 0.500000
6.207136, 5.609097, 0.137463, 0.500000
6.207136, 5.609097, 0.137463, 0.500000
6.212089, 5.609782, 0.137463, 0.500000
6.212089, 5.609782, 0.137463, 0.500000
6.217042, 5.610467, 0.137463, 0.500000
6.217042, 5.610467, 0.137463, 0.500000
6.217042, 5.610467, 0.137463, 0.500000
6.221995, 5.611153, 0.137463, 0.500000
6.221995, 5.611153, 0.137463, 0.500000
6.226948, 5.611838, 0.137463, 0.500000
6.226948, 5.611838, 0.137463, 0.500000
6.226948, 5.611838, 0.137463, 0.500000
6.231900, 5.612523, 0.137463, 0.500000
6.231900, 5.612523, 0.137463, 0.500000
6.236853, 5.613208, 0.137463, 0.500000
6.236853, 5.613208, 0.137463, 0.500000
6.236853, 5.613208, 0.137463, 0.500000
6.241806, 5.613893, 0.137463, 0.500000
6.241806, 5.613893, 0.137463, 0.500000
6.246759, 5.614578, 0.137463, 0.500000
6.246759, 5.614578, 0.137463, 0.500000
6.246759, 5.614578, 0.137463, 0.500000
6.251712, 5.615264, 0.137463, 0.500000
6.251712, 5.615264, 0.137463, 0.500000
6.256665, 5.615949, 0.137463, 0.500000
6.256665, 5.615949, 0.137463, 0.500000
6.261617, 5.616634, 0.137463, 0.500000
6.261617, 5.616634, 0.137463, 0.500000
6.266570, 5.617319, 0.137463, 0.500000
6.266570, 5.617319, 0.137463, 0.500000
6.266570, 5.617319, 0.137463, 0.500000
6.271523, 5.618004, 0.137463, 0.500000
6.271523, 5.618004, 0.137463, 0.500000
6.276476, 5.618689, 0.137463, 0.500000
6.276476, 5.618689, 0.137463, 0.500000
6.276476, 5.618689, 0.137463, 0.500000
6.281429, 5.619374, 0.137463, 0.500000
6.281429, 5.619374, 0.137463, 0.500000
6.286382, 5.620060, 0.137463, 0.500000
6.286382, 5.620060, 0.137463, 0.500000
6.286382, 5.620060, 0.137463, 0.500000
6.291334, 5.620745, 0.137463, 0.500000
6.291334, 5.620745, 0.137463, 0.500000
6.296287, 5.621430, 0.137463, 0.500000
6.296287, 5.621430, 0.137463, 0.500000
6.296287, 5.621430, 0.137463, 0.500000
6.301240, 5.622115, 0.137463, 0.500000
6.301240, 5.622115, 0.137463, 0.500000
6.306193, 5.622800, 0.137463, 0.500000
6.306193, 5.622800, 0.137463, 0.500000
6.311146, 5.623485, 0.137463, 0.500000
6.311146, 5.623485, 0.137463, 0.500000
6.316099, 5.624171, 0.137463, 0.500000
6.316099, 5.624171, 0.137463, 0.500000
6.316099, 5.624171, 0.137463, 0.500000
6.321051, 5.624856, 0.137463, 0.500000
6.321051, 5.624856, 0.137463, 0.500000
6.326004, 5.625541, 0.137463, 0.500000
6.326004, 5.625541, 0.137463, 0.500000
6.326004, 5.625541, 0.137463, 0.500000
6.330957, 5.626226, 0.137463, 0.500000
6.330957, 5.626226, 0.137463, 0.500000
6.335910, 5.626911, 0.137463, 0.500000
6.335910, 5.626911, 0.137463, 0.500000
6.340863, 5.627596, 0.137463, 0.500000
6.340863, 5.627596, 0.137463, 0.500000
6.345816, 5.628281, 0.137463, 0.500000
6.345816, 5.628281, 0.137463, 0.500000
6.345816, 5.628281, 0.137463, 0.500000
6.350768, 5.628967, 0.137463, 0.500000
6.350768, 5.628967, 0.137463, 0.500000
6.355721, 5.629652, 0.137463, 0.500000
6.355721, 5.629652, 0.137463, 0.500000
6.360674, 5.630337, 0.137463, 0.500000
6.360674, 5.630337, 0.137463, 0.500000
6.365627, 5.631022, 0.137463, 0.500000
6.365627, 5.631022, 0.137463, 0.500000
6.365627, 5.631022, 0.137463, 0.500000
6.370580, 5.631707, 0.137463, 0.500000
6.370580, 5.631707, 0.137463, 0.500000
6.375533, 5.632392, 0.137463, 0.500000
6.375533, 5.632392, 0.137463, 0.500000
6.375533, 5.632392, 0.137463, 0.500000
6.380485, 5.633078, 0.137463, 0.500000
6.380485, 5.633078, 0.137463, 0.500000
6.385438, 5.633763, 0.137463, 0.500000
6.385438, 5.633763, 0.137463, 0.500000
6.385438, 5.633763, 0.137463, 0.500000
6.390391, 5.634448, 0.137463, 0.500000
6.390391, 5.634448, 0.137463, 0.500000
6.395344, 5.635133, 0.137463, 0.500000
6.395344, 5.635133, 0.137463, 0.500000
6.400297, 5.635818, 0.137463, 0.500000
6.400297, 5.635818, 0.137463, 0.500000
6.405250, 5.636503, 0.137463, 0.500000
6.405250, 5.636503, 0.137463, 0.500000
6.405250, 5.636503, 0.137463, 0.500000
6.410202, 5.637188, 0.137463, 0.500000
6.410202, 5.637188, 0.137463, 0.500000
6.415155, 5.637874, 0.137463, 0.500000
6.415155, 5.637874, 0.137463, 0.500000
6.420108, 5.638559, 0.137463, 0.500000
6.420108, 5.638559, 0.137463, 0.500000
6.425061, 5.639244, 0.137463, 0.500000
6.425061, 5.639244, 0.137463, 0.500000
6.425061, 5.639244, 0.137463, 0.500000
6.430014, 5.639929, 0.137463, 0.500000
6.430014, 5.639929, 0.137463, 0.500000
6.434967, 5.640614, 0.137463, 0.500000
6.434967, 5.640614, 0.137463, 0.500000
6.434967, 5.640614, 0.137463, 0.500000
6.439919, 5.641299, 0.137463, 0.500000
6.439919, 5.641299, 0.137463, 0.500000
6.444872, 5.641985, 0.137463, 0.500000
6.444872, 5.641985, 0.137463, 0.500000
6.444872, 5.641985, 0.137463, 0.500000
6.449825, 5.642670, 0.137463, 0.500000
6.449825, 5.642670, 0.137463, 0.500000
6.454778, 5.643355, 0.137463, 0.500000
6.454778, 5.643355, 0.137463, 0.500000
6.454778, 5.643355, 0.137463, 0.500000
6.459731, 5.644040, 0.137463, 0.500000
6.459731, 5.644040, 0.137463, 0.500000
6.464684, 5.644725, 0.137463, 0.500000
6.464684, 5.644725, 0.137463, 0.500000
6.464684, 5.644725, 0.137463, 0.500000
6.469636, 5.645410, 0.137463, 0.500000
6.469636, 5.645410, 0.137463, 0.500000
6.474589, 5.646095, 0.137463, 0.500000
6.474589, 5.646095, 0.137463, 0.500000
6.474589, 5.646095, 0.137463, 0.500000
6.479542, 5.646781, 0.137463, 0.500000
6.479542, 5.646781, 0.137463, 0.500000
6.484495, 5.647466, 0.137463, 0.500000
6.484495, 5.647466, 0.137463, 0.500000
6.484495, 5.647466, 0.137463, 0.500000
6.489448, 5.648151, 0.137463, 0.500000
6.489448, 5.648151, 0.137463, 0.500000
6.494401, 5.648836, 0.137463, 0.500000
6.494401, 5.648836, 0.137463, 0.500000
6.494401, 5.648836, 0.137463, 0.500000
6.499353, 5.649521, 0.137463, 0.500000
6.499353, 5.649521, 0.137463, 0.500000
6.504306, 5.650206, 0.137463, 0.500000
6.504306, 5.650206, 0.137463, 0.500000
6.504306, 5.650206, 0.137463, 0.500000
6.509259, 5.650892, 0.137463, 0.500000
6.509259, 5.650892, 0.137463, 0.500000
6.514212, 5.651577, 0.137463, 0.500000
6.514212, 5.651577, 0.137463, 0.500000
6.514212, 5.651577, 0.137463, 0.500000
6.519165, 5.652262, 0.137463, 0.500000
6.519165, 5.652262, 0.137463, 0.500000
6.524118, 5.652947, 0.137463, 0.500000
6.524118, 5.652947, 0.137463, 0.500000
6.524118, 5.652947, 0.137463, 0.500000
6.529070, 5.653632, 0.137463, 0.500000
6.529070, 5.653632, 0.137463, 0.500000
6.534023, 5.654317, 0.137463, 0.500000
6.534023, 5.654317, 0.137463, 0.500000
6.534023, 5.654317, 0.137463, 0.500000
6.538976, 5.655002, 0.137463, 0.500000
6.538976, 5.655002, 0.137463, 0.500000
6.543929, 5.655688, 0.137463, 0.500000
6.543929, 5.655688, 0.137463, 0.500000
6.548882, 5.656373, 0.137463, 0.500000
6.548882, 5.656373, 0.137463, 0.500000
6.553835, 5.657058, 0.137463, 0.500000
6.553835, 5.657058, 0.137463, 0.500000
6.558787, 5.657743, 0.137463, 0.500000
6.558787, 5.657743, 0.137463, 0.500000
6.563740, 5.658428, 0.137463, 0.500000
6.563740, 5.658428, 0.137463, 0.500000
6.563740, 5.658428, 0.137463, 0.500000
6.568693, 5.659113, 0.137463, 0.500000
6.568693, 5.659113, 0.137463, 0.500000
6.573646, 5.659799, 0.137463, 0.500000
6.573646, 5.659799, 0.137463, 0.500000
6.573646, 5.659799, 0.137463, 0.500000
6.578599, 5.660484, 0.137463, 0.500000
6.578599, 5.660484, 0.137463, 0.500000
6.583552, 5.661169, 0.137463, 0.500000
6.583552, 5.661169, 0.137463, 0.500000
6.588504, 5.661854, 0.137463, 0.500000
6.588504, 5.661854, 0.137463, 0.500000
6.593457, 5.662539, 0.137463, 0.500000
6.593457, 5.662539, 0.137463, 0.500000
6.593457, 5.662539, 0.137463, 0.500000
6.598410, 5.663224, 0.137463, 0.500000
6.598410, 5.663224, 0.137463, 0.500000
6.603363, 5.663909, 0.137463, 0.500000
6.603363, 5.663909, 0.137463, 0.500000
6.603363, 5.663909, 0.137463, 0.500000
6.608316, 5.664595, 0.137463, 0.500000
6.608316, 5.664595, 0.137463, 0.500000
6.613269, 5.665280, 0.137463, 0.500000
6.613269, 5.665280, 0.137463, 0.500000
6.613269, 5.665280, 0.137463, 0.500000
6.618221, 5.665965, 0.137463, 0.500000
6.618221, 5.665965, 0.137463, 0.500000
6.623174, 5.666650, 0.137463, 0.500000
6.623174, 5.666650, 0.137463, 0.500000
6.623174, 5.666650, 0.137463, 0.500000
6.628127, 5.667335, 0.137463, 0.500000
6.628127, 5.667335, 0.137463, 0.500000
6.633080, 5.668020, 0.137463, 0.500000
6.633080, 5.668020, 0.137463, 0.500000
6.638033, 5.668706, 0.137463, 0.500000
6.638033, 5.668706, 0.137463, 0.500000
6.642986, 5.669391, 0.137463, 0.500000
6.642986, 5.669391, 0.137463, 0.500000
6.642986, 5.669391, 0.137463, 0.500000
6.647938, 5.670076, 0.137463, 0.500000
6.647938, 5.670076, 0.137463, 0.500000
6.652891, 5.670761, 0.137463, 0.500000
6.652891, 5.670761, 0.137463, 0.500000
6.657844, 5.671446, 0.137463, 0.500000
6.657844, 5.671446, 0.137463, 0.500000
6.662797, 5.672131, 0.137463, 0.500000
6.662797, 5.672131, 0.137463, 0.500000
6.662797, 5.672131, 0.137463, 0.500000
6.667750, 5.672816, 0.137463, 0.500000
6.667750, 5.672816, 0.137463, 0.500000
6.672703, 5.673502, 0.137463, 0.500000
6.672703, 5.673502, 0.137463, 0.500000
6.677655, 5.674187, 0.137463, 0.500000
6.677655, 5.674187, 0.137463, 0.500000
6.682608, 5.674872, 0.137463, 0.500000
6.682608, 5.674872, 0.137463, 0.500000
6.682608, 5.674872, 0.137463, 0.500000
6.687561, 5.675557, 0.137463, 0.500000
6.687561, 5.675557, 0.137463, 0.500000
6.692514, 5.676242, 0.137463, 0.500000
6.692514, 5.676242, 0.137463, 0.500000
6.692514, 5.676242, 0.137463, 0.500000
6.697467, 5.676927, 0.137463, 0.500000
6.697467, 5.676927, 0.137463, 0.500000
6.702420, 5.677613, 0.137463, 0.500000
6.702420, 5.677613, 0.137463, 0.500000
6.702420, 5.677613, 0.137463, 0.500000
6.707372, 5.678298, 0.137463, 0.500000
6.707372, 5.678298, 0.137463, 0.500000
6.712325, 5.678983, 0.137463, 0.500000
6.712325, 5.678983, 0.137463, 0.500000
6.717278, 5.679668, 0.137463, 0.500000
6.717278, 5.679668, 0.137463, 0.500000
6.722231, 5.680353, 0.137463, 0.500000
6.722231, 5.680353, 0.137463, 0.500000
6.722231, 5.680353, 0.137463, 0.500000
6.727184, 5.681038, 0.137463, 0.500000
6.732137, 5.681723, 0.137463, 0.500000
6.732137, 5.681723, 0.137463, 0.500000
6.732137, 5.681723, 0.137463, 0.500000
6.737089, 5.682409, 0.137463, 0.500000
6.737089, 5.682409, 0.137463, 0.500000
6.742042, 5.683094, 0.137463, 0.500000
6.742042, 5.683094, 0.137463, 0.500000
6.742042, 5.683094, 0.137463, 0.500000
6.746995, 5.683779, 0.137463, 0.500000
6.746995, 5.683779, 0.137463, 0.500000
6.751948, 5.684464, 0.137463, 0.500000
6.751948, 5.684464, 0.137463, 0.500000
6.751948, 5.684464, 0.137463, 0.500000
6.756901, 5.685149, 0.137463, 0.500000
6.756901, 5.685149, 0.137463, 0.500000
6.761854, 5.685834, 0.137463, 0.500000
6.761854, 5.685834, 0.137463, 0.500000
6.761854, 5.685834, 0.137463, 0.500000
6.766806, 5.686520, 0.137463, 0.500000
6.766806, 5.686520, 0.137463, 0.500000
6.771759, 5.687205, 0.137463, 0.500000
6.771759, 5.687205, 0.137463, 0.500000
6.771759, 5.687205, 0.137463, 0.500000
6.776712, 5.687890, 0.137463, 0.500000
6.776712, 5.687890, 0.137463, 0.500000
6.781665, 5.688575, 0.137463, 0.500000
6.781665, 5.688575, 0.137463, 0.500000
6.786618, 5.689260, 0.137463, 0.500000
6.786618, 5.689260, 0.137463, 0.500000
6.791571, 5.689945, 0.137463, 0.500000
6.791571, 5.689945, 0.137463, 0.500000
6.796523, 5.690630, 0.137463, 0.500000
6.796523, 5.690630, 0.137463, 0.500000
6.801476, 5.691316, 0.137463, 0.500000
6.801476, 5.691316, 0.137463, 0.500000
6.801476, 5.691316, 0.137463, 0.500000
6.806429, 5.692001, 0.137463, 0.500000
6.806429, 5.692001, 0.137463, 0.500000
6.811382, 5.692686, 0.137463, 0.500000
6.811382, 5.692686, 0.137463, 0.500000
6.811382, 5.692686, 0.137463, 0.500000
6.816335, 5.693371, 0.137463, 0.500000
6.816335, 5.693371, 0.137463, 0.500000
6.821288, 5.694056, 0.137463, 0.500000
6.821288, 5.694056, 0.137463, 0.500000
6.826240, 5.694741, 0.137463, 0.500000
6.826240, 5.694741, 0.137463, 0.500000
6.831193, 5.695427, 0.137463, 0.500000
6.831193, 5.695427, 0.137463, 0.500000
6.831193, 5.695427, 0.137463, 0.500000
6.836146, 5.696112, 0.137463, 0.500000
6.836146, 5.696112, 0.137463, 0.500000
6.841099, 5.696797, 0.137463, 0.500000
6.841099, 5.696797, 0.137463, 0.500000
6.846052, 5.697482, 0.137463, 0.500000
6.846052, 5.697482, 0.137463, 0.500000
6.851005, 5.698167, 0.137463, 0.500000
6.851005, 5.698167, 0.137463, 0.500000
6.851005, 5.698167, 0.137463, 0.500000
6.855957, 5.698852, 0.137463, 0.500000
6.855957, 5.698852, 0.137463, 0.500000
6.860910, 5.699537, 0.137463, 0.500000
6.860910, 5.699537, 0.137463, 0.500000
6.860910, 5.699537, 0.137463, 0.500000
6.865863, 5.700223, 0.137463, 0.500000
6.865863, 5.700223, 0.137463, 0.500000
6.870816, 5.700908, 0.137463, 0.500000
6.870816, 5.700908, 0.137463, 0.500000
6.870816, 5.700908, 0.137463, 0.500000
6.875769, 5.701593, 0.137463, 0.500000
6.875769, 5.701593, 0.137463, 0.500000
6.880722, 5.702278, 0.137463, 0.500000
6.880722, 5.702278, 0.137463, 0.500000
6.880722, 5.702278, 0.137463, 0.500000
6.885674, 5.702963, 0.137463, 0.500000
6.885674, 5.702963, 0.137463, 0.500000
6.890627, 5.703648, 0.137463, 0.500000
6.890627, 5.703648, 0.137463, 0.500000
6.890627, 5.703648, 0.137463, 0.500000
6.895580, 5.704334, 0.137463, 0.500000
6.895580, 5.704334, 0.137463, 0.500000
6.900533, 5.705019, 0.137463, 0.500000
6.900533, 5.705019, 0.137463, 0.500000
6.905486, 5.705704, 0.137463, 0.500000
6.905486, 5.705704, 0.137463, 0.500000
6.910439, 5.706389, 0.137463, 0.500000
6.910439, 5.706389, 0.137463, 0.500000
6.910439, 5.706389, 0.137463, 0.500000
6.915391, 5.707074, 0.137463, 0.500000
6.915391, 5.707074, 0.137463, 0.500000
6.920344, 5.707759, 0.137463, 0.500000
6.920344, 5.707759, 0.137463, 0.500000
6.920344, 5.707759, 0.137463, 0.500000
6.925297, 5.708444, 0.137463, 0.500000
6.925297, 5.708444, 0.137463, 0.500000
6.930250, 5.709130, 0.137463, 0.500000
6.930250, 5.709130, 0.137463, 0.500000
6.930250, 5.709130, 0.137463, 0.500000
6.935203, 5.709815, 0.137463, 0.500000
6.935203, 5.709815, 0.137463, 0.500000
6.940156, 5.710500, 0.137463, 0.500000
6.940156, 5.710500, 0.137463, 0.500000
6.940156, 5.710500, 0.137463, 0.500000
6.945108, 5.711185, 0.137463, 0.500000
6.945108, 5.711185, 0.137463, 0.500000
6.950061, 5.711870, 0.137463, 0.500000
6.950061, 5.711870, 0.137463, 0.500000
6.950061, 5.711870, 0.137463, 0.500000
6.955014, 5.712555, 0.137463, 0.500000
6.959967, 5.713241, 0.137463, 0.500000
6.959967, 5.713241, 0.137463, 0.500000
6.959967, 5.713241, 0.137463, 0.500000
6.964920, 5.713926, 0.137463, 0.500000
6.964920, 5.713926, 0.137463, 0.500000
6.969873, 5.714611, 0.137463, 0.500000
6.969873, 5.714611, 0.137463, 0.500000
6.969873, 5.714611, 0.137463, 0.500000
6.974825, 5.715296, 0.137463, 0.500000
6.974825, 5.715296, 0.137463, 0.500000
6.979778, 5.715981, 0.137463, 0.500000
6.979778, 5.715981, 0.137463, 0.500000
6.979778, 5.715981, 0.137463, 0.500000
6.984731, 5.716666, 0.137463, 0.500000
6.984731, 5.716666, 0.137463, 0.500000
6.989684, 5.717351, 0.137463, 0.500000
6.989684, 5.717351, 0.137463, 0.500000
6.989684, 5.717351, 0.137463, 0.500000
6.994637, 5.718037, 0.137463, 0.500000
6.994637, 5.718037, 0.137463, 0.500000
6.999590, 5.718722, 0.137463, 0.500000
6.999590, 5.718722, 0.137463, 0.500000
6.999590, 5.718722, 0.137463, 0.500000
7.004542, 5.719407, 0.137463, 0.500000
7.004542, 5.719407, 0.137463, 0.500000
7.009495, 5.720092, 0.137463, 0.500000
7.009495, 5.720092, 0.137463, 0.500000
7.009495, 5.720092, 0.137463, 0.500000
7.014448, 5.720777, 0.137463, 0.500000
7.014448, 5.720777, 0.137463, 0.500000
7.019401, 5.721462, 0.137463, 0.500000
7.019401, 5.721462, 0.137463, 0.500000
7.019401, 5.721462, 0.137463, 0.500000
7.024354, 5.722148, 0.137463, 0.500000
7.024354, 5.722148, 0.137463, 0.500000
7.029307, 5.722833, 0.137463, 0.500000
7.029307, 5.722833, 0.137463, 0.500000
7.034259, 5.723518, 0.137463, 0.500000
7.034259, 5.723518, 0.137463, 0.500000
7.039212, 5.724203, 0.137463, 0.500000
7.039212, 5.724203, 0.137463, 0.500000
7.039212, 5.724203, 0.137463, 0.500000
7.044165, 5.724888, 0.137463, 0.500000
7.044165, 5.724888, 0.137463, 0.500000
7.049118, 5.725573, 0.137463, 0.500000
7.049118, 5.725573, 0.137463, 0.500000
7.049118, 5.725573, 0.137463, 0.500000
7.054071, 5.726258, 0.137463, 0.500000
7.054071, 5.726258, 0.137463, 0.500000
7.059024, 5.726944, 0.137463, 0.500000
7.059024, 5.726944, 0.137463, 0.500000
7.059024, 5.726944, 0.137463, 0.500000
7.063976, 5.727629, 0.137463, 0.500000
7.063976, 5.727629, 0.137463, 0.500000
7.068929, 5.728314, 0.137463, 0.500000
7.068929, 5.728314, 0.137463, 0.500000
7.073882, 5.728999, 0.137463, 0.500000
7.073882, 5.728999, 0.137463, 0.500000
7.078835, 5.729684, 0.137463, 0.500000
7.078835, 5.729684, 0.137463, 0.500000
7.083788, 5.730369, 0.137463, 0.500000
7.083788, 5.730369, 0.137463, 0.500000
7.088741, 5.731055, 0.137463, 0.500000
7.088741, 5.731055, 0.137463, 0.500000
7.088741, 5.731055, 0.137463, 0.500000
7.093693, 5.731740, 0.137463, 0.500000
7.093693, 5.731740, 0.137463, 0.500000
7.098646, 5.732425, 0.137463, 0.500000
7.098646, 5.732425, 0.137463, 0.500000
7.098646, 5.732425, 0.137463, 0.500000
7.103599, 5.733110, 0.137463, 0.500000
7.103599, 5.733110, 0.137463, 0.500000
7.108552, 5.733795, 0.137463, 0.500000
7.108552, 5.733795, 0.137463, 0.500000
7.108552, 5.733795, 0.137463, 0.500000
7.113505, 5.734480, 0.137463, 0.500000
7.113505, 5.734480, 0.137463, 0.500000
7.118458, 5.735165, 0.137463, 0.500000
7.118458, 5.735165, 0.137463, 0.500000
7.118458, 5.735165, 0.137463, 0.500000
7.123410, 5.735851, 0.137463, 0.500000
7.123410, 5.735851, 0.137463, 0.500000
7.128363, 5.736536, 0.137463, 0.500000
7.128363, 5.736536, 0.137463, 0.500000
7.133316, 5.737221, 0.137463, 0.500000
7.133316, 5.737221, 0.137463, 0.500000
7.138269, 5.737906, 0.137463, 0.500000
7.138269, 5.737906, 0.137463, 0.500000
7.138269, 5.737906, 0.137463, 0.500000
7.143222, 5.738591, 0.137463, 0.500000
7.143222, 5.738591, 0.137463, 0.500000
7.148175, 5.739276, 0.137463, 0.500000
7.148175, 5.739276, 0.137463, 0.500000
7.148175, 5.739276, 0.137463, 0.500000
7.153127, 5.739962, 0.137463, 0.500000
7.153127, 5.739962, 0.137463, 0.500000
7.158080, 5.740647, 0.137463, 0.500000
7.158080, 5.740647, 0.137463, 0.500000
7.158080, 5.740647, 0.137463, 0.500000
7.163033, 5.741332, 0.137463, 0.500000
7.163033, 5.741332, 0.137463, 0.500000
7.167986, 5.742017, 0.137463, 0.500000
7.167986, 5.742017, 0.137463, 0.500000
7.167986, 5.742017, 0.137463, 0.500000
7.172939, 5.742702, 0.137463, 0.500000
7.172939, 5.742702, 0.137463, 0.500000
7.177892, 5.743387, 0.137463, 0.500000
7.177892, 5.743387, 0.137463, 0.500000
7.177892, 5.743387, 0.137463, 0.500000
7.182844, 5.744072, 0.137463, 0.500000
7.182844, 5.744072, 0.137463, 0.500000
7.187797, 5.744758, 0.137463, 0.500000
7.187797, 5.744758, 0.137463, 0.500000
7.187797, 5.744758, 0.137463, 0.500000
7.192750, 5.745443, 0.137463, 0.500000
7.192750, 5.745443, 0.137463, 0.500000
7.197703, 5.746128, 0.137463, 0.500000
7.197703, 5.746128, 0.137463, 0.500000
7.197703, 5.746128, 0.137463, 0.500000
7.202656, 5.746813, 0.137463, 0.500000
7.202656, 5.746813, 0.137463, 0.500000
7.207609, 5.747498, 0.137463, 0.500000
7.207609, 5.747498, 0.137463, 0.500000
7.212561, 5.748183, 0.137463, 0.500000
7.212561, 5.748183, 0.137463, 0.500000
7.217514, 5.748869, 0.137463, 0.500000
7.217514, 5.748869, 0.137463, 0.500000
7.217514, 5.748869, 0.137463, 0.500000
7.222467, 5.749554, 0.137463, 0.500000
7.222467, 5.749554, 0.137463, 0.500000
7.227420, 5.750239, 0.137463, 0.500000
7.227420, 5.750239, 0.137463, 0.500000
7.227420, 5.750239, 0.137463, 0.500000
7.232373, 5.750924, 0.137463, 0.500000
7.232373, 5.750924, 0.137463, 0.500000
7.237326, 5.751609, 0.137463, 0.500000
7.237326, 5.751609, 0.137463, 0.500000
7.242278, 5.752294, 0.137463, 0.500000
7.242278, 5.752294, 0.137463, 0.500000
7.247231, 5.752979, 0.137463, 0.500000
7.247231, 5.752979, 0.137463, 0.500000
7.247231, 5.752979, 0.137463, 0.500000
7.252184, 5.753665, 0.137463, 0.500000
7.252184, 5.753665, 0.137463, 0.500000
7.257137, 5.754350, 0.137463, 0.500000
7.257137, 5.754350, 0.137463, 0.500000
7.257137, 5.754350, 0.137463, 0.500000
7.262090, 5.755035, 0.137463, 0.500000
7.262090, 5.755035, 0.137463, 0.500000
7.267043, 5.755720, 0.137463, 0.500000
7.267043, 5.755720, 0.137463, 0.500000
7.271996, 5.756405, 0.137221, 0.500000
7.271996, 5.756405, 0.137221, 0.500000
7.276949, 5.757087, 0.136493, 0.500000
7.276949, 5.757087, 0.136493, 0.500000
7.276949, 5.757087, 0.136493, 0.500000
7.281903, 5.757765, 0.135279, 0.500000
7.281903, 5.757765, 0.135279, 0.500000
7.286857, 5.758435, 0.133576, 0.500000
7.286857, 5.758435, 0.133576, 0.500000
7.286857, 5.758435, 0.133576, 0.500000
7.291814, 5.759096, 0.131380, 0.500000
7.291814, 5.759096, 0.131380, 0.500000
7.296771, 5.759744, 0.128687, 0.500000
7.296771, 5.759744, 0.128687, 0.500000
7.301731, 5.760378, 0.125491, 0.500000
7.301731, 5.760378, 0.125491, 0.500000
7.306693, 5.760995, 0.121785, 0.500000
7.306693, 5.760995, 0.121785, 0.500000
7.306693, 5.760995, 0.121785, 0.500000
7.311657, 5.761592, 0.117561, 0.500000
7.311657, 5.761592, 0.117561, 0.500000
7.316624, 5.762167, 0.112810, 0.500000
7.316624, 5.762167, 0.112810, 0.500000
7.321593, 5.762718, 0.108059, 0.500000
7.321593, 5.762718, 0.108059, 0.500000
7.326566, 5.763246, 0.103308, 0.500000
7.326566, 5.763246, 0.103308, 0.500000
7.326566, 5.763246, 0.103308, 0.500000
7.331540, 5.763749, 0.098557, 0.500000
7.331540, 5.763749, 0.098557, 0.500000
7.336517, 5.764230, 0.093807, 0.500000
7.336517, 5.764230, 0.093807, 0.500000
7.336517, 5.764230, 0.093807, 0.500000
7.341496, 5.764686, 0.089056, 0.500000
7.341496, 5.764686, 0.089056, 0.500000
7.346477, 5.765119, 0.084305, 0.500000
7.346477, 5.765119, 0.084305, 0.500000
7.351461, 5.765528, 0.079554, 0.500000
7.351461, 5.765528, 0.079554, 0.500000
7.356446, 5.765914, 0.074803, 0.500000
7.356446, 5.765914, 0.074803, 0.500000
7.356446, 5.765914, 0.074803, 0.500000
7.361433, 5.766275, 0.070052, 0.500000
7.361433, 5.766275, 0.070052, 0.500000
7.366421, 5.766614, 0.065301, 0.500000
7.366421, 5.766614, 0.065301, 0.500000
7.366421, 5.766614, 0.065301, 0.500000
7.371411, 5.766928, 0.060550, 0.500000
7.371411, 5.766928, 0.060550, 0.500000
7.376403, 5.767219, 0.055799, 0.500000
7.376403, 5.767219, 0.055799, 0.500000
7.376403, 5.767219, 0.055799, 0.500000
7.381396, 5.767485, 0.051048, 0.500000
7.381396, 5.767485, 0.051048, 0.500000
7.386390, 5.767729, 0.046297, 0.500000
7.386390, 5.767729, 0.046297, 0.500000
7.386390, 5.767729, 0.046297, 0.500000
7.391385, 5.767948, 0.041546, 0.500000
7.391385, 5.767948, 0.041546, 0.500000
7.396381, 5.768144, 0.036795, 0.500000
7.396381, 5.768144, 0.036795, 0.500000
7.396381, 5.768144, 0.036795, 0.500000
7.401378, 5.768316, 0.032044, 0.500000
7.401378, 5.768316, 0.032044, 0.500000
7.406376, 5.768465, 0.027293, 0.500000
7.406376, 5.768465, 0.027293, 0.500000
7.406376, 5.768465, 0.027293, 0.500000
7.411374, 5.768589, 0.022542, 0.500000
7.411374, 5.768589, 0.022542, 0.500000
7.416373, 5.768690, 0.017791, 0.500000
7.416373, 5.768690, 0.017791, 0.500000
7.416373, 5.768690, 0.017791, 0.500000
7.421373, 5.768767, 0.013040, 0.500000
7.421373, 5.768767, 0.013040, 0.500000
7.426372, 5.768820, 0.008289, 0.500000
7.426372, 5.768820, 0.008289, 0.500000
7.431372, 5.768850, 0.003538, 0.500000
7.431372, 5.768850, 0.003538, 0.500000
7.436372, 5.768856, -0.001213, 0.500000
7.436372, 5.768856, -0.001213, 0.500000
7.436372, 5.768856, -0.001213, 0.500000
7.441372, 5.768838, -0.005964, 0.500000
7.441372, 5.768838, -0.005964, 0.500000
7.446372, 5.768796, -0.010715, 0.500000
7.446372, 5.768796, -0.010715, 0.500000
7.446372, 5.768796, -0.010715, 0.500000
7.451372, 5.768731, -0.015466, 0.500000
7.451372, 5.768731, -0.015466, 0.500000
7.456371, 5.768642, -0.020217, 0.500000
7.456371, 5.768642, -0.020217, 0.500000
7.461370, 5.768528, -0.024968, 0.500000
7.461370, 5.768528, -0.024968, 0.500000
7.466368, 5.768392, -0.029719, 0.500000
7.466368, 5.768392, -0.029719, 0.500000
7.466368, 5.768392, -0.029719, 0.500000
7.471365, 5.768231, -0.034470, 0.500000
7.471365, 5.768231, -0.034470, 0.500000
7.476362, 5.768047, -0.039221, 0.500000
7.476362, 5.768047, -0.039221, 0.500000
7.481357, 5.767839, -0.043972, 0.500000
7.481357, 5.767839, -0.043972, 0.500000
7.486352, 5.767608, -0.048722, 0.500000
7.486352, 5.767608, -0.048722, 0.500000
7.486352, 5.767608, -0.048722, 0.500000
7.491345, 5.767352, -0.053473, 0.500000
7.491345, 5.767352, -0.053473, 0.500000
7.496338, 5.767074, -0.057697, 0.500000
7.496338, 5.767074, -0.057697, 0.500000
7.496338, 5.767074, -0.057697, 0.500000
7.501329, 5.766776, -0.061403, 0.500000
7.501329, 5.766776, -0.061403, 0.500000
7.506319, 5.766461, -0.064599, 0.500000
7.506319, 5.766461, -0.064599, 0.500000
7.506319, 5.766461, -0.064599, 0.500000
7.511308, 5.766132, -0.067292, 0.500000
7.511308, 5.766132, -0.067292, 0.500000
7.516296, 5.765790, -0.069488, 0.500000
7.516296, 5.765790, -0.069488, 0.500000
7.516296, 5.765790, -0.069488, 0.500000
7.521284, 5.765438, -0.071192, 0.500000
7.521284, 5.765438, -0.071192, 0.500000
7.526271, 5.765079, -0.072406, 0.500000
7.526271, 5.765079, -0.072406, 0.500000
7.531258, 5.764715, -0.073133, 0.500000
7.531258, 5.764715, -0.073133, 0.500000
7.536244, 5.764349, -0.073375, 0.500000
7.536244, 5.764349, -0.073375, 0.500000
7.536244, 5.764349, -0.073375, 0.500000
7.541231, 5.763983, -0.073375, 0.500000
7.541231, 5.763983, -0.073375, 0.500000
7.546217, 5.763616, -0.073375, 0.500000
7.546217, 5.763616, -0.073375, 0.500000
7.546217, 5.763616, -0.073375, 0.500000
7.551204, 5.763250, -0.073375, 0.500000
7.551204, 5.763250, -0.073375, 0.500000
7.556191, 5.762883, -0.073375, 0.500000
7.556191, 5.762883, -0.073375, 0.500000
7.561177, 5.762517, -0.073375, 0.500000
7.561177, 5.762517, -0.073375, 0.500000
7.566164, 5.762150, -0.073375, 0.500000
7.566164, 5.762150, -0.073375, 0.500000
7.566164, 5.762150, -0.073375, 0.500000
7.571150, 5.761783, -0.073375, 0.500000
7.571150, 5.761783, -0.073375, 0.500000
7.576137, 5.761417, -0.073375, 0.500000
7.576137, 5.761417, -0.073375, 0.500000
7.576137, 5.761417, -0.073375, 0.500000
7.581123, 5.761050, -0.073375, 0.500000
7.581123, 5.761050, -0.073375, 0.500000
7.586110, 5.760684, -0.073375, 0.500000
7.586110, 5.760684, -0.073375, 0.500000
7.586110, 5.760684, -0.073375, 0.500000
7.591096, 5.760317, -0.073375, 0.500000
7.591096, 5.760317, -0.073375, 0.500000
7.596083, 5.759951, -0.073375, 0.500000
7.596083, 5.759951, -0.073375, 0.500000
7.596083, 5.759951, -0.073375, 0.500000
7.601069, 5.759584, -0.073375, 0.500000
7.601069, 5.759584, -0.073375, 0.500000
7.606056, 5.759218, -0.073375, 0.500000
7.606056, 5.759218, -0.073375, 0.500000
7.606056, 5.759218, -0.073375, 0.500000
7.611043, 5.758851, -0.073375, 0.500000
7.611043, 5.758851, -0.073375, 0.500000
7.616029, 5.758485, -0.073375, 0.500000
7.616029, 5.758485, -0.073375, 0.500000
7.616029, 5.758485, -0.073375, 0.500000
7.621016, 5.758118, -0.073375, 0.500000
7.626002, 5.757751, -0.073375, 0.500000
7.626002, 5.757751, -0.073375, 0.500000
7.626002, 5.757751, -0.073375, 0.500000
7.630989, 5.757385, -0.073375, 0.500000
7.630989, 5.757385, -0.073375, 0.500000
7.635975, 5.757018, -0.073375, 0.500000
7.635975, 5.757018, -0.073375, 0.500000
7.635975, 5.757018, -0.073375, 0.500000
7.640962, 5.756652, -0.073375, 0.500000
7.640962, 5.756652, -0.073375, 0.500000
7.645948, 5.756285, -0.073375, 0.500000
7.645948, 5.756285, -0.073375, 0.500000
7.645948, 5.756285, -0.073375, 0.500000
7.650935, 5.755919, -0.073375, 0.500000
7.650935, 5.755919, -0.073375, 0.500000
7.655921, 5.755552, -0.073375, 0.500000
7.655921, 5.755552, -0.073375, 0.500000
7.655921, 5.755552, -0.073375, 0.500000
7.660908, 5.755186, -0.073375, 0.500000
7.660908, 5.755186, -0.073375, 0.500000
7.665895, 5.754819, -0.073375, 0.500000
7.665895, 5.754819, -0.073375, 0.500000
7.665895, 5.754819, -0.073375, 0.500000
7.670881, 5.754453, -0.073375, 0.500000
7.670881, 5.754453, -0.073375, 0.500000
7.675868, 5.754086, -0.073375, 0.500000
7.675868, 5.754086, -0.073375, 0.500000
7.675868, 5.754086, -0.073375, 0.500000
7.680854, 5.753719, -0.073375, 0.500000
7.680854, 5.753719, -0.073375, 0.500000
7.685841, 5.753353, -0.073375, 0.500000
7.685841, 5.753353, -0.073375, 0.500000
7.685841, 5.753353, -0.073375, 0.500000
7.690827, 5.752986, -0.073375, 0.500000
7.690827, 5.752986, -0.073375, 0.500000
7.695814, 5.752620, -0.073375, 0.500000
7.695814, 5.752620, -0.073375, 0.500000
7.695814, 5.752620, -0.073375, 0.500000
7.700800, 5.752253, -0.073375, 0.500000
7.700800, 5.752253, -0.073375, 0.500000
7.705787, 5.751887, -0.073375, 0.500000
7.705787, 5.751887, -0.073375, 0.500000
7.705787, 5.751887, -0.073375, 0.500000
7.710773, 5.751520, -0.073375, 0.500000
7.710773, 5.751520, -0.073375, 0.500000
7.715760, 5.751154, -0.073375, 0.500000
7.715760, 5.751154, -0.073375, 0.500000
7.715760, 5.751154, -0.073375, 0.500000
7.720747, 5.750787, -0.073375, 0.500000
7.720747, 5.750787, -0.073375, 0.500000
7.725733, 5.750421, -0.073375, 0.500000
7.725733, 5.750421, -0.073375, 0.500000
7.725733, 5.750421, -0.073375, 0.500000
7.730720, 5.750054, -0.073375, 0.500000
7.730720, 5.750054, -0.073375, 0.500000
7.735706, 5.749687, -0.073375, 0.500000
7.735706, 5.749687, -0.073375, 0.500000
7.735706, 5.749687, -0.073375, 0.500000
7.740693, 5.749321, -0.073375, 0.500000
7.740693, 5.749321, -0.073375, 0.500000
7.745679, 5.748954, -0.073375, 0.500000
7.745679, 5.748954, -0.073375, 0.500000
7.750666, 5.748587, -0.073618, 0.500000
7.750666, 5.748587, -0.073618, 0.500000
7.755652, 5.748218, -0.074345, 0.500000
7.755652, 5.748218, -0.074345, 0.500000
7.755652, 5.748218, -0.074345, 0.500000
7.760638, 5.747844, -0.075559, 0.500000
7.760638, 5.747844, -0.075559, 0.500000
7.765624, 5.747462, -0.077262, 0.500000
7.765624, 5.747462, -0.077262, 0.500000
7.770608, 5.747071, -0.079458, 0.500000
7.770608, 5.747071, -0.079458, 0.500000
7.770608, 5.747071, -0.079458, 0.500000
7.775592, 5.746668, -0.082151, 0.500000
7.775592, 5.746668, -0.082151, 0.500000
7.775592, 5.746668, -0.082151, 0.500000
7.780574, 5.746250, -0.085348, 0.500000
7.780574, 5.746250, -0.085348, 0.500000
7.785555, 5.745814, -0.089054, 0.500000
7.785555, 5.745814, -0.089054, 0.500000
7.785555, 5.745814, -0.089054, 0.500000
7.790535, 5.745359, -0.093277, 0.500000
7.790535, 5.745359, -0.093277, 0.500000
7.795512, 5.744882, -0.098028, 0.500000
7.795512, 5.744882, -0.098028, 0.500000
7.795512, 5.744882, -0.098028, 0.500000
7.800487, 5.744381, -0.102779, 0.500000
7.800487, 5.744381, -0.102779, 0.500000
7.805459, 5.743856, -0.107530, 0.500000
7.805459, 5.743856, -0.107530, 0.500000
7.805459, 5.743856, -0.107530, 0.500000
7.810429, 5.743308, -0.112281, 0.500000
7.810429, 5.743308, -0.112281, 0.500000
7.815396, 5.742736, -0.117032, 0.500000
7.815396, 5.742736, -0.117032, 0.500000
7.820360, 5.742140, -0.121783, 0.500000
7.820360, 5.742140, -0.121783, 0.500000
7.825322, 5.741521, -0.126534, 0.500000
7.825322, 5.741521, -0.126534, 0.500000
7.825322, 5.741521, -0.126534, 0.500000
7.830280, 5.740878, -0.131285, 0.500000
7.830280, 5.740878, -0.131285, 0.500000
7.835236, 5.740212, -0.136036, 0.500000
7.835236, 5.740212, -0.136036, 0.500000
7.835236, 5.740212, -0.136036, 0.500000
7.840188, 5.739522, -0.140787, 0.500000
7.840188, 5.739522, -0.140787, 0.500000
7.845137, 5.738809, -0.145538, 0.500000
7.845137, 5.738809, -0.145538, 0.500000
7.845137, 5.738809, -0.145538, 0.500000
7.850082, 5.738072, -0.150289, 0.500000
7.850082, 5.738072, -0.150289, 0.500000
7.855024, 5.737311, -0.155040, 0.500000
7.855024, 5.737311, -0.155040, 0.500000
7.855024, 5.737311, -0.155040, 0.500000
7.859962, 5.736527, -0.159791, 0.500000
7.859962, 5.736527, -0.159791, 0.500000
7.864897, 5.735720, -0.164542, 0.500000
7.864897, 5.735720, -0.164542, 0.500000
7.864897, 5.735720, -0.164542, 0.500000
7.869827, 5.734889, -0.169293, 0.500000
7.869827, 5.734889, -0.169293, 0.500000
7.874754, 5.734035, -0.174044, 0.500000
7.874754, 5.734035, -0.174044, 0.500000
7.874754, 5.734035, -0.174044, 0.500000
7.879676, 5.733158, -0.178795, 0.500000
7.879676, 5.733158, -0.178795, 0.500000
7.884594, 5.732257, -0.183546, 0.500000
7.884594, 5.732257, -0.183546, 0.500000
7.884594, 5.732257, -0.183546, 0.500000
7.889508, 5.731333, -0.188297, 0.500000
7.889508, 5.731333, -0.188297, 0.500000
7.894417, 5.730385, -0.193048, 0.500000
7.894417, 5.730385, -0.193048, 0.500000
7.894417, 5.730385, -0.193048, 0.500000
7.899322, 5.729414, -0.197799, 0.500000
7.899322, 5.729414, -0.197799, 0.500000
7.904222, 5.728420, -0.202550, 0.500000
7.904222, 5.728420, -0.202550, 0.500000
7.904222, 5.728420, -0.202550, 0.500000
7.909118, 5.727402, -0.207301, 0.500000
7.909118, 5.727402, -0.207301, 0.500000
7.914008, 5.726362, -0.212051, 0.500000
7.914008, 5.726362, -0.212051, 0.500000
7.914008, 5.726362, -0.212051, 0.500000
7.918894, 5.725298, -0.216802, 0.500000
7.918894, 5.725298, -0.216802, 0.500000
7.923774, 5.724211, -0.221553, 0.500000
7.923774, 5.724211, -0.221553, 0.500000
7.928649, 5.723100, -0.226304, 0.500000
7.928649, 5.723100, -0.226304, 0.500000
7.933519, 5.721967, -0.231055, 0.500000
7.933519, 5.721967, -0.231055, 0.500000
7.933519, 5.721967, -0.231055, 0.500000
7.938383, 5.720810, -0.235806, 0.500000
7.938383, 5.720810, -0.235806, 0.500000
7.943242, 5.719631, -0.240557, 0.500000
7.943242, 5.719631, -0.240557, 0.500000
7.943242, 5.719631, -0.240557, 0.500000
7.948095, 5.718428, -0.245308, 0.500000
7.948095, 5.718428, -0.245308, 0.500000
7.952943, 5.717202, -0.250059, 0.500000
7.952943, 5.717202, -0.250059, 0.500000
7.952943, 5.717202, -0.250059, 0.500000
7.957784, 5.715953, -0.254810, 0.500000
7.957784, 5.715953, -0.254810, 0.500000
7.962620, 5.714682, -0.259561, 0.500000
7.962620, 5.714682, -0.259561, 0.500000
7.962620, 5.714682, -0.259561, 0.500000
7.967449, 5.713387, -0.264312, 0.500000
7.967449, 5.713387, -0.264312, 0.500000
7.972273, 5.712069, -0.269063, 0.500000
7.972273, 5.712069, -0.269063, 0.500000
7.972273, 5.712069, -0.269063, 0.500000
7.977090, 5.710728, -0.273814, 0.500000
7.977090, 5.710728, -0.273814, 0.500000
7.981900, 5.709365, -0.278565, 0.500000
7.981900, 5.709365, -0.278565, 0.500000
7.981900, 5.709365, -0.278565, 0.500000
7.986704, 5.707979, -0.283316, 0.500000
7.986704, 5.707979, -0.283316, 0.500000
7.991502, 5.706571, -0.287540, 0.500000
7.991502, 5.706571, -0.287540, 0.500000
7.991502, 5.706571, -0.287540, 0.500000
7.996294, 5.705144, -0.291246, 0.500000
7.996294, 5.705144, -0.291246, 0.500000
8.001081, 5.703700, -0.294442, 0.500000
8.001081, 5.703700, -0.294442, 0.500000
8.005864, 5.702242, -0.297135, 0.500000
8.005864, 5.702242, -0.297135, 0.500000
8.005864, 5.702242, -0.297135, 0.500000
8.010643, 5.700773, -0.299331, 0.500000
8.010643, 5.700773, -0.299331, 0.500000
8.010643, 5.700773, -0.299331, 0.500000
8.015419, 5.699294, -0.301034, 0.500000
8.020193, 5.697809, -0.302248, 0.500000
8.020193, 5.697809, -0.302248, 0.500000
8.024966, 5.696318, -0.302976, 0.500000
8.024966, 5.696318, -0.302976, 0.500000
8.029738, 5.694826, -0.303218, 0.500000
8.029738, 5.694826, -0.303218, 0.500000
8.029738, 5.694826, -0.303218, 0.500000
8.034510, 5.693333, -0.303218, 0.500000
8.034510, 5.693333, -0.303218, 0.500000
8.039282, 5.691840, -0.303218, 0.500000
8.039282, 5.691840, -0.303218, 0.500000
8.039282, 5.691840, -0.303218, 0.500000
8.044054, 5.690347, -0.303218, 0.500000
8.044054, 5.690347, -0.303218, 0.500000
8.048826, 5.688854, -0.303218, 0.500000
8.048826, 5.688854, -0.303218, 0.500000
8.048826, 5.688854, -0.303218, 0.500000
8.053598, 5.687361, -0.303218, 0.500000
8.053598, 5.687361, -0.303218, 0.500000
8.058370, 5.685868, -0.303218, 0.500000
8.058370, 5.685868, -0.303218, 0.500000
8.063141, 5.684375, -0.303218, 0.500000
8.063141, 5.684375, -0.303218, 0.500000
8.063141, 5.684375, -0.303218, 0.500000
8.067913, 5.682882, -0.303218, 0.500000
8.067913, 5.682882, -0.303218, 0.500000
8.067913, 5.682882, -0.303218, 0.500000
8.072685, 5.681389, -0.303218, 0.500000
8.072685, 5.681389, -0.303218, 0.500000
8.077457, 5.679896, -0.303218, 0.500000
8.077457, 5.679896, -0.303218, 0.500000
8.082229, 5.678403, -0.303218, 0.500000
8.082229, 5.678403, -0.303218, 0.500000
8.087001, 5.676910, -0.303218, 0.500000
8.087001, 5.676910, -0.303218, 0.500000
8.087001, 5.676910, -0.303218, 0.500000
8.091773, 5.675417, -0.303218, 0.500000
8.091773, 5.675417, -0.303218, 0.500000
8.096545, 5.673924, -0.303218, 0.500000
8.096545, 5.673924, -0.303218, 0.500000
8.096545, 5.673924, -0.303218, 0.500000
8.101317, 5.672431, -0.303218, 0.500000
8.101317, 5.672431, -0.303218, 0.500000
8.106089, 5.670938, -0.303218, 0.500000
8.106089, 5.670938, -0.303218, 0.500000
8.110860, 5.669445, -0.303218, 0.500000
8.110860, 5.669445, -0.303218, 0.500000
8.110860, 5.669445, -0.303218, 0.500000
8.115632, 5.667952, -0.303218, 0.500000
8.115632, 5.667952, -0.303218, 0.500000
8.115632, 5.667952, -0.303218, 0.500000
8.120404, 5.666459, -0.303218, 0.500000
8.120404, 5.666459, -0.303218, 0.500000
8.125176, 5.664966, -0.303218, 0.500000
8.125176, 5.664966, -0.303218, 0.500000
8.125176, 5.664966, -0.303218, 0.500000
8.129948, 5.663474, -0.303218, 0.500000
8.129948, 5.663474, -0.303218, 0.500000
8.134720, 5.661981, -0.303218, 0.500000
8.134720, 5.661981, -0.303218, 0.500000
8.139492, 5.660488, -0.303218, 0.500000
8.139492, 5.660488, -0.303218, 0.500000
8.144264, 5.658995, -0.303218, 0.500000
8.144264, 5.658995, -0.303218, 0.500000
8.144264, 5.658995, -0.303218, 0.500000
8.149036, 5.657502, -0.303218, 0.500000
8.149036, 5.657502, -0.303218, 0.500000
8.153808, 5.656009, -0.303218, 0.500000
8.153808, 5.656009, -0.303218, 0.500000
8.153808, 5.656009, -0.303218, 0.500000
8.158580, 5.654516, -0.303218, 0.500000
8.158580, 5.654516, -0.303218, 0.500000
8.163351, 5.653023, -0.303218, 0.500000
8.163351, 5.653023, -0.303218, 0.500000
8.163351, 5.653023, -0.303218, 0.500000
8.168123, 5.651530, -0.303218, 0.500000
8.168123, 5.651530, -0.303218, 0.500000
8.172895, 5.650037, -0.303218, 0.500000
8.172895, 5.650037, -0.303218, 0.500000
8.172895, 5.650037, -0.303218, 0.500000
8.177667, 5.648544, -0.303218, 0.500000
8.177667, 5.648544, -0.303218, 0.500000
8.182439, 5.647051, -0.303218, 0.500000
8.182439, 5.647051, -0.303218, 0.500000
8.187211, 5.645558, -0.303218, 0.500000
8.187211, 5.645558, -0.303218, 0.500000
8.191983, 5.644065, -0.303218, 0.500000
8.191983, 5.644065, -0.303218, 0.500000
8.191983, 5.644065, -0.303218, 0.500000
8.196755, 5.642572, -0.303218, 0.500000
8.196755, 5.642572, -0.303218, 0.500000
8.201527, 5.641079, -0.303218, 0.500000
8.201527, 5.641079, -0.303218, 0.500000
8.201527, 5.641079, -0.303218, 0.500000
8.206299, 5.639586, -0.303218, 0.500000
8.206299, 5.639586, -0.303218, 0.500000
8.211070, 5.638093, -0.303218, 0.500000
8.211070, 5.638093, -0.303218, 0.500000
8.211070, 5.638093, -0.303218, 0.500000
8.215842, 5.636600, -0.303218, 0.500000
8.215842, 5.636600, -0.303218, 0.500000
8.220614, 5.635107, -0.303218, 0.500000
8.220614, 5.635107, -0.303218, 0.500000
8.220614, 5.635107, -0.303218, 0.500000
8.225386, 5.633614, -0.303218, 0.500000
8.225386, 5.633614, -0.303218, 0.500000
8.230158, 5.632121, -0.303218, 0.500000
8.230158, 5.632121, -0.303218, 0.500000
8.230158, 5.632121, -0.303218, 0.500000
8.234930, 5.630628, -0.303218, 0.500000
8.234930, 5.630628, -0.303218, 0.500000
8.239702, 5.629135, -0.303218, 0.500000
8.239702, 5.629135, -0.303218, 0.500000
8.244474, 5.627642, -0.303218, 0.500000
8.244474, 5.627642, -0.303218, 0.500000
8.249246, 5.626149, -0.303218, 0.500000
8.249246, 5.626149, -0.303218, 0.500000
8.249246, 5.626149, -0.303218, 0.500000
8.254018, 5.624656, -0.303218, 0.500000
8.254018, 5.624656, -0.303218, 0.500000
8.258789, 5.623163, -0.303218, 0.500000
8.258789, 5.623163, -0.303218, 0.500000
8.263561, 5.621671, -0.303218, 0.500000
8.263561, 5.621671, -0.303218, 0.500000
8.268333, 5.620178, -0.303218, 0.500000
8.268333, 5.620178, -0.303218, 0.500000
8.268333, 5.620178, -0.303218, 0.500000
8.273105, 5.618685, -0.303218, 0.500000
8.273105, 5.618685, -0.303218, 0.500000
8.277877, 5.617192, -0.303218, 0.500000
8.277877, 5.617192, -0.303218, 0.500000
8.282649, 5.615699, -0.303218, 0.500000
8.282649, 5.615699, -0.303218, 0.500000
8.287421, 5.614206, -0.303218, 0.500000
8.287421, 5.614206, -0.303218, 0.500000
8.287421, 5.614206, -0.303218, 0.500000
8.292193, 5.612713, -0.303218, 0.500000
8.292193, 5.612713, -0.303218, 0.500000
8.296965, 5.611220, -0.303218, 0.500000
8.296965, 5.611220, -0.303218, 0.500000
8.296965, 5.611220, -0.303218, 0.500000
8.301737, 5.609727, -0.303218, 0.500000
8.301737, 5.609727, -0.303218, 0.500000
8.306509, 5.608234, -0.303218, 0.500000
8.306509, 5.608234, -0.303218, 0.500000
8.306509, 5.608234, -0.303218, 0.500000
8.311280, 5.606741, -0.303218, 0.500000
8.311280, 5.606741, -0.303218, 0.500000
8.316052, 5.605248, -0.303218, 0.500000
8.316052, 5.605248, -0.303218, 0.500000
8.320824, 5.603755, -0.303218, 0.500000
8.320824, 5.603755, -0.303218, 0.500000
8.325596, 5.602262, -0.303218, 0.500000
8.325596, 5.602262, -0.303218, 0.500000
8.325596, 5.602262, -0.303218, 0.500000
8.330368, 5.600769, -0.303218, 0.500000
8.330368, 5.600769, -0.303218, 0.500000
8.335140, 5.599276, -0.303218, 0.500000
8.335140, 5.599276, -0.303218, 0.500000
8.339912, 5.597783, -0.303218, 0.500000
8.339912, 5.597783, -0.303218, 0.500000
8.344684, 5.596290, -0.303218, 0.500000
8.344684, 5.596290, -0.303218, 0.500000
8.344684, 5.596290, -0.303218, 0.500000
8.349456, 5.594797, -0.303218, 0.500000
8.349456, 5.594797, -0.303218, 0.500000
8.354228, 5.593304, -0.303218, 0.500000
8.354228, 5.593304, -0.303218, 0.500000
8.354228, 5.593304, -0.303218, 0.500000
8.358999, 5.591811, -0.303218, 0.500000
8.358999, 5.591811, -0.303218, 0.500000
8.363771, 5.590318, -0.303218, 0.500000
8.363771, 5.590318, -0.303218, 0.500000
8.363771, 5.590318, -0.303218, 0.500000
8.368543, 5.588825, -0.303218, 0.500000
8.368543, 5.588825, -0.303218, 0.500000
8.373315, 5.587332, -0.303218, 0.500000
8.373315, 5.587332, -0.303218, 0.500000
8.373315, 5.587332, -0.303218, 0.500000
8.378087, 5.585839, -0.303218, 0.500000
8.378087, 5.585839, -0.303218, 0.500000
8.382859, 5.584346, -0.303218, 0.500000
8.382859, 5.584346, -0.303218, 0.500000
8.387631, 5.582853, -0.303218, 0.500000
8.387631, 5.582853, -0.303218, 0.500000
8.392403, 5.581360, -0.303218, 0.500000
8.392403, 5.581360, -0.303218, 0.500000
8.392403, 5.581360, -0.303218, 0.500000
8.397175, 5.579868, -0.303218, 0.500000
8.397175, 5.579868, -0.303218, 0.500000
8.401947, 5.578375, -0.303218, 0.500000
8.401947, 5.578375, -0.303218, 0.500000
8.401947, 5.578375, -0.303218, 0.500000
8.406718, 5.576882, -0.303218, 0.500000
8.406718, 5.576882, -0.303218, 0.500000
8.411490, 5.575389, -0.303218, 0.500000
8.411490, 5.575389, -0.303218, 0.500000
8.411490, 5.575389, -0.303218, 0.500000
8.416262, 5.573896, -0.303218, 0.500000
8.416262, 5.573896, -0.303218, 0.500000
8.421034, 5.572403, -0.303218, 0.500000
8.421034, 5.572403, -0.303218, 0.500000
8.421034, 5.572403, -0.303218, 0.500000
8.425806, 5.570910, -0.303218, 0.500000
8.425806, 5.570910, -0.303218, 0.500000
8.430578, 5.569416, -0.303460, 0.500000
8.430578, 5.569416, -0.303460, 0.500000
8.430578, 5.569416, -0.303460, 0.500000
8.435349, 5.567921, -0.304188, 0.500000
8.435349, 5.567921, -0.304188, 0.500000
8.440119, 5.566420, -0.305402, 0.500000
8.440119, 5.566420, -0.305402, 0.500000
8.444886, 5.564913, -0.307105, 0.500000
8.444886, 5.564913, -0.307105, 0.500000
8.449650, 5.563397, -0.309301, 0.500000
8.449650, 5.563397, -0.309301, 0.500000
8.449650, 5.563397, -0.309301, 0.500000
8.454411, 5.561868, -0.311994, 0.500000
8.454411, 5.561868, -0.311994, 0.500000
8.459167, 5.560326, -0.315190, 0.500000
8.459167, 5.560326, -0.315190, 0.500000
8.459167, 5.560326, -0.315190, 0.500000
8.463918, 5.558768, -0.318896, 0.500000
8.463918, 5.558768, -0.318896, 0.500000
8.468663, 5.557190, -0.323120, 0.500000
8.468663, 5.557190, -0.323120, 0.500000
8.468663, 5.557190, -0.323120, 0.500000
8.473400, 5.555592, -0.327871, 0.500000
8.473400, 5.555592, -0.327871, 0.500000
8.478130, 5.553970, -0.332622, 0.500000
8.478130, 5.553970, -0.332622, 0.500000
8.478130, 5.553970, -0.332622, 0.500000
8.482852, 5.552326, -0.337373, 0.500000
8.482852, 5.552326, -0.337373, 0.500000
8.487566, 5.550660, -0.342124, 0.500000
8.487566, 5.550660, -0.342124, 0.500000
8.487566, 5.550660, -0.342124, 0.500000
8.492273, 5.548972, -0.346875, 0.500000
8.492273, 5.548972, -0.346875, 0.500000
8.496971, 5.547260, -0.351626, 0.500000
8.496971, 5.547260, -0.351626, 0.500000
8.496971, 5.547260, -0.351626, 0.500000
8.501661, 5.545527, -0.356377, 0.500000
8.501661, 5.545527, -0.356377, 0.500000
8.506342, 5.543772, -0.361128, 0.500000
8.506342, 5.543772, -0.361128, 0.500000
8.506342, 5.543772, -0.361128, 0.500000
8.511016, 5.541994, -0.365879, 0.500000
8.511016, 5.541994, -0.365879, 0.500000
8.515680, 5.540194, -0.370629, 0.500000
8.515680, 5.540194, -0.370629, 0.500000
8.520337, 5.538372, -0.375380, 0.500000
8.520337, 5.538372, -0.375380, 0.500000
8.524984, 5.536528, -0.380131, 0.500000
8.524984, 5.536528, -0.380131, 0.500000
8.524984, 5.536528, -0.380131, 0.500000
8.529623, 5.534662, -0.384882, 0.500000
8.529623, 5.534662, -0.384882, 0.500000
8.534252, 5.532773, -0.389633, 0.500000
8.534252, 5.532773, -0.389633, 0.500000
8.538873, 5.530863, -0.394384, 0.500000
8.538873, 5.530863, -0.394384, 0.500000
8.543485, 5.528931, -0.399135, 0.500000
8.543485, 5.528931, -0.399135, 0.500000
8.543485, 5.528931, -0.399135, 0.500000
8.548087, 5.526977, -0.403886, 0.500000
8.552680, 5.525001, -0.408637, 0.500000
8.552680, 5.525001, -0.408637, 0.500000
8.552680, 5.525001, -0.408637, 0.500000
8.557264, 5.523003, -0.413388, 0.500000
8.557264, 5.523003, -0.413388, 0.500000
8.561838, 5.520984, -0.418139, 0.500000
8.561838, 5.520984, -0.418139, 0.500000
8.566402, 5.518943, -0.422890, 0.500000
8.566402, 5.518943, -0.422890, 0.500000
8.570957, 5.516880, -0.427641, 0.500000
8.570957, 5.516880, -0.427641, 0.500000
8.570957, 5.516880, -0.427641, 0.500000
8.575502, 5.514796, -0.432392, 0.500000
8.575502, 5.514796, -0.432392, 0.500000
8.580036, 5.512689, -0.437143, 0.500000
8.580036, 5.512689, -0.437143, 0.500000
8.580036, 5.512689, -0.437143, 0.500000
8.584561, 5.510562, -0.441894, 0.500000
8.584561, 5.510562, -0.441894, 0.500000
8.589076, 5.508413, -0.446645, 0.500000
8.589076, 5.508413, -0.446645, 0.500000
8.589076, 5.508413, -0.446645, 0.500000
8.593580, 5.506243, -0.451396, 0.500000
8.593580, 5.506243, -0.451396, 0.500000
8.598074, 5.504051, -0.456147, 0.500000
8.598074, 5.504051, -0.456147, 0.500000
8.598074, 5.504051, -0.456147, 0.500000
8.602558, 5.501838, -0.460898, 0.500000
8.602558, 5.501838, -0.460898, 0.500000
8.607031, 5.499603, -0.465649, 0.500000
8.607031, 5.499603, -0.465649, 0.500000
8.611493, 5.497348, -0.469873, 0.500000
8.611493, 5.497348, -0.469873, 0.500000
8.615947, 5.495076, -0.473579, 0.500000
8.615947, 5.495076, -0.473579, 0.500000
8.615947, 5.495076, -0.473579, 0.500000
8.620393, 5.492788, -0.476775, 0.500000
8.620393, 5.492788, -0.476775, 0.500000
8.624832, 5.490488, -0.479468, 0.500000
8.624832, 5.490488, -0.479468, 0.500000
8.624832, 5.490488, -0.479468, 0.500000
8.629266, 5.488176, -0.481664, 0.500000
8.629266, 5.488176, -0.481664, 0.500000
8.633695, 5.485856, -0.483367, 0.500000
8.633695, 5.485856, -0.483367, 0.500000
8.638121, 5.483529, -0.484581, 0.500000
8.638121, 5.483529, -0.484581, 0.500000
8.642544, 5.481198, -0.485308, 0.500000
8.642544, 5.481198, -0.485308, 0.500000
8.642544, 5.481198, -0.485308, 0.500000
8.646966, 5.478865, -0.485551, 0.500000
8.646966, 5.478865, -0.485551, 0.500000
8.651389, 5.476532, -0.485551, 0.500000
8.651389, 5.476532, -0.485551, 0.500000
8.651389, 5.476532, -0.485551, 0.500000
8.655811, 5.474198, -0.485551, 0.500000
8.655811, 5.474198, -0.485551, 0.500000
8.660233, 5.471865, -0.485551, 0.500000
8.660233, 5.471865, -0.485551, 0.500000
8.664655, 5.469531, -0.485551, 0.500000
8.664655, 5.469531, -0.485551, 0.500000
8.669077, 5.467198, -0.485551, 0.500000
8.669077, 5.467198, -0.485551, 0.500000
8.669077, 5.467198, -0.485551, 0.500000
8.673499, 5.464864, -0.485551, 0.500000
8.673499, 5.464864, -0.485551, 0.500000
8.677921, 5.462531, -0.485551, 0.500000
8.677921, 5.462531, -0.485551, 0.500000
8.677921, 5.462531, -0.485551, 0.500000
8.682343, 5.460197, -0.485551, 0.500000
8.682343, 5.460197, -0.485551, 0.500000
8.686765, 5.457864, -0.485551, 0.500000
8.686765, 5.457864, -0.485551, 0.500000
8.686765, 5.457864, -0.485551, 0.500000
8.691187, 5.455530, -0.485551, 0.500000
8.691187, 5.455530, -0.485551, 0.500000
8.695609, 5.453197, -0.485551, 0.500000
8.695609, 5.453197, -0.485551, 0.500000
8.695609, 5.453197, -0.485551, 0.500000
8.700032, 5.450863, -0.485551, 0.500000
8.700032, 5.450863, -0.485551, 0.500000
8.704454, 5.448530, -0.485551, 0.500000
8.704454, 5.448530, -0.485551, 0.500000
8.708876, 5.446196, -0.485551, 0.500000
8.708876, 5.446196, -0.485551, 0.500000
8.713298, 5.443863, -0.485551, 0.500000
8.713298, 5.443863, -0.485551, 0.500000
8.713298, 5.443863, -0.485551, 0.500000
8.717720, 5.441530, -0.485551, 0.500000
8.717720, 5.441530, -0.485551, 0.500000
8.722142, 5.439196, -0.485551, 0.500000
8.722142, 5.439196, -0.485551, 0.500000
8.726564, 5.436863, -0.485551, 0.500000
8.726564, 5.436863, -0.485551, 0.500000
8.730986, 5.434529, -0.485551, 0.500000
8.730986, 5.434529, -0.485551, 0.500000
8.730986, 5.434529, -0.485551, 0.500000
8.735408, 5.432196, -0.485551, 0.500000
8.735408, 5.432196, -0.485551, 0.500000
8.739830, 5.429862, -0.485551, 0.500000
8.739830, 5.429862, -0.485551, 0.500000
8.739830, 5.429862, -0.485551, 0.500000
8.744252, 5.427529, -0.485551, 0.500000
8.744252, 5.427529, -0.485551, 0.500000
8.748675, 5.425195, -0.485551, 0.500000
8.748675, 5.425195, -0.485551, 0.500000
8.748675, 5.425195, -0.485551, 0.500000
8.753097, 5.422862, -0.485551, 0.500000
8.753097, 5.422862, -0.485551, 0.500000
8.757519, 5.420528, -0.485551, 0.500000
8.757519, 5.420528, -0.485551, 0.500000
8.757519, 5.420528, -0.485551, 0.500000
8.761941, 5.418195, -0.485551, 0.500000
8.761941, 5.418195, -0.485551, 0.500000
8.766363, 5.415861, -0.485551, 0.500000
8.766363, 5.415861, -0.485551, 0.500000
8.766363, 5.415861, -0.485551, 0.500000
8.770785, 5.413528, -0.485551, 0.500000
8.770785, 5.413528, -0.485551, 0.500000
8.775207, 5.411194, -0.485551, 0.500000
8.775207, 5.411194, -0.485551, 0.500000
8.775207, 5.411194, -0.485551, 0.500000
8.779629, 5.408861, -0.485551, 0.500000
8.779629, 5.408861, -0.485551, 0.500000
8.784051, 5.406527, -0.485551, 0.500000
8.784051, 5.406527, -0.485551, 0.500000
8.784051, 5.406527, -0.485551, 0.500000
8.788473, 5.404194, -0.485551, 0.500000
8.788473, 5.404194, -0.485551, 0.500000
8.792895, 5.401860, -0.485551, 0.500000
8.792895, 5.401860, -0.485551, 0.500000
8.792895, 5.401860, -0.485551, 0.500000
8.797318, 5.399527, -0.485551, 0.500000
8.797318, 5.399527, -0.485551, 0.500000
8.801740, 5.397193, -0.485551, 0.500000
8.801740, 5.397193, -0.485551, 0.500000
8.801740, 5.397193, -0.485551, 0.500000
8.806162, 5.394860, -0.485551, 0.500000
8.806162, 5.394860, -0.485551, 0.500000
8.810584, 5.392526, -0.485551, 0.500000
8.810584, 5.392526, -0.485551, 0.500000
8.810584, 5.392526, -0.485551, 0.500000
8.815006, 5.390193, -0.485551, 0.500000
8.815006, 5.390193, -0.485551, 0.500000
8.819428, 5.387860, -0.485551, 0.500000
8.819428, 5.387860, -0.485551, 0.500000
8.819428, 5.387860, -0.485551, 0.500000
8.823850, 5.385526, -0.485551, 0.500000
8.823850, 5.385526, -0.485551, 0.500000
8.828272, 5.383193, -0.485551, 0.500000
8.828272, 5.383193, -0.485551, 0.500000
8.828272, 5.383193, -0.485551, 0.500000
8.832694, 5.380859, -0.485551, 0.500000
8.832694, 5.380859, -0.485551, 0.500000
8.837116, 5.378526, -0.485551, 0.500000
8.837116, 5.378526, -0.485551, 0.500000
8.837116, 5.378526, -0.485551, 0.500000
8.841538, 5.376192, -0.485551, 0.500000
8.841538, 5.376192, -0.485551, 0.500000
8.845961, 5.373859, -0.485551, 0.500000
8.845961, 5.373859, -0.485551, 0.500000
8.850383, 5.371525, -0.485551, 0.500000
8.850383, 5.371525, -0.485551, 0.500000
8.854805, 5.369192, -0.485551, 0.500000
8.854805, 5.369192, -0.485551, 0.500000
8.854805, 5.369192, -0.485551, 0.500000
8.859227, 5.366858, -0.485551, 0.500000
8.859227, 5.366858, -0.485551, 0.500000
8.863649, 5.364525, -0.485551, 0.500000
8.863649, 5.364525, -0.485551, 0.500000
8.863649, 5.364525, -0.485551, 0.500000
8.868071, 5.362191, -0.485551, 0.500000
8.868071, 5.362191, -0.485551, 0.500000
8.872493, 5.359858, -0.485551, 0.500000
8.872493, 5.359858, -0.485551, 0.500000
8.872493, 5.359858, -0.485551, 0.500000
8.876915, 5.357524, -0.485551, 0.500000
8.876915, 5.357524, -0.485551, 0.500000
8.881337, 5.355191, -0.485551, 0.500000
8.881337, 5.355191, -0.485551, 0.500000
8.881337, 5.355191, -0.485551, 0.500000
8.885759, 5.352857, -0.485551, 0.500000
8.885759, 5.352857, -0.485551, 0.500000
8.890181, 5.350524, -0.485551, 0.500000
8.890181, 5.350524, -0.485551, 0.500000
8.890181, 5.350524, -0.485551, 0.500000
8.894604, 5.348190, -0.485551, 0.500000
8.894604, 5.348190, -0.485551, 0.500000
8.899025, 5.345857, -0.485793, 0.500000
8.899025, 5.345857, -0.485793, 0.500000
8.899025, 5.345857, -0.485793, 0.500000
8.903446, 5.343521, -0.486521, 0.500000
8.903446, 5.343521, -0.486521, 0.500000
8.907865, 5.341180, -0.487735, 0.500000
8.907865, 5.341180, -0.487735, 0.500000
8.907865, 5.341180, -0.487735, 0.500000
8.912280, 5.338834, -0.489438, 0.500000
8.912280, 5.338834, -0.489438, 0.500000
8.916690, 5.336478, -0.491634, 0.500000
8.916690, 5.336478, -0.491634, 0.500000
8.921095, 5.334112, -0.494327, 0.500000
8.921095, 5.334112, -0.494327, 0.500000
8.925493, 5.331733, -0.497523, 0.500000
8.925493, 5.331733, -0.497523, 0.500000
8.925493, 5.331733, -0.497523, 0.500000
8.929882, 5.329339, -0.501229, 0.500000
8.929882, 5.329339, -0.501229, 0.500000
8.934262, 5.326927, -0.505453, 0.500000
8.934262, 5.326927, -0.505453, 0.500000
8.938631, 5.324496, -0.510204, 0.500000
8.938631, 5.324496, -0.510204, 0.500000
8.942989, 5.322044, -0.514955, 0.500000
8.942989, 5.322044, -0.514955, 0.500000
8.947334, 5.319571, -0.519706, 0.500000
8.947334, 5.319571, -0.519706, 0.500000
8.951668, 5.317078, -0.524457, 0.500000
8.951668, 5.317078, -0.524457, 0.500000
8.951668, 5.317078, -0.524457, 0.500000
8.955990, 5.314564, -0.529207, 0.500000
8.955990, 5.314564, -0.529207, 0.500000
8.960300, 5.312029, -0.533958, 0.500000
8.960300, 5.312029, -0.533958, 0.500000
8.964598, 5.309474, -0.538709, 0.500000
8.964598, 5.309474, -0.538709, 0.500000
8.968884, 5.306899, -0.543460, 0.500000
8.968884, 5.306899, -0.543460, 0.500000
8.968884, 5.306899, -0.543460, 0.500000
8.973158, 5.304303, -0.548211, 0.500000
8.973158, 5.304303, -0.548211, 0.500000
8.977419, 5.301687, -0.552962, 0.500000
8.977419, 5.301687, -0.552962, 0.500000
8.981667, 5.299051, -0.557713, 0.500000
8.981667, 5.299051, -0.557713, 0.500000
8.985903, 5.296395, -0.562464, 0.500000
8.985903, 5.296395, -0.562464, 0.500000
8.985903, 5.296395, -0.562464, 0.500000
8.990127, 5.293719, -0.567215, 0.500000
8.990127, 5.293719, -0.567215, 0.500000
8.994337, 5.291022, -0.571966, 0.500000
8.994337, 5.291022, -0.571966, 0.500000
8.994337, 5.291022, -0.571966, 0.500000
8.998535, 5.288306, -0.576717, 0.500000
8.998535, 5.288306, -0.576717, 0.500000
9.002720, 5.285569, -0.581468, 0.500000
9.002720, 5.285569, -0.581468, 0.500000
9.002720, 5.285569, -0.581468, 0.500000
9.006892, 5.282813, -0.586219, 0.500000
9.006892, 5.282813, -0.586219, 0.500000
9.011050, 5.280037, -0.590970, 0.500000
9.011050, 5.280037, -0.590970, 0.500000
9.011050, 5.280037, -0.590970, 0.500000
9.015196, 5.277242, -0.595721, 0.500000
9.015196, 5.277242, -0.595721, 0.500000
9.019327, 5.274426, -0.600472, 0.500000
9.019327, 5.274426, -0.600472, 0.500000
9.019327, 5.274426, -0.600472, 0.500000
9.023446, 5.271591, -0.605223, 0.500000
9.023446, 5.271591, -0.605223, 0.500000
9.027551, 5.268737, -0.609974, 0.500000
9.027551, 5.268737, -0.609974, 0.500000
9.027551, 5.268737, -0.609974, 0.500000
9.031643, 5.265863, -0.614725, 0.500000
9.031643, 5.265863, -0.614725, 0.500000
9.035720, 5.262969, -0.619476, 0.500000
9.035720, 5.262969, -0.619476, 0.500000
9.035720, 5.262969, -0.619476, 0.500000
9.039785, 5.260057, -0.624227, 0.500000
9.039785, 5.260057, -0.624227, 0.500000
9.043835, 5.257125, -0.628978, 0.500000
9.043835, 5.257125, -0.628978, 0.500000
9.043835, 5.257125, -0.628978, 0.500000
9.047871, 5.254174, -0.633729, 0.500000
9.047871, 5.254174, -0.633729, 0.500000
9.051893, 5.251203, -0.638480, 0.500000
9.051893, 5.251203, -0.638480, 0.500000
9.051893, 5.251203, -0.638480, 0.500000
9.055901, 5.248215, -0.642704, 0.500000
9.055901, 5.248215, -0.642704, 0.500000
9.059898, 5.245210, -0.646409, 0.500000
9.059898, 5.245210, -0.646409, 0.500000
9.059898, 5.245210, -0.646409, 0.500000
9.063884, 5.242192, -0.649606, 0.500000
9.063884, 5.242192, -0.649606, 0.500000
9.067862, 5.239162, -0.652299, 0.500000
9.067862, 5.239162, -0.652299, 0.500000
9.067862, 5.239162, -0.652299, 0.500000
9.071832, 5.236123, -0.654495, 0.500000
9.071832, 5.236123, -0.654495, 0.500000
9.075796, 5.233075, -0.656198, 0.500000
9.075796, 5.233075, -0.656198, 0.500000
9.075796, 5.233075, -0.656198, 0.500000
9.079755, 5.230022, -0.657412, 0.500000
9.079755, 5.230022, -0.657412, 0.500000
9.083712, 5.226965, -0.658139, 0.500000
9.083712, 5.226965, -0.658139, 0.500000
9.083712, 5.226965, -0.658139, 0.500000
9.087667, 5.223906, -0.658382, 0.500000
9.087667, 5.223906, -0.658382, 0.500000
9.091622, 5.220847, -0.658382, 0.500000
9.091622, 5.220847, -0.658382, 0.500000
9.095577, 5.217788, -0.658382, 0.500000
9.095577, 5.217788, -0.658382, 0.500000
9.095577, 5.217788, -0.658382, 0.500000
9.099532, 5.214729, -0.658382, 0.500000
9.099532, 5.214729, -0.658382, 0.500000
9.099532, 5.214729, -0.658382, 0.500000
9.103487, 5.211670, -0.658382, 0.500000
9.103487, 5.211670, -0.658382, 0.500000
9.107442, 5.208610, -0.658382, 0.500000
9.107442, 5.208610, -0.658382, 0.500000
9.107442, 5.208610, -0.658382, 0.500000
9.111397, 5.205551, -0.658382, 0.500000
9.111397, 5.205551, -0.658382, 0.500000
9.115352, 5.202492, -0.658382, 0.500000
9.115352, 5.202492, -0.658382, 0.500000
9.119307, 5.199433, -0.658382, 0.500000
9.119307, 5.199433, -0.658382, 0.500000
9.123262, 5.196374, -0.658382, 0.500000
9.123262, 5.196374, -0.658382, 0.500000
9.123262, 5.196374, -0.658382, 0.500000
9.127216, 5.193314, -0.658382, 0.500000
9.127216, 5.193314, -0.658382, 0.500000
9.131171, 5.190255, -0.658382, 0.500000
9.131171, 5.190255, -0.658382, 0.500000
9.131171, 5.190255, -0.658382, 0.500000
9.135126, 5.187196, -0.658382, 0.500000
9.135126, 5.187196, -0.658382, 0.500000
9.139081, 5.184137, -0.658382, 0.500000
9.139081, 5.184137, -0.658382, 0.500000
9.139081, 5.184137, -0.658382, 0.500000
9.143036, 5.181078, -0.658382, 0.500000
9.143036, 5.181078, -0.658382, 0.500000
9.146991, 5.178019, -0.658382, 0.500000
9.146991, 5.178019, -0.658382, 0.500000
9.146991, 5.178019, -0.658382, 0.500000
9.150946, 5.174959, -0.658382, 0.500000
9.150946, 5.174959, -0.658382, 0.500000
9.154901, 5.171900, -0.658382, 0.500000
9.154901, 5.171900, -0.658382, 0.500000
9.154901, 5.171900, -0.658382, 0.500000
9.158856, 5.168841, -0.658382, 0.500000
9.158856, 5.168841, -0.658382, 0.500000
9.162811, 5.165782, -0.658382, 0.500000
9.162811, 5.165782, -0.658382, 0.500000
9.162811, 5.165782, -0.658382, 0.500000
9.166766, 5.162723, -0.658382, 0.500000
9.166766, 5.162723, -0.658382, 0.500000
9.170721, 5.159663, -0.658382, 0.500000
9.170721, 5.159663, -0.658382, 0.500000
9.170721, 5.159663, -0.658382, 0.500000
9.174675, 5.156604, -0.658382, 0.500000
9.174675, 5.156604, -0.658382, 0.500000
9.178630, 5.153545, -0.658382, 0.500000
9.178630, 5.153545, -0.658382, 0.500000
9.178630, 5.153545, -0.658382, 0.500000
9.182585, 5.150486, -0.658382, 0.500000
9.182585, 5.150486, -0.658382, 0.500000
9.186540, 5.147427, -0.658382, 0.500000
9.186540, 5.147427, -0.658382, 0.500000
9.186540, 5.147427, -0.658382, 0.500000
9.190495, 5.144367, -0.658382, 0.500000
9.190495, 5.144367, -0.658382, 0.500000
9.194450, 5.141308, -0.658382, 0.500000
9.194450, 5.141308, -0.658382, 0.500000
9.194450, 5.141308, -0.658382, 0.500000
9.198405, 5.138249, -0.658382, 0.500000
9.198405, 5.138249, -0.658382, 0.500000
9.202360, 5.135190, -0.658382, 0.500000
9.202360, 5.135190, -0.658382, 0.500000
9.202360, 5.135190, -0.658382, 0.500000
9.206315, 5.132131, -0.658382, 0.500000
9.206315, 5.132131, -0.658382, 0.500000
9.210270, 5.129072, -0.658382, 0.500000
9.210270, 5.129072, -0.658382, 0.500000
9.210270, 5.129072, -0.658382, 0.500000
9.214225, 5.126012, -0.658382, 0.500000
9.214225, 5.126012, -0.658382, 0.500000
9.218180, 5.122953, -0.658382, 0.500000
9.218180, 5.122953, -0.658382, 0.500000
9.218180, 5.122953, -0.658382, 0.500000
9.222134, 5.119894, -0.658382, 0.500000
9.222134, 5.119894, -0.658382, 0.500000
9.226089, 5.116835, -0.658382, 0.500000
9.226089, 5.116835, -0.658382, 0.500000
9.226089, 5.116835, -0.658382, 0.500000
9.230044, 5.113776, -0.658382, 0.500000
9.230044, 5.113776, -0.658382, 0.500000
9.233999, 5.110716, -0.658382, 0.500000
9.233999, 5.110716, -0.658382, 0.500000
9.233999, 5.110716, -0.658382, 0.500000
9.237954, 5.107657, -0.658382, 0.500000
9.237954, 5.107657, -0.658382, 0.500000
9.241909, 5.104598, -0.658382, 0.500000
9.241909, 5.104598, -0.658382, 0.500000
9.245864, 5.101539, -0.658382, 0.500000
9.245864, 5.101539, -0.658382, 0.500000
9.249819, 5.098480, -0.658382, 0.500000
9.249819, 5.098480, -0.658382, 0.500000
9.249819, 5.098480, -0.658382, 0.500000
9.253774, 5.095420, -0.658382, 0.500000
9.253774, 5.095420, -0.658382, 0.500000
9.257729, 5.092361, -0.658382, 0.500000
9.257729, 5.092361, -0.658382, 0.500000
9.257729, 5.092361, -0.658382, 0.500000
9.261684, 5.089302, -0.658382, 0.500000
9.261684, 5.089302, -0.658382, 0.500000
9.265639, 5.086243, -0.658382, 0.500000
9.265639, 5.086243, -0.658382, 0.500000
9.265639, 5.086243, -0.658382, 0.500000
9.269593, 5.083184, -0.658382, 0.500000
9.269593, 5.083184, -0.658382, 0.500000
9.273548, 5.080125, -0.658382, 0.500000
9.273548, 5.080125, -0.658382, 0.500000
9.273548, 5.080125, -0.658382, 0.500000
9.277503, 5.077065, -0.658382, 0.500000
9.277503, 5.077065, -0.658382, 0.500000
9.281458, 5.074006, -0.658382, 0.500000
9.281458, 5.074006, -0.658382, 0.500000
9.281458, 5.074006, -0.658382, 0.500000
9.285413, 5.070947, -0.658382, 0.500000
9.285413, 5.070947, -0.658382, 0.500000
9.289368, 5.067888, -0.658382, 0.500000
9.289368, 5.067888, -0.658382, 0.500000
9.293323, 5.064829, -0.658382, 0.500000
9.293323, 5.064829, -0.658382, 0.500000
9.293323, 5.064829, -0.658382, 0.500000
9.297278, 5.061769, -0.658382, 0.500000
9.297278, 5.061769, -0.658382, 0.500000
9.297278, 5.061769, -0.658382, 0.500000
9.301233, 5.058710, -0.658382, 0.500000
9.301233, 5.058710, -0.658382, 0.500000
9.305188, 5.055651, -0.658382, 0.500000
9.305188, 5.055651, -0.658382, 0.500000
9.309143, 5.052592, -0.658382, 0.500000
9.309143, 5.052592, -0.658382, 0.500000
9.313098, 5.049533, -0.658382, 0.500000
9.313098, 5.049533, -0.658382, 0.500000
9.313098, 5.049533, -0.658382, 0.500000
9.317052, 5.046473, -0.658382, 0.500000
9.317052, 5.046473, -0.658382, 0.500000
9.321007, 5.043414, -0.658382, 0.500000
9.321007, 5.043414, -0.658382, 0.500000
9.324962, 5.040355, -0.658382, 0.500000
9.324962, 5.040355, -0.658382, 0.500000
9.328917, 5.037296, -0.658382, 0.500000
9.328917, 5.037296, -0.658382, 0.500000
9.328917, 5.037296, -0.658382, 0.500000
9.332872, 5.034237, -0.658382, 0.500000
9.332872, 5.034237, -0.658382, 0.500000
9.336827, 5.031178, -0.658382, 0.500000
9.336827, 5.031178, -0.658382, 0.500000
9.336827, 5.031178, -0.658382, 0.500000
9.340782, 5.028118, -0.658382, 0.500000
9.340782, 5.028118, -0.658382, 0.500000
9.344737, 5.025059, -0.658382, 0.500000
9.344737, 5.025059, -0.658382, 0.500000
9.344737, 5.025059, -0.658382, 0.500000
9.348692, 5.022000, -0.658382, 0.500000
9.348692, 5.022000, -0.658382, 0.500000
9.352647, 5.018941, -0.658382, 0.500000
9.352647, 5.018941, -0.658382, 0.500000
9.352647, 5.018941, -0.658382, 0.500000
9.356602, 5.015882, -0.658382, 0.500000
9.356602, 5.015882, -0.658382, 0.500000
9.360557, 5.012822, -0.658382, 0.500000
9.360557, 5.012822, -0.658382, 0.500000
9.360557, 5.012822, -0.658382, 0.500000
9.364511, 5.009763, -0.658382, 0.500000
9.364511, 5.009763, -0.658382, 0.500000
9.368466, 5.006704, -0.658382, 0.500000
9.368466, 5.006704, -0.658382, 0.500000
9.368466, 5.006704, -0.658382, 0.500000
9.372421, 5.003645, -0.658382, 0.500000
9.372421, 5.003645, -0.658382, 0.500000
9.376376, 5.000586, -0.658382, 0.500000
9.376376, 5.000586, -0.658382, 0.500000
9.376376, 5.000586, -0.658382, 0.500000
9.380331, 4.997526, -0.658382, 0.500000
9.380331, 4.997526, -0.658382, 0.500000
9.384286, 4.994467, -0.658382, 0.500000
9.384286, 4.994467, -0.658382, 0.500000
9.384286, 4.994467, -0.658382, 0.500000
9.388241, 4.991408, -0.658382, 0.500000
9.388241, 4.991408, -0.658382, 0.500000
9.392196, 4.988349, -0.658382, 0.500000
9.392196, 4.988349, -0.658382, 0.500000
9.392196, 4.988349, -0.658382, 0.500000
9.396151, 4.985290, -0.658382, 0.500000
9.396151, 4.985290, -0.658382, 0.500000
9.400106, 4.982231, -0.658382, 0.500000
9.400106, 4.982231, -0.658382, 0.500000
9.400106, 4.982231, -0.658382, 0.500000
9.404061, 4.979171, -0.658382, 0.500000
9.404061, 4.979171, -0.658382, 0.500000
9.408016, 4.976112, -0.658382, 0.500000
9.408016, 4.976112, -0.658382, 0.500000
9.408016, 4.976112, -0.658382, 0.500000
9.411970, 4.973053, -0.658382, 0.500000
9.411970, 4.973053, -0.658382, 0.500000
9.415925, 4.969994, -0.658382, 0.500000
9.415925, 4.969994, -0.658382, 0.500000
9.415925, 4.969994, -0.658382, 0.500000
9.419880, 4.966935, -0.658382, 0.500000
9.419880, 4.966935, -0.658382, 0.500000
9.423835, 4.963875, -0.658382, 0.500000
9.423835, 4.963875, -0.658382, 0.500000
9.423835, 4.963875, -0.658382, 0.500000
9.427790, 4.960816, -0.658382, 0.500000
9.427790, 4.960816, -0.658382, 0.500000
9.431745, 4.957757, -0.658382, 0.500000
9.431745, 4.957757, -0.658382, 0.500000
9.431745, 4.957757, -0.658382, 0.500000
9.435700, 4.954698, -0.658382, 0.500000
9.435700, 4.954698, -0.658382, 0.500000
9.439655, 4.951639, -0.658382, 0.500000
9.439655, 4.951639, -0.658382, 0.500000
9.439655, 4.951639, -0.658382, 0.500000
9.443610, 4.948579, -0.658382, 0.500000
9.443610, 4.948579, -0.658382, 0.500000
9.447565, 4.945520, -0.658382, 0.500000
9.447565, 4.945520, -0.658382, 0.500000
9.447565, 4.945520, -0.658382, 0.500000
9.451520, 4.942461, -0.658382, 0.500000
9.451520, 4.942461, -0.658382, 0.500000
9.455475, 4.939402, -0.658382, 0.500000
9.455475, 4.939402, -0.658382, 0.500000
9.455475, 4.939402, -0.658382, 0.500000
9.459429, 4.936343, -0.658382, 0.500000
9.459429, 4.936343, -0.658382, 0.500000
9.463384, 4.933283, -0.658624, 0.500000
9.463384, 4.933283, -0.658624, 0.500000
9.463384, 4.933283, -0.658624, 0.500000
9.467337, 4.930222, -0.659351, 0.500000
9.467337, 4.930222, -0.659351, 0.500000
9.471288, 4.927157, -0.660565, 0.500000
9.471288, 4.927157, -0.660565, 0.500000
9.471288, 4.927157, -0.660565, 0.500000
9.475233, 4.924086, -0.662269, 0.500000
9.475233, 4.924086, -0.662269, 0.500000
9.479173, 4.921007, -0.664465, 0.500000
9.479173, 4.921007, -0.664465, 0.500000
9.479173, 4.921007, -0.664465, 0.500000
9.483105, 4.917918, -0.667158, 0.500000
9.483105, 4.917918, -0.667158, 0.500000
9.487028, 4.914819, -0.670354, 0.500000
9.487028, 4.914819, -0.670354, 0.500000
9.490941, 4.911705, -0.674060, 0.500000
9.490941, 4.911705, -0.674060, 0.500000
9.494841, 4.908576, -0.678284, 0.500000
9.494841, 4.908576, -0.678284, 0.500000
9.494841, 4.908576, -0.678284, 0.500000
9.498727, 4.905430, -0.683035, 0.500000
9.498727, 4.905430, -0.683035, 0.500000
9.502597, 4.902265, -0.687785, 0.500000
9.502597, 4.902265, -0.687785, 0.500000
9.502597, 4.902265, -0.687785, 0.500000
9.506453, 4.899082, -0.692536, 0.500000
9.506453, 4.899082, -0.692536, 0.500000
9.510294, 4.895880, -0.697287, 0.500000
9.510294, 4.895880, -0.697287, 0.500000
9.510294, 4.895880, -0.697287, 0.500000
9.514119, 4.892660, -0.702038, 0.500000
9.514119, 4.892660, -0.702038, 0.500000
9.517929, 4.889422, -0.706789, 0.500000
9.517929, 4.889422, -0.706789, 0.500000
9.517929, 4.889422, -0.706789, 0.500000
9.521723, 4.886166, -0.711540, 0.500000
9.521723, 4.886166, -0.711540, 0.500000
9.525502, 4.882892, -0.716291, 0.500000
9.525502, 4.882892, -0.716291, 0.500000
9.525502, 4.882892, -0.716291, 0.500000
9.529266, 4.879601, -0.721042, 0.500000
9.529266, 4.879601, -0.721042, 0.500000
9.533014, 4.876291, -0.725793, 0.500000
9.533014, 4.876291, -0.725793, 0.500000
9.533014, 4.876291, -0.725793, 0.500000
9.536746, 4.872963, -0.730544, 0.500000
9.536746, 4.872963, -0.730544, 0.500000
9.540462, 4.869618, -0.735295, 0.500000
9.540462, 4.869618, -0.735295, 0.500000
9.540462, 4.869618, -0.735295, 0.500000
9.544162, 4.866255, -0.740046, 0.500000
9.544162, 4.866255, -0.740046, 0.500000
9.547846, 4.862875, -0.744797, 0.500000
9.547846, 4.862875, -0.744797, 0.500000
9.547846, 4.862875, -0.744797, 0.500000
9.551514, 4.859477, -0.749548, 0.500000
9.551514, 4.859477, -0.749548, 0.500000
9.555166, 4.856062, -0.754299, 0.500000
9.555166, 4.856062, -0.754299, 0.500000
9.555166, 4.856062, -0.754299, 0.500000
9.558802, 4.852629, -0.759050, 0.500000
9.558802, 4.852629, -0.759050, 0.500000
9.562421, 4.849179, -0.763801, 0.500000
9.562421, 4.849179, -0.763801, 0.500000
9.562421, 4.849179, -0.763801, 0.500000
9.566024, 4.845713, -0.768552, 0.500000
9.566024, 4.845713, -0.768552, 0.500000
9.569610, 4.842228, -0.773303, 0.500000
9.569610, 4.842228, -0.773303, 0.500000
9.569610, 4.842228, -0.773303, 0.500000
9.573180, 4.838728, -0.778054, 0.500000
9.573180, 4.838728, -0.778054, 0.500000
9.576733, 4.835209, -0.782805, 0.500000
9.576733, 4.835209, -0.782805, 0.500000
9.576733, 4.835209, -0.782805, 0.500000
9.580269, 4.831675, -0.787556, 0.500000
9.580269, 4.831675, -0.787556, 0.500000
9.583788, 4.828123, -0.792307, 0.500000
9.583788, 4.828123, -0.792307, 0.500000
9.583788, 4.828123, -0.792307, 0.500000
9.587291, 4.824555, -0.797058, 0.500000
9.587291, 4.824555, -0.797058, 0.500000
9.590777, 4.820970, -0.801809, 0.500000
9.590777, 4.820970, -0.801809, 0.500000
9.590777, 4.820970, -0.801809, 0.500000
9.594245, 4.817369, -0.806560, 0.500000
9.594245, 4.817369, -0.806560, 0.500000
9.597696, 4.813751, -0.811311, 0.500000
9.597696, 4.813751, -0.811311, 0.500000
9.601131, 4.810117, -0.816062, 0.500000
9.601131, 4.810117, -0.816062, 0.500000
9.604547, 4.806467, -0.820813, 0.500000
9.604547, 4.806467, -0.820813, 0.500000
9.604547, 4.806467, -0.820813, 0.500000
9.607947, 4.802800, -0.825564, 0.500000
9.607947, 4.802800, -0.825564, 0.500000
9.611329, 4.799117, -0.830315, 0.500000
9.611329, 4.799117, -0.830315, 0.500000
9.611329, 4.799117, -0.830315, 0.500000
9.614693, 4.795419, -0.835065, 0.500000
9.614693, 4.795419, -0.835065, 0.500000
9.618040, 4.791704, -0.839816, 0.500000
9.618040, 4.791704, -0.839816, 0.500000
9.618040, 4.791704, -0.839816, 0.500000
9.621369, 4.787974, -0.844567, 0.500000
9.621369, 4.787974, -0.844567, 0.500000
9.624681, 4.784227, -0.849318, 0.500000
9.624681, 4.784227, -0.849318, 0.500000
9.624681, 4.784227, -0.849318, 0.500000
9.627975, 4.780466, -0.853542, 0.500000
9.627975, 4.780466, -0.853542, 0.500000
9.631254, 4.776692, -0.857248, 0.500000
9.631254, 4.776692, -0.857248, 0.500000
9.631254, 4.776692, -0.857248, 0.500000
9.634521, 4.772906, -0.860444, 0.500000
9.634521, 4.772906, -0.860444, 0.500000
9.637776, 4.769111, -0.863137, 0.500000
9.637776, 4.769111, -0.863137, 0.500000
9.637776, 4.769111, -0.863137, 0.500000
9.641022, 4.765308, -0.865333, 0.500000
9.641022, 4.765308, -0.865333, 0.500000
9.644260, 4.761498, -0.867036, 0.500000
9.644260, 4.761498, -0.867036, 0.500000
9.644260, 4.761498, -0.867036, 0.500000
9.647493, 4.757684, -0.868251, 0.500000
9.647493, 4.757684, -0.868251, 0.500000
9.650723, 4.753867, -0.868978, 0.500000
9.650723, 4.753867, -0.868978, 0.500000
9.650723, 4.753867, -0.868978, 0.500000
9.653950, 4.750048, -0.869220, 0.500000
9.653950, 4.750048, -0.869220, 0.500000
9.657177, 4.746229, -0.869220, 0.500000
9.657177, 4.746229, -0.869220, 0.500000
9.657177, 4.746229, -0.869220, 0.500000
9.660404, 4.742410, -0.869220, 0.500000
9.660404, 4.742410, -0.869220, 0.500000
9.663631, 4.738591, -0.869220, 0.500000
9.663631, 4.738591, -0.869220, 0.500000
9.663631, 4.738591, -0.869220, 0.500000
9.666859, 4.734771, -0.869220, 0.500000
9.670086, 4.730952, -0.869220, 0.500000
9.670086, 4.730952, -0.869220, 0.500000
9.670086, 4.730952, -0.869220, 0.500000
9.673313, 4.727133, -0.869220, 0.500000
9.673313, 4.727133, -0.869220, 0.500000
9.676540, 4.723314, -0.869220, 0.500000
9.676540, 4.723314, -0.869220, 0.500000
9.676540, 4.723314, -0.869220, 0.500000
9.679767, 4.719495, -0.869220, 0.500000
9.679767, 4.719495, -0.869220, 0.500000
9.682994, 4.715676, -0.869220, 0.500000
9.682994, 4.715676, -0.869220, 0.500000
9.686221, 4.711857, -0.869220, 0.500000
9.686221, 4.711857, -0.869220, 0.500000
9.689448, 4.708037, -0.869220, 0.500000
9.689448, 4.708037, -0.869220, 0.500000
9.689448, 4.708037, -0.869220, 0.500000
9.692675, 4.704218, -0.869220, 0.500000
9.692675, 4.704218, -0.869220, 0.500000
9.695903, 4.700399, -0.869220, 0.500000
9.695903, 4.700399, -0.869220, 0.500000
9.695903, 4.700399, -0.869220, 0.500000
9.699130, 4.696580, -0.869220, 0.500000
9.699130, 4.696580, -0.869220, 0.500000
9.702357, 4.692761, -0.869220, 0.500000
9.702357, 4.692761, -0.869220, 0.500000
9.702357, 4.692761, -0.869220, 0.500000
9.705584, 4.688942, -0.869220, 0.500000
9.705584, 4.688942, -0.869220, 0.500000
9.708811, 4.685123, -0.869220, 0.500000
9.708811, 4.685123, -0.869220, 0.500000
9.708811, 4.685123, -0.869220, 0.500000
9.712038, 4.681304, -0.869220, 0.500000
9.712038, 4.681304, -0.869220, 0.500000
9.715265, 4.677484, -0.869220, 0.500000
9.715265, 4.677484, -0.869220, 0.500000
9.715265, 4.677484, -0.869220, 0.500000
9.718492, 4.673665, -0.869220, 0.500000
9.718492, 4.673665, -0.869220, 0.500000
9.721719, 4.669846, -0.869220, 0.500000
9.721719, 4.669846, -0.869220, 0.500000
9.721719, 4.669846, -0.869220, 0.500000
9.724947, 4.666027, -0.869220, 0.500000
9.724947, 4.666027, -0.869220, 0.500000
9.728174, 4.662208, -0.869220, 0.500000
9.728174, 4.662208, -0.869220, 0.500000
9.728174, 4.662208, -0.869220, 0.500000
9.731401, 4.658389, -0.869220, 0.500000
9.731401, 4.658389, -0.869220, 0.500000
9.734628, 4.654570, -0.869220, 0.500000
9.734628, 4.654570, -0.869220, 0.500000
9.737855, 4.650751, -0.869220, 0.500000
9.737855, 4.650751, -0.869220, 0.500000
9.741082, 4.646931, -0.869220, 0.500000
9.741082, 4.646931, -0.869220, 0.500000
9.741082, 4.646931, -0.869220, 0.500000
9.744309, 4.643112, -0.869220, 0.500000
9.744309, 4.643112, -0.869220, 0.500000
9.747536, 4.639293, -0.869220, 0.500000
9.747536, 4.639293, -0.869220, 0.500000
9.750763, 4.635474, -0.869220, 0.500000
9.750763, 4.635474, -0.869220, 0.500000
9.753991, 4.631655, -0.869220, 0.500000
9.753991, 4.631655, -0.869220, 0.500000
9.753991, 4.631655, -0.869220, 0.500000
9.757218, 4.627836, -0.869220, 0.500000
9.757218, 4.627836, -0.869220, 0.500000
9.760445, 4.624017, -0.869220, 0.500000
9.760445, 4.624017, -0.869220, 0.500000
9.760445, 4.624017, -0.869220, 0.500000
9.763672, 4.620198, -0.869220, 0.500000
9.763672, 4.620198, -0.869220, 0.500000
9.766899, 4.616378, -0.869220, 0.500000
9.766899, 4.616378, -0.869220, 0.500000
9.766899, 4.616378, -0.869220, 0.500000
9.770126, 4.612559, -0.869220, 0.500000
9.770126, 4.612559, -0.869220, 0.500000
9.773353, 4.608740, -0.869220, 0.500000
9.773353, 4.608740, -0.869220, 0.500000
9.773353, 4.608740, -0.869220, 0.500000
9.776580, 4.604921, -0.869220, 0.500000
9.776580, 4.604921, -0.869220, 0.500000
9.779807, 4.601102, -0.869220, 0.500000
9.779807, 4.601102, -0.869220, 0.500000
9.779807, 4.601102, -0.869220, 0.500000
9.783034, 4.597282, -0.869463, 0.500000
9.783034, 4.597282, -0.869463, 0.500000
9.786259, 4.593462, -0.870190, 0.500000
9.786259, 4.593462, -0.870190, 0.500000
9.789480, 4.589637, -0.871404, 0.500000
9.789480, 4.589637, -0.871404, 0.500000
9.789480, 4.589637, -0.871404, 0.500000
9.792696, 4.585809, -0.873107, 0.500000
9.792696, 4.585809, -0.873107, 0.500000
9.792696, 4.585809, -0.873107, 0.500000
9.795904, 4.581974, -0.875303, 0.500000
9.795904, 4.581974, -0.875303, 0.500000
9.799103, 4.578131, -0.877996, 0.500000
9.799103, 4.578131, -0.877996, 0.500000
9.799103, 4.578131, -0.877996, 0.500000
9.802291, 4.574278, -0.881193, 0.500000
9.802291, 4.574278, -0.881193, 0.500000
9.805465, 4.570415, -0.884898, 0.500000
9.805465, 4.570415, -0.884898, 0.500000
9.808624, 4.566539, -0.889122, 0.500000
9.808624, 4.566539, -0.889122, 0.500000
9.811765, 4.562650, -0.893873, 0.500000
9.811765, 4.562650, -0.893873, 0.500000
9.811765, 4.562650, -0.893873, 0.500000
9.814888, 4.558744, -0.898624, 0.500000
9.814888, 4.558744, -0.898624, 0.500000
9.817992, 4.554825, -0.903375, 0.500000
9.817992, 4.554825, -0.903375, 0.500000
9.821077, 4.550890, -0.908126, 0.500000
9.821077, 4.550890, -0.908126, 0.500000
9.824144, 4.546941, -0.912877, 0.500000
9.824144, 4.546941, -0.912877, 0.500000
9.824144, 4.546941, -0.912877, 0.500000
9.827192, 4.542978, -0.917628, 0.500000
9.827192, 4.542978, -0.917628, 0.500000
9.830221, 4.539000, -0.922379, 0.500000
9.830221, 4.539000, -0.922379, 0.500000
9.830221, 4.539000, -0.922379, 0.500000
9.833231, 4.535007, -0.927130, 0.500000
9.833231, 4.535007, -0.927130, 0.500000
9.836222, 4.531001, -0.931881, 0.500000
9.836222, 4.531001, -0.931881, 0.500000
9.839194, 4.526980, -0.936632, 0.500000
9.839194, 4.526980, -0.936632, 0.500000
9.842147, 4.522945, -0.941383, 0.500000
9.842147, 4.522945, -0.941383, 0.500000
9.842147, 4.522945, -0.941383, 0.500000
9.845081, 4.518896, -0.946134, 0.500000
9.845081, 4.518896, -0.946134, 0.500000
9.847996, 4.514834, -0.950885, 0.500000
9.850891, 4.510757, -0.955636, 0.500000
9.850891, 4.510757, -0.955636, 0.500000
9.853767, 4.506667, -0.960387, 0.500000
9.853767, 4.506667, -0.960387, 0.500000
9.853767, 4.506667, -0.960387, 0.500000
9.856623, 4.502563, -0.965138, 0.500000
9.856623, 4.502563, -0.965138, 0.500000
9.859460, 4.498446, -0.969889, 0.500000
9.859460, 4.498446, -0.969889, 0.500000
9.859460, 4.498446, -0.969889, 0.500000
9.862277, 4.494315, -0.974640, 0.500000
9.862277, 4.494315, -0.974640, 0.500000
9.865074, 4.490171, -0.979391, 0.500000
9.865074, 4.490171, -0.979391, 0.500000
9.865074, 4.490171, -0.979391, 0.500000
9.867852, 4.486013, -0.984142, 0.500000
9.867852, 4.486013, -0.984142, 0.500000
9.870610, 4.481843, -0.988893, 0.500000
9.870610, 4.481843, -0.988893, 0.500000
9.870610, 4.481843, -0.988893, 0.500000
9.873348, 4.477659, -0.993643, 0.500000
9.873348, 4.477659, -0.993643, 0.500000
9.876066, 4.473462, -0.998394, 0.500000
9.876066, 4.473462, -0.998394, 0.500000
9.878764, 4.469253, -1.003145, 0.500000
9.878764, 4.469253, -1.003145, 0.500000
9.881443, 4.465031, -1.007896, 0.500000
9.881443, 4.465031, -1.007896, 0.500000
9.884101, 4.460796, -1.012647, 0.500000
9.884101, 4.460796, -1.012647, 0.500000
9.886739, 4.456549, -1.017398, 0.500000
9.886739, 4.456549, -1.017398, 0.500000
9.886739, 4.456549, -1.017398, 0.500000
9.889357, 4.452288, -1.022149, 0.500000
9.889357, 4.452288, -1.022149, 0.500000
9.891954, 4.448016, -1.026900, 0.500000
9.894531, 4.443731, -1.031651, 0.500000
9.894531, 4.443731, -1.031651, 0.500000
9.897088, 4.439435, -1.036402, 0.500000
9.897088, 4.439435, -1.036402, 0.500000
9.897088, 4.439435, -1.036402, 0.500000
9.899624, 4.435126, -1.041153, 0.500000
9.899624, 4.435126, -1.041153, 0.500000
9.902141, 4.430805, -1.045904, 0.500000
9.902141, 4.430805, -1.045904, 0.500000
9.902141, 4.430805, -1.045904, 0.500000
9.904636, 4.426472, -1.050655, 0.500000
9.904636, 4.426472, -1.050655, 0.500000
9.907111, 4.422127, -1.055406, 0.500000
9.907111, 4.422127, -1.055406, 0.500000
9.907111, 4.422127, -1.055406, 0.500000
9.909564, 4.417771, -1.060157, 0.500000
9.909564, 4.417771, -1.060157, 0.500000
9.911998, 4.413403, -1.064908, 0.500000
9.911998, 4.413403, -1.064908, 0.500000
9.911998, 4.413403, -1.064908, 0.500000
9.914410, 4.409024, -1.069659, 0.500000
9.914410, 4.409024, -1.069659, 0.500000
9.916802, 4.404633, -1.074410, 0.500000
9.916802, 4.404633, -1.074410, 0.500000
9.916802, 4.404633, -1.074410, 0.500000
9.919173, 4.400231, -1.079161, 0.500000
9.919173, 4.400231, -1.079161, 0.500000
9.921523, 4.395817, -1.083912, 0.500000
9.921523, 4.395817, -1.083912, 0.500000
9.921523, 4.395817, -1.083912, 0.500000
9.923851, 4.391393, -1.088663, 0.500000
9.923851, 4.391393, -1.088663, 0.500000
9.926159, 4.386957, -1.093414, 0.500000
9.926159, 4.386957, -1.093414, 0.500000
9.926159, 4.386957, -1.093414, 0.500000
9.928446, 4.382511, -1.098165, 0.500000
9.928446, 4.382511, -1.098165, 0.500000
9.930712, 4.378054, -1.102916, 0.500000
9.930712, 4.378054, -1.102916, 0.500000
9.930712, 4.378054, -1.102916, 0.500000
9.932956, 4.373585, -1.107667, 0.500000
9.932956, 4.373585, -1.107667, 0.500000
9.935179, 4.369107, -1.112418, 0.500000
9.935179, 4.369107, -1.112418, 0.500000
9.935179, 4.369107, -1.112418, 0.500000
9.937381, 4.364618, -1.117169, 0.500000
9.937381, 4.364618, -1.117169, 0.500000
9.939562, 4.360118, -1.121920, 0.500000
9.939562, 4.360118, -1.121920, 0.500000
9.939562, 4.360118, -1.121920, 0.500000
9.941720, 4.355608, -1.126671, 0.500000
9.941720, 4.355608, -1.126671, 0.500000
9.943859, 4.351089, -1.130894, 0.500000
9.943859, 4.351089, -1.130894, 0.500000
9.943859, 4.351089, -1.130894, 0.500000
9.945980, 4.346561, -1.134600, 0.500000
9.945980, 4.346561, -1.134600, 0.500000
9.948085, 4.342026, -1.137796, 0.500000
9.948085, 4.342026, -1.137796, 0.500000
9.948085, 4.342026, -1.137796, 0.500000
9.950176, 4.337484, -1.140490, 0.500000
9.950176, 4.337484, -1.140490, 0.500000
9.952257, 4.332938, -1.142685, 0.500000
9.952257, 4.332938, -1.142685, 0.500000
9.952257, 4.332938, -1.142685, 0.500000
9.954329, 4.328387, -1.144389, 0.500000
9.954329, 4.328387, -1.144389, 0.500000
9.956394, 4.323833, -1.145603, 0.500000
9.956394, 4.323833, -1.145603, 0.500000
9.956394, 4.323833, -1.145603, 0.500000
9.958454, 4.319278, -1.146330, 0.500000
9.958454, 4.319278, -1.146330, 0.500000
9.960513, 4.314721, -1.146572, 0.500000
9.960513, 4.314721, -1.146572, 0.500000
9.960513, 4.314721, -1.146572, 0.500000
9.962571, 4.310164, -1.146572, 0.500000
9.962571, 4.310164, -1.146572, 0.500000
9.964629, 4.305608, -1.146572, 0.500000
9.964629, 4.305608, -1.146572, 0.500000
9.964629, 4.305608, -1.146572, 0.500000
9.966687, 4.301051, -1.146572, 0.500000
9.966687, 4.301051, -1.146572, 0.500000
9.968745, 4.296494, -1.146572, 0.500000
9.968745, 4.296494, -1.146572, 0.500000
9.968745, 4.296494, -1.146572, 0.500000
9.970803, 4.291937, -1.146572, 0.500000
9.970803, 4.291937, -1.146572, 0.500000
9.972861, 4.287380, -1.146572, 0.500000
9.972861, 4.287380, -1.146572, 0.500000
9.972861, 4.287380, -1.146572, 0.500000
9.974919, 4.282824, -1.146572, 0.500000
9.974919, 4.282824, -1.146572, 0.500000
9.976977, 4.278267, -1.146572, 0.500000
9.976977, 4.278267, -1.146572, 0.500000
9.976977, 4.278267, -1.146572, 0.500000
9.979035, 4.273710, -1.146572, 0.500000
9.979035, 4.273710, -1.146572, 0.500000
9.981093, 4.269153, -1.146572, 0.500000
9.981093, 4.269153, -1.146572, 0.500000
9.981093, 4.269153, -1.146572, 0.500000
9.983152, 4.264596, -1.146572, 0.500000
9.983152, 4.264596, -1.146572, 0.500000
9.985210, 4.260040, -1.146572, 0.500000
9.985210, 4.260040, -1.146572, 0.500000
9.985210, 4.260040, -1.146572, 0.500000
9.987268, 4.255483, -1.146572, 0.500000
9.987268, 4.255483, -1.146572, 0.500000
9.989326, 4.250926, -1.146572, 0.500000
9.989326, 4.250926, -1.146572, 0.500000
9.989326, 4.250926, -1.146572, 0.500000
9.991384, 4.246369, -1.146572, 0.500000
9.991384, 4.246369, -1.146572, 0.500000
9.993442, 4.241812, -1.146572, 0.500000
9.993442, 4.241812, -1.146572, 0.500000
9.993442, 4.241812, -1.146572, 0.500000
9.995500, 4.237256, -1.146572, 0.500000
9.995500, 4.237256, -1.146572, 0.500000
9.997558, 4.232699, -1.146572, 0.500000
9.997558, 4.232699, -1.146572, 0.500000
9.999616, 4.228142, -1.146572, 0.500000
9.999616, 4.228142, -1.146572, 0.500000
10.001674, 4.223585, -1.146572, 0.500000
10.001674, 4.223585, -1.146572, 0.500000
10.001674, 4.223585, -1.146572, 0.500000
10.003732, 4.219028, -1.146572, 0.500000
10.003732, 4.219028, -1.146572, 0.500000
10.005790, 4.214472, -1.146572, 0.500000
10.005790, 4.214472, -1.146572, 0.500000
10.007848, 4.209915, -1.146572, 0.500000
10.007848, 4.209915, -1.146572, 0.500000
10.009906, 4.205358, -1.146572, 0.500000
10.009906, 4.205358, -1.146572, 0.500000
10.011964, 4.200801, -1.146815, 0.500000
10.011964, 4.200801, -1.146815, 0.500000
10.014020, 4.196243, -1.147542, 0.500000
10.014020, 4.196243, -1.147542, 0.500000
10.014020, 4.196243, -1.147542, 0.500000
10.016071, 4.191683, -1.148756, 0.500000
10.016071, 4.191683, -1.148756, 0.500000
10.018115, 4.187120, -1.150460, 0.500000
10.018115, 4.187120, -1.150460, 0.500000
10.018115, 4.187120, -1.150460, 0.500000
10.020151, 4.182553, -1.152655, 0.500000
10.020151, 4.182553, -1.152655, 0.500000
10.022175, 4.177982, -1.155349, 0.500000
10.022175, 4.177982, -1.155349, 0.500000
10.022175, 4.177982, -1.155349, 0.500000
10.024186, 4.173404, -1.158545, 0.500000
10.024186, 4.173404, -1.158545, 0.500000
10.026181, 4.168819, -1.162251, 0.500000
10.026181, 4.168819, -1.162251, 0.500000
10.026181, 4.168819, -1.162251, 0.500000
10.028158, 4.164226, -1.166474, 0.500000
10.028158, 4.164226, -1.166474, 0.500000
10.030114, 4.159625, -1.171225, 0.500000
10.030114, 4.159625, -1.171225, 0.500000
10.030114, 4.159625, -1.171225, 0.500000
10.032048, 4.155014, -1.175976, 0.500000
10.032048, 4.155014, -1.175976, 0.500000
10.033960, 4.150394, -1.180727, 0.500000
10.033960, 4.150394, -1.180727, 0.500000
10.033960, 4.150394, -1.180727, 0.500000
10.035850, 4.145765, -1.185478, 0.500000
10.035850, 4.145765, -1.185478, 0.500000
10.037719, 4.141128, -1.190229, 0.500000
10.037719, 4.141128, -1.190229, 0.500000
10.037719, 4.141128, -1.190229, 0.500000
10.039565, 4.136481, -1.194980, 0.500000
10.039565, 4.136481, -1.194980, 0.500000
10.041389, 4.131826, -1.199731, 0.500000
10.041389, 4.131826, -1.199731, 0.500000
10.043191, 4.127161, -1.204482, 0.500000
10.043191, 4.127161, -1.204482, 0.500000
10.043191, 4.127161, -1.204482, 0.500000
10.044971, 4.122489, -1.209233, 0.500000
10.044971, 4.122489, -1.209233, 0.500000
10.044971, 4.122489, -1.209233, 0.500000
10.046728, 4.117808, -1.213984, 0.500000
10.046728, 4.117808, -1.213984, 0.500000
10.048464, 4.113119, -1.218735, 0.500000
10.048464, 4.113119, -1.218735, 0.500000
10.048464, 4.113119, -1.218735, 0.500000
10.050177, 4.108421, -1.223486, 0.500000
10.050177, 4.108421, -1.223486, 0.500000
10.051868, 4.103716, -1.228237, 0.500000
10.051868, 4.103716, -1.228237, 0.500000
10.051868, 4.103716, -1.228237, 0.500000
10.053536, 4.099003, -1.232988, 0.500000
10.053536, 4.099003, -1.232988, 0.500000
10.055182, 4.094281, -1.237739, 0.500000
10.055182, 4.094281, -1.237739, 0.500000
10.055182, 4.094281, -1.237739, 0.500000
10.056805, 4.089552, -1.242490, 0.500000
10.056805, 4.089552, -1.242490, 0.500000
10.058406, 4.084815, -1.247241, 0.500000
10.058406, 4.084815, -1.247241, 0.500000
10.058406, 4.084815, -1.247241, 0.500000
10.059984, 4.080071, -1.251992, 0.500000
10.059984, 4.080071, -1.251992, 0.500000
10.061540, 4.075319, -1.256743, 0.500000
10.061540, 4.075319, -1.256743, 0.500000
10.061540, 4.075319, -1.256743, 0.500000
10.063074, 4.070560, -1.261494, 0.500000
10.063074, 4.070560, -1.261494, 0.500000
10.064584, 4.065794, -1.266245, 0.500000
10.064584, 4.065794, -1.266245, 0.500000
10.064584, 4.065794, -1.266245, 0.500000
10.066072, 4.061020, -1.270996, 0.500000
10.066072, 4.061020, -1.270996, 0.500000
10.067538, 4.056240, -1.275747, 0.500000
10.067538, 4.056240, -1.275747, 0.500000
10.067538, 4.056240, -1.275747, 0.500000
10.068980, 4.051453, -1.280498, 0.500000
10.068980, 4.051453, -1.280498, 0.500000
10.070400, 4.046658, -1.285249, 0.500000
10.070400, 4.046658, -1.285249, 0.500000
10.070400, 4.046658, -1.285249, 0.500000
10.071797, 4.041858, -1.290000, 0.500000
10.071797, 4.041858, -1.290000, 0.500000
10.073171, 4.037050, -1.294751, 0.500000
10.073171, 4.037050, -1.294751, 0.500000
10.073171, 4.037050, -1.294751, 0.500000
10.074522, 4.032236, -1.299501, 0.500000
10.074522, 4.032236, -1.299501, 0.500000
10.075851, 4.027416, -1.304252, 0.500000
10.075851, 4.027416, -1.304252, 0.500000
10.075851, 4.027416, -1.304252, 0.500000
10.077156, 4.022589, -1.309003, 0.500000
10.077156, 4.022589, -1.309003, 0.500000
10.078439, 4.017757, -1.313754, 0.500000
10.078439, 4.017757, -1.313754, 0.500000
10.078439, 4.017757, -1.313754, 0.500000
10.079699, 4.012918, -1.318505, 0.500000
10.079699, 4.012918, -1.318505, 0.500000
10.080935, 4.008073, -1.323256, 0.500000
10.080935, 4.008073, -1.323256, 0.500000
10.080935, 4.008073, -1.323256, 0.500000
10.082149, 4.003223, -1.328007, 0.500000
10.082149, 4.003223, -1.328007, 0.500000
10.083339, 3.998367, -1.332758, 0.500000
10.083339, 3.998367, -1.332758, 0.500000
10.083339, 3.998367, -1.332758, 0.500000
10.084507, 3.993505, -1.337509, 0.500000
10.084507, 3.993505, -1.337509, 0.500000
10.085651, 3.988638, -1.342260, 0.500000
10.085651, 3.988638, -1.342260, 0.500000
10.085651, 3.988638, -1.342260, 0.500000
10.086772, 3.983765, -1.347011, 0.500000
10.086772, 3.983765, -1.347011, 0.500000
10.087870, 3.978887, -1.351762, 0.500000
10.087870, 3.978887, -1.351762, 0.500000
10.088945, 3.974004, -1.356513, 0.500000
10.088945, 3.974004, -1.356513, 0.500000
10.089997, 3.969116, -1.361264, 0.500000
10.089997, 3.969116, -1.361264, 0.500000
10.089997, 3.969116, -1.361264, 0.500000
10.091025, 3.964223, -1.366015, 0.500000
10.091025, 3.964223, -1.366015, 0.500000
10.092030, 3.959325, -1.370766, 0.500000
10.092030, 3.959325, -1.370766, 0.500000
10.092030, 3.959325, -1.370766, 0.500000
10.093012, 3.954422, -1.375517, 0.500000
10.093012, 3.954422, -1.375517, 0.500000
10.093971, 3.949515, -1.380268, 0.500000
10.093971, 3.949515, -1.380268, 0.500000
10.094906, 3.944603, -1.385019, 0.500000
10.094906, 3.944603, -1.385019, 0.500000
10.095818, 3.939687, -1.389770, 0.500000
10.095818, 3.939687, -1.389770, 0.500000
10.095818, 3.939687, -1.389770, 0.500000
10.096706, 3.934766, -1.394521, 0.500000
10.096706, 3.934766, -1.394521, 0.500000
10.097572, 3.929842, -1.399272, 0.500000
10.097572, 3.929842, -1.399272, 0.500000
10.097572, 3.929842, -1.399272, 0.500000
10.098413, 3.924913, -1.404023, 0.500000
10.098413, 3.924913, -1.404023, 0.500000
10.099232, 3.919981, -1.408774, 0.500000
10.099232, 3.919981, -1.408774, 0.500000
10.099232, 3.919981, -1.408774, 0.500000
10.100026, 3.915044, -1.413525, 0.500000
10.100026, 3.915044, -1.413525, 0.500000
10.100798, 3.910104, -1.418276, 0.500000
10.100798, 3.910104, -1.418276, 0.500000
10.100798, 3.910104, -1.418276, 0.500000
10.101545, 3.905160, -1.423027, 0.500000
10.101545, 3.905160, -1.423027, 0.500000
10.102270, 3.900213, -1.427778, 0.500000
10.102270, 3.900213, -1.427778, 0.500000
10.102270, 3.900213, -1.427778, 0.500000
10.102971, 3.895262, -1.432529, 0.500000
10.102971, 3.895262, -1.432529, 0.500000
10.103648, 3.890309, -1.437280, 0.500000
10.103648, 3.890309, -1.437280, 0.500000
10.103648, 3.890309, -1.437280, 0.500000
10.104302, 3.885351, -1.442030, 0.500000
10.104302, 3.885351, -1.442030, 0.500000
10.104932, 3.880391, -1.446781, 0.500000
10.104932, 3.880391, -1.446781, 0.500000
10.104932, 3.880391, -1.446781, 0.500000
10.105539, 3.875428, -1.451532, 0.500000
10.105539, 3.875428, -1.451532, 0.500000
10.106122, 3.870462, -1.456283, 0.500000
10.106122, 3.870462, -1.456283, 0.500000
10.106122, 3.870462, -1.456283, 0.500000
10.106682, 3.865494, -1.461034, 0.500000
10.106682, 3.865494, -1.461034, 0.500000
10.107218, 3.860523, -1.465785, 0.500000
10.107218, 3.860523, -1.465785, 0.500000
10.107218, 3.860523, -1.465785, 0.500000
10.107730, 3.855549, -1.470536, 0.500000
10.107730, 3.855549, -1.470536, 0.500000
10.108219, 3.850573, -1.475287, 0.500000
10.108683, 3.845595, -1.480038, 0.500000
10.108683, 3.845595, -1.480038, 0.500000
10.109126, 3.840614, -1.484262, 0.500000
10.109126, 3.840614, -1.484262, 0.500000
10.109126, 3.840614, -1.484262, 0.500000
10.109549, 3.835632, -1.487968, 0.500000
10.109549, 3.835632, -1.487968, 0.500000
10.109954, 3.830649, -1.491164, 0.500000
10.109954, 3.830649, -1.491164, 0.500000
10.109954, 3.830649, -1.491164, 0.500000
10.110345, 3.825664, -1.493857, 0.500000
10.110345, 3.825664, -1.493857, 0.500000
10.110723, 3.820678, -1.496053, 0.500000
10.110723, 3.820678, -1.496053, 0.500000
10.110723, 3.820678, -1.496053, 0.500000
10.111092, 3.815692, -1.497756, 0.500000
10.111092, 3.815692, -1.497756, 0.500000
10.111454, 3.810705, -1.498970, 0.500000
10.111454, 3.810705, -1.498970, 0.500000
10.111454, 3.810705, -1.498970, 0.500000
10.111811, 3.805718, -1.499698, 0.500000
10.112165, 3.800730, -1.499940, 0.500000
10.112165, 3.800730, -1.499940, 0.500000
10.112165, 3.800730, -1.499940, 0.500000
10.112519, 3.795743, -1.499940, 0.500000
10.112519, 3.795743, -1.499940, 0.500000
10.112873, 3.790755, -1.499940, 0.500000
10.112873, 3.790755, -1.499940, 0.500000
10.112873, 3.790755, -1.499940, 0.500000
10.113227, 3.785768, -1.499940, 0.500000
10.113227, 3.785768, -1.499940, 0.500000
10.113581, 3.780780, -1.499940, 0.500000
10.113581, 3.780780, -1.499940, 0.500000
10.113581, 3.780780, -1.499940, 0.500000
10.113935, 3.775793, -1.499940, 0.500000
10.113935, 3.775793, -1.499940, 0.500000
10.114289, 3.770806, -1.499940, 0.500000
10.114289, 3.770806, -1.499940, 0.500000
10.114289, 3.770806, -1.499940, 0.500000
10.114643, 3.765818, -1.499940, 0.500000
10.114643, 3.765818, -1.499940, 0.500000
10.114997, 3.760831, -1.499940, 0.500000
10.114997, 3.760831, -1.499940, 0.500000
10.115351, 3.755843, -1.499940, 0.500000
10.115351, 3.755843, -1.499940, 0.500000
10.115351, 3.755843, -1.499940, 0.500000
10.115705, 3.750856, -1.499940, 0.500000
10.115705, 3.750856, -1.499940, 0.500000
10.115705, 3.750856, -1.499940, 0.500000
10.116059, 3.745868, -1.499940, 0.500000
10.116059, 3.745868, -1.499940, 0.500000
10.116413, 3.740881, -1.499940, 0.500000
10.116413, 3.740881, -1.499940, 0.500000
10.116413, 3.740881, -1.499940, 0.500000
10.116767, 3.735893, -1.499940, 0.500000
10.116767, 3.735893, -1.499940, 0.500000
10.117121, 3.730906, -1.499940, 0.500000
10.117121, 3.730906, -1.499940, 0.500000
10.117121, 3.730906, -1.499940, 0.500000
10.117475, 3.725918, -1.499940, 0.500000
10.117475, 3.725918, -1.499940, 0.500000
10.117829, 3.720931, -1.499940, 0.500000
10.117829, 3.720931, -1.499940, 0.500000
10.117829, 3.720931, -1.499940, 0.500000
10.118183, 3.715944, -1.499940, 0.500000
10.118183, 3.715944, -1.499940, 0.500000
10.118537, 3.710956, -1.499940, 0.500000
10.118537, 3.710956, -1.499940, 0.500000
10.118537, 3.710956, -1.499940, 0.500000
10.118891, 3.705969, -1.499940, 0.500000
10.118891, 3.705969, -1.499940, 0.500000
10.119245, 3.700981, -1.499940, 0.500000
10.119245, 3.700981, -1.499940, 0.500000
10.119245, 3.700981, -1.499940, 0.500000
10.119599, 3.695994, -1.499940, 0.500000
10.119599, 3.695994, -1.499940, 0.500000
10.119953, 3.691006, -1.499940, 0.500000
10.119953, 3.691006, -1.499940, 0.500000
10.120307, 3.686019, -1.499940, 0.500000
10.120307, 3.686019, -1.499940, 0.500000
10.120661, 3.681031, -1.499940, 0.500000
10.120661, 3.681031, -1.499940, 0.500000
10.120661, 3.681031, -1.499940, 0.500000
10.121015, 3.676044, -1.499940, 0.500000
10.121015, 3.676044, -1.499940, 0.500000
10.121369, 3.671056, -1.499940, 0.500000
10.121369, 3.671056, -1.499940, 0.500000
10.121369, 3.671056, -1.499940, 0.500000
10.121723, 3.666069, -1.499940, 0.500000
10.121723, 3.666069, -1.499940, 0.500000
10.122077, 3.661082, -1.499940, 0.500000
10.122077, 3.661082, -1.499940, 0.500000
10.122077, 3.661082, -1.499940, 0.500000
10.122431, 3.656094, -1.499940, 0.500000
10.122431, 3.656094, -1.499940, 0.500000
10.122785, 3.651107, -1.499940, 0.500000
10.122785, 3.651107, -1.499940, 0.500000
10.122785, 3.651107, -1.499940, 0.500000
10.123139, 3.646119, -1.499940, 0.500000
10.123139, 3.646119, -1.499940, 0.500000
10.123493, 3.641132, -1.499940, 0.500000
10.123493, 3.641132, -1.499940, 0.500000
10.123493, 3.641132, -1.499940, 0.500000
10.123847, 3.636144, -1.499940, 0.500000
10.123847, 3.636144, -1.499940, 0.500000
10.124201, 3.631157, -1.499940, 0.500000
10.124201, 3.631157, -1.499940, 0.500000
10.124201, 3.631157, -1.499940, 0.500000
10.124555, 3.626169, -1.499940, 0.500000
10.124555, 3.626169, -1.499940, 0.500000
10.124909, 3.621182, -1.499940, 0.500000
10.124909, 3.621182, -1.499940, 0.500000
10.124909, 3.621182, -1.499940, 0.500000
10.125263, 3.616194, -1.499940, 0.500000
10.125263, 3.616194, -1.499940, 0.500000
10.125617, 3.611207, -1.499940, 0.500000
10.125617, 3.611207, -1.499940, 0.500000
10.125617, 3.611207, -1.499940, 0.500000
10.125971, 3.606220, -1.499940, 0.500000
10.125971, 3.606220, -1.499940, 0.500000
10.126325, 3.601232, -1.499940, 0.500000
10.126325, 3.601232, -1.499940, 0.500000
10.126325, 3.601232, -1.499940, 0.500000
10.126679, 3.596245, -1.499940, 0.500000
10.126679, 3.596245, -1.499940, 0.500000
10.127033, 3.591257, -1.499940, 0.500000
10.127033, 3.591257, -1.499940, 0.500000
10.127033, 3.591257, -1.499940, 0.500000
10.127387, 3.586270, -1.499940, 0.500000
10.127387, 3.586270, -1.499940, 0.500000
10.127741, 3.581282, -1.499940, 0.500000
10.127741, 3.581282, -1.499940, 0.500000
10.128095, 3.576295, -1.499940, 0.500000
10.128095, 3.576295, -1.499940, 0.500000
10.128095, 3.576295, -1.499940, 0.500000
10.128449, 3.571307, -1.499940, 0.500000
10.128449, 3.571307, -1.499940, 0.500000
10.128449, 3.571307, -1.499940, 0.500000
10.128803, 3.566320, -1.499940, 0.500000
10.128803, 3.566320, -1.499940, 0.500000
10.129157, 3.561332, -1.499940, 0.500000
10.129157, 3.561332, -1.499940, 0.500000
10.129157, 3.561332, -1.499940, 0.500000
10.129510, 3.556345, -1.499940, 0.500000
10.129510, 3.556345, -1.499940, 0.500000
10.129864, 3.551358, -1.499940, 0.500000
10.129864, 3.551358, -1.499940, 0.500000
10.129864, 3.551358, -1.499940, 0.500000
10.130218, 3.546370, -1.499940, 0.500000
10.130218, 3.546370, -1.499940, 0.500000
10.130572, 3.541383, -1.499940, 0.500000
10.130572, 3.541383, -1.499940, 0.500000
10.130572, 3.541383, -1.499940, 0.500000
10.130926, 3.536395, -1.499940, 0.500000
10.130926, 3.536395, -1.499940, 0.500000
10.131280, 3.531408, -1.499940, 0.500000
10.131280, 3.531408, -1.499940, 0.500000
10.131634, 3.526420, -1.499940, 0.500000
10.131634, 3.526420, -1.499940, 0.500000
10.131988, 3.521433, -1.499940, 0.500000
10.131988, 3.521433, -1.499940, 0.500000
10.131988, 3.521433, -1.499940, 0.500000
10.132342, 3.516445, -1.499940, 0.500000
10.132342, 3.516445, -1.499940, 0.500000
10.132696, 3.511458, -1.499940, 0.500000
10.132696, 3.511458, -1.499940, 0.500000
10.133050, 3.506471, -1.499940, 0.500000
10.133050, 3.506471, -1.499940, 0.500000
10.133404, 3.501483, -1.499940, 0.500000
10.133404, 3.501483, -1.499940, 0.500000
10.133404, 3.501483, -1.499940, 0.500000
10.133758, 3.496496, -1.499940, 0.500000
10.133758, 3.496496, -1.499940, 0.500000
10.134112, 3.491508, -1.499940, 0.500000
10.134112, 3.491508, -1.499940, 0.500000
10.134112, 3.491508, -1.499940, 0.500000
10.134466, 3.486521, -1.499940, 0.500000
10.134466, 3.486521, -1.499940, 0.500000
10.134820, 3.481533, -1.499940, 0.500000
10.134820, 3.481533, -1.499940, 0.500000
10.134820, 3.481533, -1.499940, 0.500000
10.135174, 3.476546, -1.499940, 0.500000
10.135174, 3.476546, -1.499940, 0.500000
10.135528, 3.471558, -1.499940, 0.500000
10.135528, 3.471558, -1.499940, 0.500000
10.135528, 3.471558, -1.499940, 0.500000
10.135882, 3.466571, -1.499940, 0.500000
10.135882, 3.466571, -1.499940, 0.500000
10.136236, 3.461583, -1.499940, 0.500000
10.136236, 3.461583, -1.499940, 0.500000
10.136236, 3.461583, -1.499940, 0.500000
10.136590, 3.456596, -1.499940, 0.500000
10.136590, 3.456596, -1.499940, 0.500000
10.136944, 3.451609, -1.499940, 0.500000
10.136944, 3.451609, -1.499940, 0.500000
10.137298, 3.446621, -1.499940, 0.500000
10.137298, 3.446621, -1.499940, 0.500000
10.137652, 3.441634, -1.499940, 0.500000
10.137652, 3.441634, -1.499940, 0.500000
10.137652, 3.441634, -1.499940, 0.500000
10.138006, 3.436646, -1.499940, 0.500000
10.138006, 3.436646, -1.499940, 0.500000
10.138360, 3.431659, -1.499940, 0.500000
10.138360, 3.431659, -1.499940, 0.500000
10.138360, 3.431659, -1.499940, 0.500000
10.138714, 3.426671, -1.499940, 0.500000
10.138714, 3.426671, -1.499940, 0.500000
10.139068, 3.421684, -1.499940, 0.500000
10.139068, 3.421684, -1.499940, 0.500000
10.139068, 3.421684, -1.499940, 0.500000
10.139422, 3.416696, -1.499940, 0.500000
10.139422, 3.416696, -1.499940, 0.500000
10.139776, 3.411709, -1.499940, 0.500000
10.139776, 3.411709, -1.499940, 0.500000
10.139776, 3.411709, -1.499940, 0.500000
10.140130, 3.406721, -1.499940, 0.500000
10.140130, 3.406721, -1.499940, 0.500000
10.140484, 3.401734, -1.499940, 0.500000
10.140484, 3.401734, -1.499940, 0.500000
10.140484, 3.401734, -1.499940, 0.500000
10.140838, 3.396747, -1.499940, 0.500000
10.140838, 3.396747, -1.499940, 0.500000
10.141192, 3.391759, -1.499940, 0.500000
10.141192, 3.391759, -1.499940, 0.500000
10.141192, 3.391759, -1.499940, 0.500000
10.141546, 3.386772, -1.499940, 0.500000
10.141546, 3.386772, -1.499940, 0.500000
10.141900, 3.381784, -1.499940, 0.500000
10.141900, 3.381784, -1.499940, 0.500000
10.141900, 3.381784, -1.499940, 0.500000
10.142254, 3.376797, -1.499940, 0.500000
10.142254, 3.376797, -1.499940, 0.500000
10.142608, 3.371809, -1.499940, 0.500000
10.142608, 3.371809, -1.499940, 0.500000
10.142962, 3.366822, -1.499940, 0.500000
10.142962, 3.366822, -1.499940, 0.500000
10.143316, 3.361834, -1.499940, 0.500000
10.143316, 3.361834, -1.499940, 0.500000
10.143316, 3.361834, -1.499940, 0.500000
10.143670, 3.356847, -1.499940, 0.500000
10.143670, 3.356847, -1.499940, 0.500000
10.144024, 3.351859, -1.499940, 0.500000
10.144024, 3.351859, -1.499940, 0.500000
10.144024, 3.351859, -1.499940, 0.500000
10.144378, 3.346872, -1.499940, 0.500000
10.144378, 3.346872, -1.499940, 0.500000
10.144732, 3.341885, -1.499940, 0.500000
10.144732, 3.341885, -1.499940, 0.500000
10.144732, 3.341885, -1.499940, 0.500000
10.145086, 3.336897, -1.499940, 0.500000
10.145086, 3.336897, -1.499940, 0.500000
10.145440, 3.331910, -1.499940, 0.500000
10.145440, 3.331910, -1.499940, 0.500000
10.145440, 3.331910, -1.499940, 0.500000
10.145794, 3.326922, -1.499940, 0.500000
10.145794, 3.326922, -1.499940, 0.500000
10.146148, 3.321935, -1.499940, 0.500000
10.146148, 3.321935, -1.499940, 0.500000
10.146148, 3.321935, -1.499940, 0.500000
10.146502, 3.316947, -1.499940, 0.500000
10.146502, 3.316947, -1.499940, 0.500000
10.146856, 3.311960, -1.499940, 0.500000
10.146856, 3.311960, -1.499940, 0.500000
10.147210, 3.306972, -1.499940, 0.500000
10.147210, 3.306972, -1.499940, 0.500000
10.147564, 3.301985, -1.499940, 0.500000
10.147564, 3.301985, -1.499940, 0.500000
10.147564, 3.301985, -1.499940, 0.500000
10.147918, 3.296997, -1.499940, 0.500000
10.147918, 3.296997, -1.499940, 0.500000
10.148272, 3.292010, -1.499940, 0.500000
10.148272, 3.292010, -1.499940, 0.500000
10.148272, 3.292010, -1.499940, 0.500000
10.148626, 3.287023, -1.499940, 0.500000
10.148626, 3.287023, -1.499940, 0.500000
10.148980, 3.282035, -1.499940, 0.500000
10.148980, 3.282035, -1.499940, 0.500000
10.149334, 3.277048, -1.499940, 0.500000
10.149334, 3.277048, -1.499940, 0.500000
10.149688, 3.272060, -1.499940, 0.500000
10.149688, 3.272060, -1.499940, 0.500000
10.149688, 3.272060, -1.499940, 0.500000
10.150042, 3.267073, -1.499940, 0.500000
10.150042, 3.267073, -1.499940, 0.500000
10.150396, 3.262085, -1.499940, 0.500000
10.150396, 3.262085, -1.499940, 0.500000
10.150396, 3.262085, -1.499940, 0.500000
10.150750, 3.257098, -1.499940, 0.500000
10.150750, 3.257098, -1.499940, 0.500000
10.151104, 3.252110, -1.499940, 0.500000
10.151104, 3.252110, -1.499940, 0.500000
10.151104, 3.252110, -1.499940, 0.500000
10.151458, 3.247123, -1.499940, 0.500000
10.151458, 3.247123, -1.499940, 0.500000
10.151812, 3.242135, -1.499940, 0.500000
10.151812, 3.242135, -1.499940, 0.500000
10.151812, 3.242135, -1.499940, 0.500000
10.152166, 3.237148, -1.499940, 0.500000
10.152166, 3.237148, -1.499940, 0.500000
10.152519, 3.232161, -1.499940, 0.500000
10.152519, 3.232161, -1.499940, 0.500000
10.152519, 3.232161, -1.499940, 0.500000
10.152873, 3.227173, -1.499940, 0.500000
10.152873, 3.227173, -1.499940, 0.500000
10.153227, 3.222186, -1.499940, 0.500000
10.153227, 3.222186, -1.499940, 0.500000
10.153227, 3.222186, -1.499940, 0.500000
10.153581, 3.217198, -1.499940, 0.500000
10.153581, 3.217198, -1.499940, 0.500000
10.153935, 3.212211, -1.499940, 0.500000
10.153935, 3.212211, -1.499940, 0.500000
10.154289, 3.207223, -1.499940, 0.500000
10.154289, 3.207223, -1.499940, 0.500000
10.154643, 3.202236, -1.499940, 0.500000
10.154643, 3.202236, -1.499940, 0.500000
10.154643, 3.202236, -1.499940, 0.500000
10.154997, 3.197248, -1.499940, 0.500000
10.154997, 3.197248, -1.499940, 0.500000
10.155351, 3.192261, -1.499940, 0.500000
10.155351, 3.192261, -1.499940, 0.500000
10.155351, 3.192261, -1.499940, 0.500000
10.155705, 3.187273, -1.499940, 0.500000
10.155705, 3.187273, -1.499940, 0.500000
10.156059, 3.182286, -1.499940, 0.500000
10.156059, 3.182286, -1.499940, 0.500000
10.156413, 3.177299, -1.499940, 0.500000
10.156413, 3.177299, -1.499940, 0.500000
10.156767, 3.172311, -1.499940, 0.500000
10.156767, 3.172311, -1.499940, 0.500000
10.156767, 3.172311, -1.499940, 0.500000
10.157121, 3.167324, -1.499940, 0.500000
10.157121, 3.167324, -1.499940, 0.500000
10.157475, 3.162336, -1.499940, 0.500000
10.157829, 3.157349, -1.499940, 0.500000
10.157829, 3.157349, -1.499940, 0.500000
10.158183, 3.152361, -1.499940, 0.500000
10.158183, 3.152361, -1.499940, 0.500000
10.158183, 3.152361, -1.499940, 0.500000
10.158537, 3.147374, -1.499940, 0.500000
10.158537, 3.147374, -1.499940, 0.500000
10.158891, 3.142386, -1.499940, 0.500000
10.158891, 3.142386, -1.499940, 0.500000
10.158891, 3.142386, -1.499940, 0.500000
10.159245, 3.137399, -1.499940, 0.500000
10.159245, 3.137399, -1.499940, 0.500000
10.159599, 3.132411, -1.499940, 0.500000
10.159599, 3.132411, -1.499940, 0.500000
10.159599, 3.132411, -1.499940, 0.500000
10.159953, 3.127424, -1.499940, 0.500000
10.159953, 3.127424, -1.499940, 0.500000
10.160307, 3.122437, -1.499940, 0.500000
10.160307, 3.122437, -1.499940, 0.500000
10.160307, 3.122437, -1.499940, 0.500000
10.160661, 3.117449, -1.499940, 0.500000
10.160661, 3.117449, -1.499940, 0.500000
10.161015, 3.112462, -1.499940, 0.500000
10.161015, 3.112462, -1.499940, 0.500000
10.161015, 3.112462, -1.499940, 0.500000
10.161369, 3.107474, -1.499940, 0.500000
10.161369, 3.107474, -1.499940, 0.500000
10.161723, 3.102487, -1.499940, 0.500000
10.161723, 3.102487, -1.499940, 0.500000
10.162077, 3.097499, -1.499940, 0.500000
10.162077, 3.097499, -1.499940, 0.500000
10.162431, 3.092512, -1.499940, 0.500000
10.162431, 3.092512, -1.499940, 0.500000
10.162431, 3.092512, -1.499940, 0.500000
10.162785, 3.087524, -1.499940, 0.500000
10.162785, 3.087524, -1.499940, 0.500000
10.163139, 3.082537, -1.499940, 0.500000
10.163139, 3.082537, -1.499940, 0.500000
10.163139, 3.082537, -1.499940, 0.500000
10.163493, 3.077549, -1.499940, 0.500000
10.163493, 3.077549, -1.499940, 0.500000
10.163847, 3.072562, -1.499940, 0.500000
10.163847, 3.072562, -1.499940, 0.500000
10.163847, 3.072562, -1.499940, 0.500000
10.164201, 3.067575, -1.499940, 0.500000
10.164201, 3.067575, -1.499940, 0.500000
10.164555, 3.062587, -1.499940, 0.500000
10.164555, 3.062587, -1.499940, 0.500000
10.164555, 3.062587, -1.499940, 0.500000
10.164909, 3.057600, -1.499940, 0.500000
10.164909, 3.057600, -1.499940, 0.500000
10.165263, 3.052612, -1.499940, 0.500000
10.165263, 3.052612, -1.499940, 0.500000
10.165263, 3.052612, -1.499940, 0.500000
10.165617, 3.047625, -1.499940, 0.500000
10.165617, 3.047625, -1.499940, 0.500000
10.165971, 3.042637, -1.499940, 0.500000
10.165971, 3.042637, -1.499940, 0.500000
10.165971, 3.042637, -1.499940, 0.500000
10.166325, 3.037650, -1.499940, 0.500000
10.166325, 3.037650, -1.499940, 0.500000
10.166679, 3.032662, -1.499940, 0.500000
10.166679, 3.032662, -1.499940, 0.500000
10.166679, 3.032662, -1.499940, 0.500000
10.167033, 3.027675, -1.499940, 0.500000
10.167033, 3.027675, -1.499940, 0.500000
10.167387, 3.022687, -1.499940, 0.500000
10.167387, 3.022687, -1.499940, 0.500000
10.167741, 3.017700, -1.499940, 0.500000
10.167741, 3.017700, -1.499940, 0.500000
10.168095, 3.012713, -1.499940, 0.500000
10.168095, 3.012713, -1.499940, 0.500000
10.168095, 3.012713, -1.499940, 0.500000
10.168449, 3.007725, -1.499940, 0.500000
10.168449, 3.007725, -1.499940, 0.500000
10.168803, 3.002738, -1.499940, 0.500000
10.168803, 3.002738, -1.499940, 0.500000
10.168803, 3.002738, -1.499940, 0.500000
10.169157, 2.997750, -1.499940, 0.500000
10.169157, 2.997750, -1.499940, 0.500000
10.169511, 2.992763, -1.499940, 0.500000
10.169511, 2.992763, -1.499940, 0.500000
10.169511, 2.992763, -1.499940, 0.500000
10.169865, 2.987775, -1.499940, 0.500000
10.169865, 2.987775, -1.499940, 0.500000
10.170219, 2.982788, -1.499940, 0.500000
10.170219, 2.982788, -1.499940, 0.500000
10.170219, 2.982788, -1.499940, 0.500000
10.170573, 2.977800, -1.499940, 0.500000
10.170573, 2.977800, -1.499940, 0.500000
10.170927, 2.972813, -1.499940, 0.500000
10.170927, 2.972813, -1.499940, 0.500000
10.171281, 2.967825, -1.499940, 0.500000
10.171281, 2.967825, -1.499940, 0.500000
10.171281, 2.967825, -1.499940, 0.500000
10.171635, 2.962838, -1.499940, 0.500000
10.171635, 2.962838, -1.499940, 0.500000
10.171635, 2.962838, -1.499940, 0.500000
10.171989, 2.957851, -1.499940, 0.500000
10.171989, 2.957851, -1.499940, 0.500000
10.172343, 2.952863, -1.499940, 0.500000
10.172343, 2.952863, -1.499940, 0.500000
10.172343, 2.952863, -1.499940, 0.500000
10.172697, 2.947876, -1.499940, 0.500000
10.172697, 2.947876, -1.499940, 0.500000
10.173051, 2.942888, -1.499940, 0.500000
10.173051, 2.942888, -1.499940, 0.500000
10.173051, 2.942888, -1.499940, 0.500000
10.173405, 2.937901, -1.499940, 0.500000
10.173405, 2.937901, -1.499940, 0.500000
10.173759, 2.932913, -1.499940, 0.500000
10.173759, 2.932913, -1.499940, 0.500000
10.173759, 2.932913, -1.499940, 0.500000
10.174113, 2.927926, -1.499940, 0.500000
10.174113, 2.927926, -1.499940, 0.500000
10.174467, 2.922938, -1.499940, 0.500000
10.174467, 2.922938, -1.499940, 0.500000
10.174467, 2.922938, -1.499940, 0.500000
10.174821, 2.917951, -1.499940, 0.500000
10.174821, 2.917951, -1.499940, 0.500000
10.175174, 2.912964, -1.499940, 0.500000
10.175174, 2.912964, -1.499940, 0.500000
10.175174, 2.912964, -1.499940, 0.500000
10.175528, 2.907976, -1.499940, 0.500000
10.175528, 2.907976, -1.499940, 0.500000
10.175882, 2.902989, -1.499940, 0.500000
10.175882, 2.902989, -1.499940, 0.500000
10.175882, 2.902989, -1.499940, 0.500000
10.176236, 2.898001, -1.499940, 0.500000
10.176236, 2.898001, -1.499940, 0.500000
10.176590, 2.893014, -1.499940, 0.500000
10.176590, 2.893014, -1.499940, 0.500000
10.176944, 2.888026, -1.499940, 0.500000
10.176944, 2.888026, -1.499940, 0.500000
10.177298, 2.883039, -1.499940, 0.500000
10.177298, 2.883039, -1.499940, 0.500000
10.177298, 2.883039, -1.499940, 0.500000
10.177652, 2.878051, -1.499940, 0.500000
10.177652, 2.878051, -1.499940, 0.500000
10.178006, 2.873064, -1.499940, 0.500000
10.178006, 2.873064, -1.499940, 0.500000
10.178006, 2.873064, -1.499940, 0.500000
10.178360, 2.868076, -1.499940, 0.500000
10.178360, 2.868076, -1.499940, 0.500000
10.178714, 2.863089, -1.499940, 0.500000
10.178714, 2.863089, -1.499940, 0.500000
10.178714, 2.863089, -1.499940, 0.500000
10.179068, 2.858102, -1.499940, 0.500000
10.179068, 2.858102, -1.499940, 0.500000
10.179422, 2.853114, -1.499940, 0.500000
10.179422, 2.853114, -1.499940, 0.500000
10.179422, 2.853114, -1.499940, 0.500000
10.179776, 2.848127, -1.499940, 0.500000
10.179776, 2.848127, -1.499940, 0.500000
10.180130, 2.843139, -1.499940, 0.500000
10.180130, 2.843139, -1.499940, 0.500000
10.180130, 2.843139, -1.499940, 0.500000
10.180484, 2.838152, -1.499940, 0.500000
10.180484, 2.838152, -1.499940, 0.500000
10.180838, 2.833164, -1.499940, 0.500000
10.180838, 2.833164, -1.499940, 0.500000
10.180838, 2.833164, -1.499940, 0.500000
10.181192, 2.828177, -1.499940, 0.500000
10.181192, 2.828177, -1.499940, 0.500000
10.181546, 2.823189, -1.499940, 0.500000
10.181546, 2.823189, -1.499940, 0.500000
10.181546, 2.823189, -1.499940, 0.500000
10.181900, 2.818202, -1.499940, 0.500000
10.181900, 2.818202, -1.499940, 0.500000
10.182254, 2.813214, -1.499940, 0.500000
10.182254, 2.813214, -1.499940, 0.500000
10.182254, 2.813214, -1.499940, 0.500000
10.182608, 2.808227, -1.499940, 0.500000
10.182608, 2.808227, -1.499940, 0.500000
10.182962, 2.803240, -1.499940, 0.500000
10.182962, 2.803240, -1.499940, 0.500000
10.182962, 2.803240, -1.499940, 0.500000
10.183316, 2.798252, -1.499940, 0.500000
10.183316, 2.798252, -1.499940, 0.500000
10.183670, 2.793265, -1.499940, 0.500000
10.183670, 2.793265, -1.499940, 0.500000
10.183670, 2.793265, -1.499940, 0.500000
10.184024, 2.788277, -1.499940, 0.500000
10.184024, 2.788277, -1.499940, 0.500000
10.184378, 2.783290, -1.499940, 0.500000
10.184378, 2.783290, -1.499940, 0.500000
10.184378, 2.783290, -1.499940, 0.500000
10.184732, 2.778302, -1.499940, 0.500000
10.184732, 2.778302, -1.499940, 0.500000
10.185086, 2.773315, -1.499940, 0.500000
10.185086, 2.773315, -1.499940, 0.500000
10.185086, 2.773315, -1.499940, 0.500000
10.185440, 2.768327, -1.499940, 0.500000
10.185440, 2.768327, -1.499940, 0.500000
10.185794, 2.763340, -1.499940, 0.500000
10.185794, 2.763340, -1.499940, 0.500000
10.186148, 2.758352, -1.499940, 0.500000
10.186148, 2.758352, -1.499940, 0.500000
10.186502, 2.753365, -1.499940, 0.500000
10.186502, 2.753365, -1.499940, 0.500000
10.186856, 2.748378, -1.499940, 0.500000
10.186856, 2.748378, -1.499940, 0.500000
10.187210, 2.743390, -1.499940, 0.500000
10.187210, 2.743390, -1.499940, 0.500000
10.187210, 2.743390, -1.499940, 0.500000
10.187564, 2.738403, -1.499940, 0.500000
10.187564, 2.738403, -1.499940, 0.500000
10.187918, 2.733415, -1.499940, 0.500000
10.187918, 2.733415, -1.499940, 0.500000
10.188272, 2.728428, -1.499940, 0.500000
10.188272, 2.728428, -1.499940, 0.500000
10.188626, 2.723440, -1.499940, 0.500000
10.188626, 2.723440, -1.499940, 0.500000
10.188626, 2.723440, -1.499940, 0.500000
10.188980, 2.718453, -1.499940, 0.500000
10.188980, 2.718453, -1.499940, 0.500000
10.189334, 2.713465, -1.499940, 0.500000
10.189334, 2.713465, -1.499940, 0.500000
10.189334, 2.713465, -1.499940, 0.500000
10.189688, 2.708478, -1.499940, 0.500000
10.189688, 2.708478, -1.499940, 0.500000
10.190042, 2.703490, -1.499940, 0.500000
10.190042, 2.703490, -1.499940, 0.500000
10.190042, 2.703490, -1.499940, 0.500000
10.190396, 2.698503, -1.499940, 0.500000
10.190396, 2.698503, -1.499940, 0.500000
10.190750, 2.693516, -1.499940, 0.500000
10.190750, 2.693516, -1.499940, 0.500000
10.190750, 2.693516, -1.499940, 0.500000
10.191104, 2.688528, -1.499940, 0.500000
10.191104, 2.688528, -1.499940, 0.500000
10.191458, 2.683541, -1.499940, 0.500000
10.191458, 2.683541, -1.499940, 0.500000
10.191458, 2.683541, -1.499940, 0.500000
10.191812, 2.678553, -1.499940, 0.500000
10.191812, 2.678553, -1.499940, 0.500000
10.192166, 2.673566, -1.499940, 0.500000
10.192166, 2.673566, -1.499940, 0.500000
10.192166, 2.673566, -1.499940, 0.500000
10.192520, 2.668578, -1.499940, 0.500000
10.192520, 2.668578, -1.499940, 0.500000
10.192874, 2.663591, -1.499940, 0.500000
10.192874, 2.663591, -1.499940, 0.500000
10.192874, 2.663591, -1.499940, 0.500000
10.193228, 2.658603, -1.499940, 0.500000
10.193228, 2.658603, -1.499940, 0.500000
10.193582, 2.653616, -1.499940, 0.500000
10.193582, 2.653616, -1.499940, 0.500000
10.193582, 2.653616, -1.499940, 0.500000
10.193936, 2.648628, -1.499940, 0.500000
10.193936, 2.648628, -1.499940, 0.500000
10.194290, 2.643641, -1.499940, 0.500000
10.194290, 2.643641, -1.499940, 0.500000
10.194290, 2.643641, -1.499940, 0.500000
10.194644, 2.638654, -1.499940, 0.500000
10.194644, 2.638654, -1.499940, 0.500000
10.194998, 2.633666, -1.499940, 0.500000
10.194998, 2.633666, -1.499940, 0.500000
10.194998, 2.633666, -1.499940, 0.500000
10.195352, 2.628679, -1.499940, 0.500000
10.195352, 2.628679, -1.499940, 0.500000
10.195706, 2.623691, -1.499940, 0.500000
10.196060, 2.618704, -1.499940, 0.500000
10.196060, 2.618704, -1.499940, 0.500000
10.196060, 2.618704, -1.499940, 0.500000
10.196414, 2.613716, -1.499940, 0.500000
10.196414, 2.613716, -1.499940, 0.500000
10.196414, 2.613716, -1.499940, 0.500000
10.196768, 2.608729, -1.499940, 0.500000
10.196768, 2.608729, -1.499940, 0.500000
10.197122, 2.603741, -1.499940, 0.500000
10.197122, 2.603741, -1.499940, 0.500000
10.197122, 2.603741, -1.499940, 0.500000
10.197476, 2.598754, -1.499940, 0.500000
10.197476, 2.598754, -1.499940, 0.500000
10.197830, 2.593766, -1.499940, 0.500000
10.197830, 2.593766, -1.499940, 0.500000
10.197830, 2.593766, -1.499940, 0.500000
10.198183, 2.588779, -1.499940, 0.500000
10.198183, 2.588779, -1.499940, 0.500000
10.198537, 2.583792, -1.499940, 0.500000
10.198537, 2.583792, -1.499940, 0.500000
10.198537, 2.583792, -1.499940, 0.500000
10.198891, 2.578804, -1.499940, 0.500000
10.198891, 2.578804, -1.499940, 0.500000
10.199245, 2.573817, -1.499940, 0.500000
10.199245, 2.573817, -1.499940, 0.500000
10.199599, 2.568829, -1.499940, 0.500000
10.199599, 2.568829, -1.499940, 0.500000
10.199953, 2.563842, -1.499940, 0.500000
10.199953, 2.563842, -1.499940, 0.500000
10.199953, 2.563842, -1.499940, 0.500000
10.200307, 2.558854, -1.499940, 0.500000
10.200307, 2.558854, -1.499940, 0.500000
10.200661, 2.553867, -1.499940, 0.500000
10.200661, 2.553867, -1.499940, 0.500000
10.200661, 2.553867, -1.499940, 0.500000
10.201015, 2.548879, -1.499940, 0.500000
10.201015, 2.548879, -1.499940, 0.500000
10.201369, 2.543892, -1.499940, 0.500000
10.201369, 2.543892, -1.499940, 0.500000
10.201369, 2.543892, -1.499940, 0.500000
10.201723, 2.538904, -1.499940, 0.500000
10.201723, 2.538904, -1.499940, 0.500000
10.202077, 2.533917, -1.499940, 0.500000
10.202077, 2.533917, -1.499940, 0.500000
10.202077, 2.533917, -1.499940, 0.500000
10.202431, 2.528930, -1.499940, 0.500000
10.202431, 2.528930, -1.499940, 0.500000
10.202785, 2.523942, -1.499940, 0.500000
10.202785, 2.523942, -1.499940, 0.500000
10.202785, 2.523942, -1.499940, 0.500000
10.203139, 2.518955, -1.499940, 0.500000
10.203139, 2.518955, -1.499940, 0.500000
10.203493, 2.513967, -1.499940, 0.500000
10.203493, 2.513967, -1.499940, 0.500000
10.203493, 2.513967, -1.499940, 0.500000
10.203847, 2.508980, -1.499940, 0.500000
10.203847, 2.508980, -1.499940, 0.500000
10.204201, 2.503992, -1.499940, 0.500000
10.204201, 2.503992, -1.499940, 0.500000
10.204201, 2.503992, -1.499940, 0.500000
10.204555, 2.499005, -1.499940, 0.500000
10.204555, 2.499005, -1.499940, 0.500000
10.204909, 2.494017, -1.499940, 0.500000
10.204909, 2.494017, -1.499940, 0.500000
10.205263, 2.489030, -1.499940, 0.500000
10.205263, 2.489030, -1.499940, 0.500000
10.205263, 2.489030, -1.499940, 0.500000
10.205617, 2.484042, -1.499940, 0.500000
10.205617, 2.484042, -1.499940, 0.500000
10.205617, 2.484042, -1.499940, 0.500000
10.205971, 2.479055, -1.499940, 0.500000
10.205971, 2.479055, -1.499940, 0.500000
10.206325, 2.474068, -1.500182, 0.500000
10.206325, 2.474068, -1.500182, 0.500000
10.206325, 2.474068, -1.500182, 0.500000
10.206676, 2.469080, -1.500910, 0.500000
10.206676, 2.469080, -1.500910, 0.500000
10.207022, 2.464092, -1.502124, 0.500000
10.207022, 2.464092, -1.502124, 0.500000
10.207361, 2.459103, -1.503827, 0.500000
10.207361, 2.459103, -1.503827, 0.500000
10.207691, 2.454114, -1.506023, 0.500000
10.207691, 2.454114, -1.506023, 0.500000
10.207691, 2.454114, -1.506023, 0.500000
10.208008, 2.449124, -1.508716, 0.500000
10.208008, 2.449124, -1.508716, 0.500000
10.208310, 2.444133, -1.511912, 0.500000
10.208310, 2.444133, -1.511912, 0.500000
10.208310, 2.444133, -1.511912, 0.500000
10.208595, 2.439142, -1.515618, 0.500000
10.208595, 2.439142, -1.515618, 0.500000
10.208861, 2.434149, -1.519842, 0.500000
10.208861, 2.434149, -1.519842, 0.500000
10.208861, 2.434149, -1.519842, 0.500000
10.209104, 2.429155, -1.524593, 0.500000
10.209104, 2.429155, -1.524593, 0.500000
10.209323, 2.424159, -1.529344, 0.500000
10.209323, 2.424159, -1.529344, 0.500000
10.209323, 2.424159, -1.529344, 0.500000
10.209518, 2.419163, -1.534095, 0.500000
10.209518, 2.419163, -1.534095, 0.500000
10.209690, 2.414166, -1.538846, 0.500000
10.209690, 2.414166, -1.538846, 0.500000
10.209690, 2.414166, -1.538846, 0.500000
10.209838, 2.409168, -1.543597, 0.500000
10.209838, 2.409168, -1.543597, 0.500000
10.209962, 2.404170, -1.548348, 0.500000
10.209962, 2.404170, -1.548348, 0.500000
10.209962, 2.404170, -1.548348, 0.500000
10.210062, 2.399171, -1.553099, 0.500000
10.210062, 2.399171, -1.553099, 0.500000
10.210139, 2.394172, -1.557850, 0.500000
10.210139, 2.394172, -1.557850, 0.500000
10.210192, 2.389172, -1.562601, 0.500000
10.210192, 2.389172, -1.562601, 0.500000
10.210220, 2.384172, -1.567352, 0.500000
10.210220, 2.384172, -1.567352, 0.500000
10.210226, 2.379172, -1.572103, 0.500000
10.210226, 2.379172, -1.572103, 0.500000
10.210207, 2.374172, -1.576854, 0.500000
10.210207, 2.374172, -1.576854, 0.500000
10.210207, 2.374172, -1.576854, 0.500000
10.210165, 2.369172, -1.581605, 0.500000
10.210165, 2.369172, -1.581605, 0.500000
10.210099, 2.364173, -1.586356, 0.500000
10.210099, 2.364173, -1.586356, 0.500000
10.210010, 2.359173, -1.591107, 0.500000
10.210010, 2.359173, -1.591107, 0.500000
10.209896, 2.354175, -1.595858, 0.500000
10.209896, 2.354175, -1.595858, 0.500000
10.209896, 2.354175, -1.595858, 0.500000
10.209759, 2.349177, -1.600608, 0.500000
10.209759, 2.349177, -1.600608, 0.500000
10.209598, 2.344179, -1.605359, 0.500000
10.209598, 2.344179, -1.605359, 0.500000
10.209598, 2.344179, -1.605359, 0.500000
10.209414, 2.339183, -1.610110, 0.500000
10.209414, 2.339183, -1.610110, 0.500000
10.209205, 2.334187, -1.614861, 0.500000
10.209205, 2.334187, -1.614861, 0.500000
10.209205, 2.334187, -1.614861, 0.500000
10.208973, 2.329192, -1.619612, 0.500000
10.208973, 2.329192, -1.619612, 0.500000
10.208717, 2.324199, -1.624363, 0.500000
10.208717, 2.324199, -1.624363, 0.500000
10.208438, 2.319207, -1.629114, 0.500000
10.208438, 2.319207, -1.629114, 0.500000
10.208134, 2.314216, -1.633865, 0.500000
10.208134, 2.314216, -1.633865, 0.500000
10.208134, 2.314216, -1.633865, 0.500000
10.207808, 2.309227, -1.638616, 0.500000
10.207808, 2.309227, -1.638616, 0.500000
10.207457, 2.304239, -1.643367, 0.500000
10.207457, 2.304239, -1.643367, 0.500000
10.207082, 2.299253, -1.648118, 0.500000
10.207082, 2.299253, -1.648118, 0.500000
10.206684, 2.294269, -1.652869, 0.500000
10.206684, 2.294269, -1.652869, 0.500000
10.206684, 2.294269, -1.652869, 0.500000
10.206263, 2.289287, -1.657620, 0.500000
10.206263, 2.289287, -1.657620, 0.500000
10.205817, 2.284307, -1.662371, 0.500000
10.205817, 2.284307, -1.662371, 0.500000
10.205817, 2.284307, -1.662371, 0.500000
10.205348, 2.279329, -1.667122, 0.500000
10.205348, 2.279329, -1.667122, 0.500000
10.204855, 2.274353, -1.671873, 0.500000
10.204855, 2.274353, -1.671873, 0.500000
10.204855, 2.274353, -1.671873, 0.500000
10.204339, 2.269380, -1.676624, 0.500000
10.204339, 2.269380, -1.676624, 0.500000
10.203799, 2.264409, -1.681375, 0.500000
10.203799, 2.264409, -1.681375, 0.500000
10.203799, 2.264409, -1.681375, 0.500000
10.203236, 2.259441, -1.686126, 0.500000
10.203236, 2.259441, -1.686126, 0.500000
10.202648, 2.254475, -1.690877, 0.500000
10.202648, 2.254475, -1.690877, 0.500000
10.202648, 2.254475, -1.690877, 0.500000
10.202038, 2.249513, -1.695628, 0.500000
10.202038, 2.249513, -1.695628, 0.500000
10.201403, 2.244553, -1.700379, 0.500000
10.201403, 2.244553, -1.700379, 0.500000
10.200746, 2.239597, -1.705130, 0.500000
10.200746, 2.239597, -1.705130, 0.500000
10.200064, 2.234643, -1.709881, 0.500000
10.200064, 2.234643, -1.709881, 0.500000
10.200064, 2.234643, -1.709881, 0.500000
10.199359, 2.229693, -1.714632, 0.500000
10.199359, 2.229693, -1.714632, 0.500000
10.198630, 2.224747, -1.719383, 0.500000
10.198630, 2.224747, -1.719383, 0.500000
10.198630, 2.224747, -1.719383, 0.500000
10.197879, 2.219804, -1.724134, 0.500000
10.197879, 2.219804, -1.724134, 0.500000
10.197103, 2.214864, -1.728885, 0.500000
10.197103, 2.214864, -1.728885, 0.500000
10.197103, 2.214864, -1.728885, 0.500000
10.196304, 2.209928, -1.733636, 0.500000
10.196304, 2.209928, -1.733636, 0.500000
10.195482, 2.204996, -1.738387, 0.500000
10.195482, 2.204996, -1.738387, 0.500000
10.195482, 2.204996, -1.738387, 0.500000
10.194636, 2.200068, -1.743138, 0.500000
10.194636, 2.200068, -1.743138, 0.500000
10.193767, 2.195145, -1.747888, 0.500000
10.193767, 2.195145, -1.747888, 0.500000
10.192875, 2.190225, -1.752639, 0.500000
10.192875, 2.190225, -1.752639, 0.500000
10.191959, 2.185309, -1.757390, 0.500000
10.191959, 2.185309, -1.757390, 0.500000
10.191959, 2.185309, -1.757390, 0.500000
10.191020, 2.180398, -1.762141, 0.500000
10.191020, 2.180398, -1.762141, 0.500000
10.190057, 2.175492, -1.766892, 0.500000
10.190057, 2.175492, -1.766892, 0.500000
10.190057, 2.175492, -1.766892, 0.500000
10.189071, 2.170590, -1.771643, 0.500000
10.189071, 2.170590, -1.771643, 0.500000
10.188062, 2.165693, -1.776394, 0.500000
10.188062, 2.165693, -1.776394, 0.500000
10.188062, 2.165693, -1.776394, 0.500000
10.187030, 2.160801, -1.781145, 0.500000
10.187030, 2.160801, -1.781145, 0.500000
10.185974, 2.155914, -1.785896, 0.500000
10.185974, 2.155914, -1.785896, 0.500000
10.185974, 2.155914, -1.785896, 0.500000
10.184895, 2.151031, -1.790647, 0.500000
10.184895, 2.151031, -1.790647, 0.500000
10.183793, 2.146154, -1.795398, 0.500000
10.183793, 2.146154, -1.795398, 0.500000
10.183793, 2.146154, -1.795398, 0.500000
10.182668, 2.141282, -1.800149, 0.500000
10.182668, 2.141282, -1.800149, 0.500000
10.181520, 2.136416, -1.804900, 0.500000
10.181520, 2.136416, -1.804900, 0.500000
10.181520, 2.136416, -1.804900, 0.500000
10.180348, 2.131555, -1.809651, 0.500000
10.180348, 2.131555, -1.809651, 0.500000
10.179154, 2.126700, -1.814402, 0.500000
10.179154, 2.126700, -1.814402, 0.500000
10.179154, 2.126700, -1.814402, 0.500000
10.177937, 2.121850, -1.818626, 0.500000
10.177937, 2.121850, -1.818626, 0.500000
10.176702, 2.117005, -1.822332, 0.500000
10.176702, 2.117005, -1.822332, 0.500000
10.176702, 2.117005, -1.822332, 0.500000
10.175449, 2.112165, -1.825528, 0.500000
10.175449, 2.112165, -1.825528, 0.500000
10.174182, 2.107328, -1.828221, 0.500000
10.174182, 2.107328, -1.828221, 0.500000
10.174182, 2.107328, -1.828221, 0.500000
10.172904, 2.102494, -1.830417, 0.500000
10.172904, 2.102494, -1.830417, 0.500000
10.171616, 2.097663, -1.832120, 0.500000
10.171616, 2.097663, -1.832120, 0.500000
10.171616, 2.097663, -1.832120, 0.500000
10.170321, 2.092833, -1.833334, 0.500000
10.170321, 2.092833, -1.833334, 0.500000
10.169022, 2.088005, -1.834062, 0.500000
10.169022, 2.088005, -1.834062, 0.500000
10.169022, 2.088005, -1.834062, 0.500000
10.167720, 2.083178, -1.834304, 0.500000
10.166417, 2.078350, -1.834304, 0.500000
10.166417, 2.078350, -1.834304, 0.500000
10.166417, 2.078350, -1.834304, 0.500000
10.165115, 2.073523, -1.834304, 0.500000
10.165115, 2.073523, -1.834304, 0.500000
10.163813, 2.068696, -1.834304, 0.500000
10.163813, 2.068696, -1.834304, 0.500000
10.163813, 2.068696, -1.834304, 0.500000
10.162510, 2.063868, -1.834304, 0.500000
10.162510, 2.063868, -1.834304, 0.500000
10.161208, 2.059041, -1.834304, 0.500000
10.161208, 2.059041, -1.834304, 0.500000
10.161208, 2.059041, -1.834304, 0.500000
10.159906, 2.054213, -1.834304, 0.500000
10.159906, 2.054213, -1.834304, 0.500000
10.158603, 2.049386, -1.834304, 0.500000
10.158603, 2.049386, -1.834304, 0.500000
10.158603, 2.049386, -1.834304, 0.500000
10.157301, 2.044559, -1.834304, 0.500000
10.157301, 2.044559, -1.834304, 0.500000
10.155999, 2.039731, -1.834304, 0.500000
10.155999, 2.039731, -1.834304, 0.500000
10.155999, 2.039731, -1.834304, 0.500000
10.154696, 2.034904, -1.834304, 0.500000
10.154696, 2.034904, -1.834304, 0.500000
10.153394, 2.030076, -1.834304, 0.500000
10.153394, 2.030076, -1.834304, 0.500000
10.153394, 2.030076, -1.834304, 0.500000
10.152092, 2.025249, -1.834304, 0.500000
10.152092, 2.025249, -1.834304, 0.500000
10.150789, 2.020421, -1.834304, 0.500000
10.150789, 2.020421, -1.834304, 0.500000
10.150789, 2.020421, -1.834304, 0.500000
10.149487, 2.015594, -1.834304, 0.500000
10.149487, 2.015594, -1.834304, 0.500000
10.148184, 2.010767, -1.834304, 0.500000
10.148184, 2.010767, -1.834304, 0.500000
10.146882, 2.005939, -1.834304, 0.500000
10.146882, 2.005939, -1.834304, 0.500000
10.145580, 2.001112, -1.834304, 0.500000
10.145580, 2.001112, -1.834304, 0.500000
10.145580, 2.001112, -1.834304, 0.500000
10.144277, 1.996284, -1.834304, 0.500000
10.144277, 1.996284, -1.834304, 0.500000
10.142975, 1.991457, -1.834304, 0.500000
10.142975, 1.991457, -1.834304, 0.500000
10.141673, 1.986630, -1.834304, 0.500000
10.141673, 1.986630, -1.834304, 0.500000
10.140370, 1.981802, -1.834304, 0.500000
10.140370, 1.981802, -1.834304, 0.500000
10.140370, 1.981802, -1.834304, 0.500000
10.139068, 1.976975, -1.834304, 0.500000
10.139068, 1.976975, -1.834304, 0.500000
10.137766, 1.972147, -1.834304, 0.500000
10.137766, 1.972147, -1.834304, 0.500000
10.137766, 1.972147, -1.834304, 0.500000
10.136463, 1.967320, -1.834304, 0.500000
10.136463, 1.967320, -1.834304, 0.500000
10.135161, 1.962493, -1.834304, 0.500000
10.135161, 1.962493, -1.834304, 0.500000
10.135161, 1.962493, -1.834304, 0.500000
10.133859, 1.957665, -1.834304, 0.500000
10.133859, 1.957665, -1.834304, 0.500000
10.132556, 1.952838, -1.834304, 0.500000
10.132556, 1.952838, -1.834304, 0.500000
10.132556, 1.952838, -1.834304, 0.500000
10.131254, 1.948010, -1.834304, 0.500000
10.131254, 1.948010, -1.834304, 0.500000
10.129952, 1.943183, -1.834304, 0.500000
10.129952, 1.943183, -1.834304, 0.500000
10.129952, 1.943183, -1.834304, 0.500000
10.128649, 1.938355, -1.834304, 0.500000
10.128649, 1.938355, -1.834304, 0.500000
10.127347, 1.933528, -1.834304, 0.500000
10.127347, 1.933528, -1.834304, 0.500000
10.127347, 1.933528, -1.834304, 0.500000
10.126045, 1.928701, -1.834304, 0.500000
10.126045, 1.928701, -1.834304, 0.500000
10.124742, 1.923873, -1.834304, 0.500000
10.124742, 1.923873, -1.834304, 0.500000
10.124742, 1.923873, -1.834304, 0.500000
10.123440, 1.919046, -1.834304, 0.500000
10.123440, 1.919046, -1.834304, 0.500000
10.122138, 1.914218, -1.834304, 0.500000
10.122138, 1.914218, -1.834304, 0.500000
10.122138, 1.914218, -1.834304, 0.500000
10.120835, 1.909391, -1.834304, 0.500000
10.120835, 1.909391, -1.834304, 0.500000
10.119533, 1.904564, -1.834304, 0.500000
10.119533, 1.904564, -1.834304, 0.500000
10.119533, 1.904564, -1.834304, 0.500000
10.118231, 1.899736, -1.834304, 0.500000
10.118231, 1.899736, -1.834304, 0.500000
10.116928, 1.894909, -1.834304, 0.500000
10.116928, 1.894909, -1.834304, 0.500000
10.116928, 1.894909, -1.834304, 0.500000
10.115626, 1.890081, -1.834304, 0.500000
10.115626, 1.890081, -1.834304, 0.500000
10.114324, 1.885254, -1.834304, 0.500000
10.114324, 1.885254, -1.834304, 0.500000
10.114324, 1.885254, -1.834304, 0.500000
10.113021, 1.880427, -1.834304, 0.500000
10.113021, 1.880427, -1.834304, 0.500000
10.111719, 1.875599, -1.834304, 0.500000
10.111719, 1.875599, -1.834304, 0.500000
10.111719, 1.875599, -1.834304, 0.500000
10.110417, 1.870772, -1.834304, 0.500000
10.110417, 1.870772, -1.834304, 0.500000
10.109114, 1.865944, -1.834304, 0.500000
10.109114, 1.865944, -1.834304, 0.500000
10.109114, 1.865944, -1.834304, 0.500000
10.107812, 1.861117, -1.834304, 0.500000
10.107812, 1.861117, -1.834304, 0.500000
10.106509, 1.856289, -1.834304, 0.500000
10.106509, 1.856289, -1.834304, 0.500000
10.106509, 1.856289, -1.834304, 0.500000
10.105207, 1.851462, -1.834304, 0.500000
10.105207, 1.851462, -1.834304, 0.500000
10.103905, 1.846635, -1.834304, 0.500000
10.103905, 1.846635, -1.834304, 0.500000
10.103905, 1.846635, -1.834304, 0.500000
10.102602, 1.841807, -1.834304, 0.500000
10.102602, 1.841807, -1.834304, 0.500000
10.101300, 1.836980, -1.834304, 0.500000
10.101300, 1.836980, -1.834304, 0.500000
10.101300, 1.836980, -1.834304, 0.500000
10.099998, 1.832152, -1.834304, 0.500000
10.099998, 1.832152, -1.834304, 0.500000
10.098695, 1.827325, -1.834304, 0.500000
10.098695, 1.827325, -1.834304, 0.500000
10.098695, 1.827325, -1.834304, 0.500000
10.097393, 1.822498, -1.834304, 0.500000
10.097393, 1.822498, -1.834304, 0.500000
10.096091, 1.817670, -1.834304, 0.500000
10.096091, 1.817670, -1.834304, 0.500000
10.096091, 1.817670, -1.834304, 0.500000
10.094788, 1.812843, -1.834304, 0.500000
10.094788, 1.812843, -1.834304, 0.500000
10.093486, 1.808015, -1.834304, 0.500000
10.093486, 1.808015, -1.834304, 0.500000
10.093486, 1.808015, -1.834304, 0.500000
10.092184, 1.803188, -1.834304, 0.500000
10.092184, 1.803188, -1.834304, 0.500000
10.090881, 1.798361, -1.834304, 0.500000
10.090881, 1.798361, -1.834304, 0.500000
10.090881, 1.798361, -1.834304, 0.500000
10.089579, 1.793533, -1.834304, 0.500000
10.089579, 1.793533, -1.834304, 0.500000
10.088277, 1.788706, -1.834304, 0.500000
10.088277, 1.788706, -1.834304, 0.500000
10.088277, 1.788706, -1.834304, 0.500000
10.086974, 1.783878, -1.834304, 0.500000
10.086974, 1.783878, -1.834304, 0.500000
10.085672, 1.779051, -1.834304, 0.500000
10.085672, 1.779051, -1.834304, 0.500000
10.085672, 1.779051, -1.834304, 0.500000
10.084370, 1.774223, -1.834304, 0.500000
10.084370, 1.774223, -1.834304, 0.500000
10.083067, 1.769396, -1.834304, 0.500000
10.083067, 1.769396, -1.834304, 0.500000
10.083067, 1.769396, -1.834304, 0.500000
10.081765, 1.764569, -1.834304, 0.500000
10.081765, 1.764569, -1.834304, 0.500000
10.080463, 1.759741, -1.834304, 0.500000
10.080463, 1.759741, -1.834304, 0.500000
10.080463, 1.759741, -1.834304, 0.500000
10.079160, 1.754914, -1.834304, 0.500000
10.079160, 1.754914, -1.834304, 0.500000
10.077858, 1.750086, -1.834304, 0.500000
10.077858, 1.750086, -1.834304, 0.500000
10.077858, 1.750086, -1.834304, 0.500000
10.076556, 1.745259, -1.834304, 0.500000
10.076556, 1.745259, -1.834304, 0.500000
10.075253, 1.740432, -1.834304, 0.500000
10.075253, 1.740432, -1.834304, 0.500000
10.075253, 1.740432, -1.834304, 0.500000
10.073951, 1.735604, -1.834304, 0.500000
10.073951, 1.735604, -1.834304, 0.500000
10.072649, 1.730777, -1.834304, 0.500000
10.072649, 1.730777, -1.834304, 0.500000
10.072649, 1.730777, -1.834304, 0.500000
10.071346, 1.725949, -1.834304, 0.500000
10.071346, 1.725949, -1.834304, 0.500000
10.070044, 1.721122, -1.834304, 0.500000
10.070044, 1.721122, -1.834304, 0.500000
10.070044, 1.721122, -1.834304, 0.500000
10.068742, 1.716295, -1.834304, 0.500000
10.068742, 1.716295, -1.834304, 0.500000
10.067439, 1.711467, -1.834304, 0.500000
10.067439, 1.711467, -1.834304, 0.500000
10.067439, 1.711467, -1.834304, 0.500000
10.066137, 1.706640, -1.834304, 0.500000
10.066137, 1.706640, -1.834304, 0.500000
10.064834, 1.701812, -1.834304, 0.500000
10.064834, 1.701812, -1.834304, 0.500000
10.064834, 1.701812, -1.834304, 0.500000
10.063532, 1.696985, -1.834304, 0.500000
10.063532, 1.696985, -1.834304, 0.500000
10.062230, 1.692157, -1.834304, 0.500000
10.062230, 1.692157, -1.834304, 0.500000
10.062230, 1.692157, -1.834304, 0.500000
10.060927, 1.687330, -1.834304, 0.500000
10.060927, 1.687330, -1.834304, 0.500000
10.059625, 1.682503, -1.834304, 0.500000
10.059625, 1.682503, -1.834304, 0.500000
10.059625, 1.682503, -1.834304, 0.500000
10.058323, 1.677675, -1.834304, 0.500000
10.058323, 1.677675, -1.834304, 0.500000
10.057020, 1.672848, -1.834304, 0.500000
10.057020, 1.672848, -1.834304, 0.500000
10.057020, 1.672848, -1.834304, 0.500000
10.055718, 1.668020, -1.834304, 0.500000
10.055718, 1.668020, -1.834304, 0.500000
10.054416, 1.663193, -1.834304, 0.500000
10.054416, 1.663193, -1.834304, 0.500000
10.054416, 1.663193, -1.834304, 0.500000
10.053113, 1.658366, -1.834304, 0.500000
10.053113, 1.658366, -1.834304, 0.500000
10.051811, 1.653538, -1.834304, 0.500000
10.051811, 1.653538, -1.834304, 0.500000
10.051811, 1.653538, -1.834304, 0.500000
10.050509, 1.648711, -1.834304, 0.500000
10.050509, 1.648711, -1.834304, 0.500000
10.049206, 1.643883, -1.834304, 0.500000
10.049206, 1.643883, -1.834304, 0.500000
10.049206, 1.643883, -1.834304, 0.500000
10.047904, 1.639056, -1.834304, 0.500000
10.047904, 1.639056, -1.834304, 0.500000
10.046602, 1.634229, -1.834304, 0.500000
10.046602, 1.634229, -1.834304, 0.500000
10.046602, 1.634229, -1.834304, 0.500000
10.045299, 1.629401, -1.834304, 0.500000
10.045299, 1.629401, -1.834304, 0.500000
10.043997, 1.624574, -1.834304, 0.500000
10.043997, 1.624574, -1.834304, 0.500000
10.042695, 1.619746, -1.834304, 0.500000
10.042695, 1.619746, -1.834304, 0.500000
10.041392, 1.614919, -1.834304, 0.500000
10.041392, 1.614919, -1.834304, 0.500000
10.041392, 1.614919, -1.834304, 0.500000
10.040090, 1.610091, -1.834304, 0.500000
10.040090, 1.610091, -1.834304, 0.500000
10.038788, 1.605264, -1.834304, 0.500000
10.038788, 1.605264, -1.834304, 0.500000
10.037485, 1.600437, -1.834304, 0.500000
10.037485, 1.600437, -1.834304, 0.500000
10.036183, 1.595609, -1.834304, 0.500000
10.036183, 1.595609, -1.834304, 0.500000
10.036183, 1.595609, -1.834304, 0.500000
10.034881, 1.590782, -1.834304, 0.500000
10.034881, 1.590782, -1.834304, 0.500000
10.033578, 1.585955, -1.834546, 0.500000
10.033578, 1.585955, -1.834546, 0.500000
10.033578, 1.585955, -1.834546, 0.500000
10.032273, 1.581128, -1.835274, 0.500000
10.032273, 1.581128, -1.835274, 0.500000
10.030963, 1.576302, -1.836488, 0.500000
10.030963, 1.576302, -1.836488, 0.500000
10.030963, 1.576302, -1.836488, 0.500000
10.029646, 1.571479, -1.838191, 0.500000
10.029646, 1.571479, -1.838191, 0.500000
10.028320, 1.566658, -1.840387, 0.500000
10.028320, 1.566658, -1.840387, 0.500000
10.028320, 1.566658, -1.840387, 0.500000
10.026982, 1.561840, -1.843080, 0.500000
10.026982, 1.561840, -1.843080, 0.500000
10.025630, 1.557027, -1.846276, 0.500000
10.025630, 1.557027, -1.846276, 0.500000
10.024261, 1.552218, -1.849982, 0.500000
10.024261, 1.552218, -1.849982, 0.500000
10.022873, 1.547414, -1.854206, 0.500000
10.022873, 1.547414, -1.854206, 0.500000
10.022873, 1.547414, -1.854206, 0.500000
10.021464, 1.542617, -1.858957, 0.500000
10.021464, 1.542617, -1.858957, 0.500000
10.020031, 1.537827, -1.863708, 0.500000
10.020031, 1.537827, -1.863708, 0.500000
10.020031, 1.537827, -1.863708, 0.500000
10.018577, 1.533043, -1.868459, 0.500000
10.018577, 1.533043, -1.868459, 0.500000
10.017099, 1.528266, -1.873210, 0.500000
10.017099, 1.528266, -1.873210, 0.500000
10.017099, 1.528266, -1.873210, 0.500000
10.015598, 1.523497, -1.877961, 0.500000
10.015598, 1.523497, -1.877961, 0.500000
10.014075, 1.518734, -1.882712, 0.500000
10.014075, 1.518734, -1.882712, 0.500000
10.014075, 1.518734, -1.882712, 0.500000
10.012530, 1.513979, -1.887463, 0.500000
10.012530, 1.513979, -1.887463, 0.500000
10.010961, 1.509232, -1.892214, 0.500000
10.010961, 1.509232, -1.892214, 0.500000
10.009370, 1.504491, -1.896965, 0.500000
10.009370, 1.504491, -1.896965, 0.500000
10.007757, 1.499759, -1.901716, 0.500000
10.007757, 1.499759, -1.901716, 0.500000
10.006121, 1.495034, -1.906466, 0.500000
10.006121, 1.495034, -1.906466, 0.500000
10.004463, 1.490317, -1.911217, 0.500000
10.004463, 1.490317, -1.911217, 0.500000
10.004463, 1.490317, -1.911217, 0.500000
10.002783, 1.485608, -1.915968, 0.500000
10.002783, 1.485608, -1.915968, 0.500000
10.001079, 1.480907, -1.920719, 0.500000
10.001079, 1.480907, -1.920719, 0.500000
9.999354, 1.476214, -1.925470, 0.500000
9.999354, 1.476214, -1.925470, 0.500000
9.997607, 1.471529, -1.930221, 0.500000
9.997607, 1.471529, -1.930221, 0.500000
9.997607, 1.471529, -1.930221, 0.500000
9.995837, 1.466853, -1.934972, 0.500000
9.994045, 1.462185, -1.939723, 0.500000
9.994045, 1.462185, -1.939723, 0.500000
9.994045, 1.462185, -1.939723, 0.500000
9.992231, 1.457526, -1.944474, 0.500000
9.992231, 1.457526, -1.944474, 0.500000
9.990394, 1.452875, -1.949225, 0.500000
9.988536, 1.448233, -1.953976, 0.500000
9.988536, 1.448233, -1.953976, 0.500000
9.986656, 1.443601, -1.958727, 0.500000
9.986656, 1.443601, -1.958727, 0.500000
9.986656, 1.443601, -1.958727, 0.500000
9.984754, 1.438977, -1.963478, 0.500000
9.984754, 1.438977, -1.963478, 0.500000
9.982829, 1.434362, -1.968229, 0.500000
9.982829, 1.434362, -1.968229, 0.500000
9.982829, 1.434362, -1.968229, 0.500000
9.980883, 1.429756, -1.972980, 0.500000
9.980883, 1.429756, -1.972980, 0.500000
9.978915, 1.425160, -1.977731, 0.500000
9.978915, 1.425160, -1.977731, 0.500000
9.976925, 1.420573, -1.982482, 0.500000
9.976925, 1.420573, -1.982482, 0.500000
9.974913, 1.415995, -1.987233, 0.500000
9.974913, 1.415995, -1.987233, 0.500000
9.974913, 1.415995, -1.987233, 0.500000
9.972880, 1.411427, -1.991984, 0.500000
9.972880, 1.411427, -1.991984, 0.500000
9.970825, 1.406869, -1.996735, 0.500000
9.970825, 1.406869, -1.996735, 0.500000
9.970825, 1.406869, -1.996735, 0.500000
9.968748, 1.402321, -2.001486, 0.500000
9.968748, 1.402321, -2.001486, 0.500000
9.966650, 1.397782, -2.006237, 0.500000
9.966650, 1.397782, -2.006237, 0.500000
9.964530, 1.393254, -2.010988, 0.500000
9.964530, 1.393254, -2.010988, 0.500000
9.964530, 1.393254, -2.010988, 0.500000
9.962389, 1.388736, -2.015739, 0.500000
9.962389, 1.388736, -2.015739, 0.500000
9.962389, 1.388736, -2.015739, 0.500000
9.960226, 1.384228, -2.020490, 0.500000
9.960226, 1.384228, -2.020490, 0.500000
9.958042, 1.379730, -2.025241, 0.500000
9.958042, 1.379730, -2.025241, 0.500000
9.958042, 1.379730, -2.025241, 0.500000
9.955837, 1.375243, -2.029992, 0.500000
9.955837, 1.375243, -2.029992, 0.500000
9.953610, 1.370766, -2.034743, 0.500000
9.953610, 1.370766, -2.034743, 0.500000
9.953610, 1.370766, -2.034743, 0.500000
9.951362, 1.366300, -2.039494, 0.500000
9.951362, 1.366300, -2.039494, 0.500000
9.949092, 1.361844, -2.044245, 0.500000
9.949092, 1.361844, -2.044245, 0.500000
9.949092, 1.361844, -2.044245, 0.500000
9.946802, 1.357400, -2.048995, 0.500000
9.946802, 1.357400, -2.048995, 0.500000
9.944491, 1.352966, -2.053746, 0.500000
9.944491, 1.352966, -2.053746, 0.500000
9.942158, 1.348544, -2.058497, 0.500000
9.942158, 1.348544, -2.058497, 0.500000
9.939805, 1.344132, -2.063248, 0.500000
9.939805, 1.344132, -2.063248, 0.500000
9.939805, 1.344132, -2.063248, 0.500000
9.937430, 1.339732, -2.067999, 0.500000
9.937430, 1.339732, -2.067999, 0.500000
9.935035, 1.335343, -2.072750, 0.500000
9.935035, 1.335343, -2.072750, 0.500000
9.935035, 1.335343, -2.072750, 0.500000
9.932619, 1.330965, -2.077501, 0.500000
9.932619, 1.330965, -2.077501, 0.500000
9.930182, 1.326600, -2.082252, 0.500000
9.930182, 1.326600, -2.082252, 0.500000
9.930182, 1.326600, -2.082252, 0.500000
9.927725, 1.322245, -2.087003, 0.500000
9.927725, 1.322245, -2.087003, 0.500000
9.925246, 1.317903, -2.091754, 0.500000
9.925246, 1.317903, -2.091754, 0.500000
9.925246, 1.317903, -2.091754, 0.500000
9.922747, 1.313572, -2.096505, 0.500000
9.922747, 1.313572, -2.096505, 0.500000
9.920228, 1.309253, -2.101256, 0.500000
9.920228, 1.309253, -2.101256, 0.500000
9.920228, 1.309253, -2.101256, 0.500000
9.917688, 1.304946, -2.106007, 0.500000
9.917688, 1.304946, -2.106007, 0.500000
9.915128, 1.300651, -2.110758, 0.500000
9.915128, 1.300651, -2.110758, 0.500000
9.915128, 1.300651, -2.110758, 0.500000
9.912547, 1.296369, -2.115509, 0.500000
9.912547, 1.296369, -2.115509, 0.500000
9.909946, 1.292099, -2.120260, 0.500000
9.909946, 1.292099, -2.120260, 0.500000
9.909946, 1.292099, -2.120260, 0.500000
9.907325, 1.287841, -2.125011, 0.500000
9.907325, 1.287841, -2.125011, 0.500000
9.904683, 1.283596, -2.129762, 0.500000
9.904683, 1.283596, -2.129762, 0.500000
9.902022, 1.279363, -2.134513, 0.500000
9.902022, 1.279363, -2.134513, 0.500000
9.899340, 1.275143, -2.139264, 0.500000
9.899340, 1.275143, -2.139264, 0.500000
9.899340, 1.275143, -2.139264, 0.500000
9.896638, 1.270935, -2.144015, 0.500000
9.896638, 1.270935, -2.144015, 0.500000
9.893917, 1.266741, -2.148766, 0.500000
9.891175, 1.262560, -2.153517, 0.500000
9.891175, 1.262560, -2.153517, 0.500000
9.888414, 1.258392, -2.158268, 0.500000
9.888414, 1.258392, -2.158268, 0.500000
9.888414, 1.258392, -2.158268, 0.500000
9.885633, 1.254236, -2.163019, 0.500000
9.885633, 1.254236, -2.163019, 0.500000
9.882832, 1.250095, -2.167770, 0.500000
9.882832, 1.250095, -2.167770, 0.500000
9.882832, 1.250095, -2.167770, 0.500000
9.880011, 1.245966, -2.172521, 0.500000
9.880011, 1.245966, -2.172521, 0.500000
9.877171, 1.241851, -2.177272, 0.500000
9.877171, 1.241851, -2.177272, 0.500000
9.877171, 1.241851, -2.177272, 0.500000
9.874312, 1.237749, -2.182023, 0.500000
9.874312, 1.237749, -2.182023, 0.500000
9.871432, 1.233662, -2.186774, 0.500000
9.871432, 1.233662, -2.186774, 0.500000
9.871432, 1.233662, -2.186774, 0.500000
9.868534, 1.229587, -2.191525, 0.500000
9.868534, 1.229587, -2.191525, 0.500000
9.865616, 1.225527, -2.196275, 0.500000
9.865616, 1.225527, -2.196275, 0.500000
9.865616, 1.225527, -2.196275, 0.500000
9.862679, 1.221481, -2.201026, 0.500000
9.862679, 1.221481, -2.201026, 0.500000
9.859723, 1.217448, -2.205777, 0.500000
9.859723, 1.217448, -2.205777, 0.500000
9.856748, 1.213430, -2.210528, 0.500000
9.856748, 1.213430, -2.210528, 0.500000
9.853753, 1.209426, -2.215279, 0.500000
9.853753, 1.209426, -2.215279, 0.500000
9.853753, 1.209426, -2.215279, 0.500000
9.850740, 1.205436, -2.220030, 0.500000
9.850740, 1.205436, -2.220030, 0.500000
9.847707, 1.201460, -2.224781, 0.500000
9.847707, 1.201460, -2.224781, 0.500000
9.847707, 1.201460, -2.224781, 0.500000
9.844656, 1.197499, -2.229532, 0.500000
9.844656, 1.197499, -2.229532, 0.500000
9.841586, 1.193553, -2.234283, 0.500000
9.841586, 1.193553, -2.234283, 0.500000
9.838498, 1.189621, -2.239034, 0.500000
9.838498, 1.189621, -2.239034, 0.500000
9.838498, 1.189621, -2.239034, 0.500000
9.835390, 1.185703, -2.243785, 0.500000
9.835390, 1.185703, -2.243785, 0.500000
9.835390, 1.185703, -2.243785, 0.500000
9.832264, 1.181801, -2.248536, 0.500000
9.832264, 1.181801, -2.248536, 0.500000
9.829120, 1.177914, -2.253287, 0.500000
9.829120, 1.177914, -2.253287, 0.500000
9.829120, 1.177914, -2.253287, 0.500000
9.825957, 1.174041, -2.258038, 0.500000
9.825957, 1.174041, -2.258038, 0.500000
9.822776, 1.170184, -2.262789, 0.500000
9.822776, 1.170184, -2.262789, 0.500000
9.822776, 1.170184, -2.262789, 0.500000
9.819576, 1.166341, -2.267540, 0.500000
9.819576, 1.166341, -2.267540, 0.500000
9.816358, 1.162514, -2.272291, 0.500000
9.816358, 1.162514, -2.272291, 0.500000
9.816358, 1.162514, -2.272291, 0.500000
9.813123, 1.158702, -2.277042, 0.500000
9.813123, 1.158702, -2.277042, 0.500000
9.809869, 1.154906, -2.281793, 0.500000
9.809869, 1.154906, -2.281793, 0.500000
9.809869, 1.154906, -2.281793, 0.500000
9.806597, 1.151125, -2.286544, 0.500000
9.806597, 1.151125, -2.286544, 0.500000
9.803307, 1.147360, -2.291295, 0.500000
9.803307, 1.147360, -2.291295, 0.500000
9.803307, 1.147360, -2.291295, 0.500000
9.800000, 1.143610, -2.295519, 0.500000
9.800000, 1.143610, -2.295519, 0.500000
9.796678, 1.139873, -2.299225, 0.500000
9.796678, 1.139873, -2.299225, 0.500000
9.796678, 1.139873, -2.299225, 0.500000
9.793344, 1.136147, -2.302421, 0.500000
9.793344, 1.136147, -2.302421, 0.500000
9.789998, 1.132431, -2.305114, 0.500000
9.789998, 1.132431, -2.305114, 0.500000
9.789998, 1.132431, -2.305114, 0.500000
9.786643, 1.128724, -2.307310, 0.500000
9.786643, 1.128724, -2.307310, 0.500000
9.783282, 1.125023, -2.309013, 0.500000
9.783282, 1.125023, -2.309013, 0.500000
9.783282, 1.125023, -2.309013, 0.500000
9.779914, 1.121327, -2.310227, 0.500000
9.779914, 1.121327, -2.310227, 0.500000
9.776544, 1.117634, -2.310954, 0.500000
9.776544, 1.117634, -2.310954, 0.500000
9.776544, 1.117634, -2.310954, 0.500000
9.773171, 1.113942, -2.311197, 0.500000
9.773171, 1.113942, -2.311197, 0.500000
9.769798, 1.110251, -2.311197, 0.500000
9.769798, 1.110251, -2.311197, 0.500000
9.769798, 1.110251, -2.311197, 0.500000
9.766425, 1.106560, -2.311197, 0.500000
9.766425, 1.106560, -2.311197, 0.500000
9.763052, 1.102869, -2.311197, 0.500000
9.763052, 1.102869, -2.311197, 0.500000
9.759679, 1.099178, -2.311197, 0.500000
9.759679, 1.099178, -2.311197, 0.500000
9.756306, 1.095487, -2.311197, 0.500000
9.756306, 1.095487, -2.311197, 0.500000
9.756306, 1.095487, -2.311197, 0.500000
9.752933, 1.091796, -2.311197, 0.500000
9.752933, 1.091796, -2.311197, 0.500000
9.749561, 1.088105, -2.311197, 0.500000
9.749561, 1.088105, -2.311197, 0.500000
9.749561, 1.088105, -2.311197, 0.500000
9.746188, 1.084414, -2.311197, 0.500000
9.746188, 1.084414, -2.311197, 0.500000
9.742815, 1.080723, -2.311197, 0.500000
9.742815, 1.080723, -2.311197, 0.500000
9.742815, 1.080723, -2.311197, 0.500000
9.739442, 1.077033, -2.311197, 0.500000
9.739442, 1.077033, -2.311197, 0.500000
9.736069, 1.073342, -2.311197, 0.500000
9.736069, 1.073342, -2.311197, 0.500000
9.736069, 1.073342, -2.311197, 0.500000
9.732696, 1.069651, -2.311197, 0.500000
9.732696, 1.069651, -2.311197, 0.500000
9.729323, 1.065960, -2.311197, 0.500000
9.729323, 1.065960, -2.311197, 0.500000
9.729323, 1.065960, -2.311197, 0.500000
9.725950, 1.062269, -2.311197, 0.500000
9.725950, 1.062269, -2.311197, 0.500000
9.722577, 1.058578, -2.311197, 0.500000
9.722577, 1.058578, -2.311197, 0.500000
9.722577, 1.058578, -2.311197, 0.500000
9.719204, 1.054887, -2.311197, 0.500000
9.719204, 1.054887, -2.311197, 0.500000
9.715831, 1.051196, -2.311197, 0.500000
9.715831, 1.051196, -2.311197, 0.500000
9.715831, 1.051196, -2.311197, 0.500000
9.712458, 1.047505, -2.311197, 0.500000
9.712458, 1.047505, -2.311197, 0.500000
9.709085, 1.043814, -2.311197, 0.500000
9.709085, 1.043814, -2.311197, 0.500000
9.709085, 1.043814, -2.311197, 0.500000
9.705713, 1.040123, -2.311197, 0.500000
9.705713, 1.040123, -2.311197, 0.500000
9.702340, 1.036432, -2.311197, 0.500000
9.702340, 1.036432, -2.311197, 0.500000
9.702340, 1.036432, -2.311197, 0.500000
9.698967, 1.032741, -2.311197, 0.500000
9.698967, 1.032741, -2.311197, 0.500000
9.695594, 1.029050, -2.311197, 0.500000
9.695594, 1.029050, -2.311197, 0.500000
9.695594, 1.029050, -2.311197, 0.500000
9.692221, 1.025359, -2.311197, 0.500000
9.692221, 1.025359, -2.311197, 0.500000
9.688848, 1.021668, -2.311197, 0.500000
9.688848, 1.021668, -2.311197, 0.500000
9.685475, 1.017977, -2.311197, 0.500000
9.685475, 1.017977, -2.311197, 0.500000
9.682102, 1.014286, -2.311197, 0.500000
9.682102, 1.014286, -2.311197, 0.500000
9.682102, 1.014286, -2.311197, 0.500000
9.678729, 1.010595, -2.311197, 0.500000
9.678729, 1.010595, -2.311197, 0.500000
9.675356, 1.006904, -2.311197, 0.500000
9.675356, 1.006904, -2.311197, 0.500000
9.675356, 1.006904, -2.311197, 0.500000
9.671983, 1.003213, -2.311197, 0.500000
9.671983, 1.003213, -2.311197, 0.500000
9.668610, 0.999522, -2.311197, 0.500000
9.668610, 0.999522, -2.311197, 0.500000
9.668610, 0.999522, -2.311197, 0.500000
9.665238, 0.995831, -2.311197, 0.500000
9.665238, 0.995831, -2.311197, 0.500000
9.661865, 0.992140, -2.311197, 0.500000
9.661865, 0.992140, -2.311197, 0.500000
9.661865, 0.992140, -2.311197, 0.500000
9.658492, 0.988449, -2.311197, 0.500000
9.658492, 0.988449, -2.311197, 0.500000
9.655119, 0.984758, -2.311197, 0.500000
9.655119, 0.984758, -2.311197, 0.500000
9.655119, 0.984758, -2.311197, 0.500000
9.651746, 0.981067, -2.311197, 0.500000
9.651746, 0.981067, -2.311197, 0.500000
9.648373, 0.977376, -2.311197, 0.500000
9.648373, 0.977376, -2.311197, 0.500000
9.648373, 0.977376, -2.311197, 0.500000
9.645000, 0.973685, -2.311197, 0.500000
9.645000, 0.973685, -2.311197, 0.500000
9.641627, 0.969994, -2.311197, 0.500000
9.641627, 0.969994, -2.311197, 0.500000
9.641627, 0.969994, -2.311197, 0.500000
9.638254, 0.966303, -2.311197, 0.500000
9.638254, 0.966303, -2.311197, 0.500000
9.634881, 0.962612, -2.311197, 0.500000
9.634881, 0.962612, -2.311197, 0.500000
9.634881, 0.962612, -2.311197, 0.500000
9.631508, 0.958921, -2.311197, 0.500000
9.631508, 0.958921, -2.311197, 0.500000
9.628135, 0.955230, -2.311197, 0.500000
9.628135, 0.955230, -2.311197, 0.500000
9.628135, 0.955230, -2.311197, 0.500000
9.624763, 0.951539, -2.311197, 0.500000
9.624763, 0.951539, -2.311197, 0.500000
9.621389, 0.947848, -2.311439, 0.500000
9.621389, 0.947848, -2.311439, 0.500000
9.621389, 0.947848, -2.311439, 0.500000
9.618014, 0.944159, -2.312167, 0.500000
9.618014, 0.944159, -2.312167, 0.500000
9.614636, 0.940473, -2.313381, 0.500000
9.614636, 0.940473, -2.313381, 0.500000
9.611252, 0.936792, -2.315084, 0.500000
9.611252, 0.936792, -2.315084, 0.500000
9.607861, 0.933118, -2.317280, 0.500000
9.607861, 0.933118, -2.317280, 0.500000
9.607861, 0.933118, -2.317280, 0.500000
9.604461, 0.929452, -2.319973, 0.500000
9.604461, 0.929452, -2.319973, 0.500000
9.601050, 0.925796, -2.323169, 0.500000
9.601050, 0.925796, -2.323169, 0.500000
9.601050, 0.925796, -2.323169, 0.500000
9.597626, 0.922152, -2.326875, 0.500000
9.597626, 0.922152, -2.326875, 0.500000
9.594188, 0.918521, -2.331099, 0.500000
9.594188, 0.918521, -2.331099, 0.500000
9.594188, 0.918521, -2.331099, 0.500000
9.590734, 0.914906, -2.335850, 0.500000
9.590734, 0.914906, -2.335850, 0.500000
9.587263, 0.911308, -2.340601, 0.500000
9.587263, 0.911308, -2.340601, 0.500000
9.587263, 0.911308, -2.340601, 0.500000
9.583774, 0.907726, -2.345352, 0.500000
9.583774, 0.907726, -2.345352, 0.500000
9.580269, 0.904161, -2.350103, 0.500000
9.580269, 0.904161, -2.350103, 0.500000
9.580269, 0.904161, -2.350103, 0.500000
9.576746, 0.900612, -2.354853, 0.500000
9.576746, 0.900612, -2.354853, 0.500000
9.573207, 0.897080, -2.359604, 0.500000
9.573207, 0.897080, -2.359604, 0.500000
9.573207, 0.897080, -2.359604, 0.500000
9.569651, 0.893565, -2.364355, 0.500000
9.569651, 0.893565, -2.364355, 0.500000
9.566079, 0.890067, -2.369106, 0.500000
9.566079, 0.890067, -2.369106, 0.500000
9.566079, 0.890067, -2.369106, 0.500000
9.562490, 0.886586, -2.373857, 0.500000
9.562490, 0.886586, -2.373857, 0.500000
9.558884, 0.883122, -2.378608, 0.500000
9.558884, 0.883122, -2.378608, 0.500000
9.558884, 0.883122, -2.378608, 0.500000
9.555262, 0.879675, -2.383359, 0.500000
9.555262, 0.879675, -2.383359, 0.500000
9.551623, 0.876246, -2.388110, 0.500000
9.551623, 0.876246, -2.388110, 0.500000
9.551623, 0.876246, -2.388110, 0.500000
9.547969, 0.872833, -2.392861, 0.500000
9.547969, 0.872833, -2.392861, 0.500000
9.544298, 0.869439, -2.397612, 0.500000
9.544298, 0.869439, -2.397612, 0.500000
9.544298, 0.869439, -2.397612, 0.500000
9.540611, 0.866061, -2.402363, 0.500000
9.540611, 0.866061, -2.402363, 0.500000
9.536908, 0.862701, -2.407114, 0.500000
9.536908, 0.862701, -2.407114, 0.500000
9.536908, 0.862701, -2.407114, 0.500000
9.533189, 0.859359, -2.411865, 0.500000
9.533189, 0.859359, -2.411865, 0.500000
9.529454, 0.856035, -2.416616, 0.500000
9.529454, 0.856035, -2.416616, 0.500000
9.529454, 0.856035, -2.416616, 0.500000
9.525704, 0.852728, -2.421367, 0.500000
9.525704, 0.852728, -2.421367, 0.500000
9.521938, 0.849439, -2.426118, 0.500000
9.521938, 0.849439, -2.426118, 0.500000
9.521938, 0.849439, -2.426118, 0.500000
9.518156, 0.846168, -2.430869, 0.500000
9.518156, 0.846168, -2.430869, 0.500000
9.514359, 0.842915, -2.435620, 0.500000
9.514359, 0.842915, -2.435620, 0.500000
9.514359, 0.842915, -2.435620, 0.500000
9.510547, 0.839680, -2.440371, 0.500000
9.510547, 0.839680, -2.440371, 0.500000
9.506718, 0.836464, -2.445122, 0.500000
9.506718, 0.836464, -2.445122, 0.500000
9.502875, 0.833265, -2.449873, 0.500000
9.502875, 0.833265, -2.449873, 0.500000
9.499017, 0.830085, -2.454624, 0.500000
9.499017, 0.830085, -2.454624, 0.500000
9.499017, 0.830085, -2.454624, 0.500000
9.495144, 0.826923, -2.459375, 0.500000
9.495144, 0.826923, -2.459375, 0.500000
9.491255, 0.823780, -2.464126, 0.500000
9.491255, 0.823780, -2.464126, 0.500000
9.491255, 0.823780, -2.464126, 0.500000
9.487352, 0.820655, -2.468877, 0.500000
9.487352, 0.820655, -2.468877, 0.500000
9.483434, 0.817549, -2.473628, 0.500000
9.483434, 0.817549, -2.473628, 0.500000
9.483434, 0.817549, -2.473628, 0.500000
9.479501, 0.814461, -2.478379, 0.500000
9.479501, 0.814461, -2.478379, 0.500000
9.475554, 0.811393, -2.483130, 0.500000
9.475554, 0.811393, -2.483130, 0.500000
9.475554, 0.811393, -2.483130, 0.500000
9.471592, 0.808342, -2.487881, 0.500000
9.471592, 0.808342, -2.487881, 0.500000
9.467616, 0.805311, -2.492632, 0.500000
9.467616, 0.805311, -2.492632, 0.500000
9.467616, 0.805311, -2.492632, 0.500000
9.463625, 0.802299, -2.497382, 0.500000
9.463625, 0.802299, -2.497382, 0.500000
9.459620, 0.799306, -2.502133, 0.500000
9.459620, 0.799306, -2.502133, 0.500000
9.459620, 0.799306, -2.502133, 0.500000
9.455601, 0.796331, -2.506884, 0.500000
9.455601, 0.796331, -2.506884, 0.500000
9.451567, 0.793376, -2.511635, 0.500000
9.451567, 0.793376, -2.511635, 0.500000
9.451567, 0.793376, -2.511635, 0.500000
9.447520, 0.790440, -2.516386, 0.500000
9.447520, 0.790440, -2.516386, 0.500000
9.443459, 0.787524, -2.521137, 0.500000
9.443459, 0.787524, -2.521137, 0.500000
9.443459, 0.787524, -2.521137, 0.500000
9.439384, 0.784626, -2.525888, 0.500000
9.439384, 0.784626, -2.525888, 0.500000
9.435295, 0.781748, -2.530639, 0.500000
9.435295, 0.781748, -2.530639, 0.500000
9.435295, 0.781748, -2.530639, 0.500000
9.431193, 0.778890, -2.535390, 0.500000
9.431193, 0.778890, -2.535390, 0.500000
9.427077, 0.776051, -2.540141, 0.500000
9.427077, 0.776051, -2.540141, 0.500000
9.427077, 0.776051, -2.540141, 0.500000
9.422948, 0.773231, -2.544892, 0.500000
9.422948, 0.773231, -2.544892, 0.500000
9.418805, 0.770432, -2.549643, 0.500000
9.418805, 0.770432, -2.549643, 0.500000
9.418805, 0.770432, -2.549643, 0.500000
9.414650, 0.767651, -2.554394, 0.500000
9.414650, 0.767651, -2.554394, 0.500000
9.410480, 0.764891, -2.559145, 0.500000
9.410480, 0.764891, -2.559145, 0.500000
9.410480, 0.764891, -2.559145, 0.500000
9.406299, 0.762150, -2.563369, 0.500000
9.406299, 0.762150, -2.563369, 0.500000
9.402107, 0.759425, -2.567075, 0.500000
9.402107, 0.759425, -2.567075, 0.500000
9.402107, 0.759425, -2.567075, 0.500000
9.397905, 0.756715, -2.570271, 0.500000
9.397905, 0.756715, -2.570271, 0.500000
9.393695, 0.754017, -2.572964, 0.500000
9.393695, 0.754017, -2.572964, 0.500000
9.393695, 0.754017, -2.572964, 0.500000
9.389479, 0.751330, -2.575160, 0.500000
9.389479, 0.751330, -2.575160, 0.500000
9.385257, 0.748650, -2.576863, 0.500000
9.385257, 0.748650, -2.576863, 0.500000
9.385257, 0.748650, -2.576863, 0.500000
9.381032, 0.745977, -2.578077, 0.500000
9.381032, 0.745977, -2.578077, 0.500000
9.376804, 0.743308, -2.578805, 0.500000
9.376804, 0.743308, -2.578805, 0.500000
9.376804, 0.743308, -2.578805, 0.500000
9.372575, 0.740641, -2.579047, 0.500000
9.372575, 0.740641, -2.579047, 0.500000
9.368345, 0.737974, -2.579047, 0.500000
9.368345, 0.737974, -2.579047, 0.500000
9.368345, 0.737974, -2.579047, 0.500000
9.364116, 0.735307, -2.579047, 0.500000
9.364116, 0.735307, -2.579047, 0.500000
9.359886, 0.732641, -2.579047, 0.500000
9.359886, 0.732641, -2.579047, 0.500000
9.359886, 0.732641, -2.579047, 0.500000
9.355657, 0.729974, -2.579047, 0.500000
9.355657, 0.729974, -2.579047, 0.500000
9.351427, 0.727307, -2.579047, 0.500000
9.351427, 0.727307, -2.579047, 0.500000
9.351427, 0.727307, -2.579047, 0.500000
9.347198, 0.724641, -2.579047, 0.500000
9.347198, 0.724641, -2.579047, 0.500000
9.342968, 0.721974, -2.579047, 0.500000
9.342968, 0.721974, -2.579047, 0.500000
9.342968, 0.721974, -2.579047, 0.500000
9.338739, 0.719307, -2.579047, 0.500000
9.338739, 0.719307, -2.579047, 0.500000
9.334509, 0.716640, -2.579047, 0.500000
9.334509, 0.716640, -2.579047, 0.500000
9.334509, 0.716640, -2.579047, 0.500000
9.330280, 0.713974, -2.579047, 0.500000
9.330280, 0.713974, -2.579047, 0.500000
9.326050, 0.711307, -2.579047, 0.500000
9.326050, 0.711307, -2.579047, 0.500000
9.326050, 0.711307, -2.579047, 0.500000
9.321821, 0.708640, -2.579047, 0.500000
9.321821, 0.708640, -2.579047, 0.500000
9.317591, 0.705974, -2.579047, 0.500000
9.317591, 0.705974, -2.579047, 0.500000
9.317591, 0.705974, -2.579047, 0.500000
9.313362, 0.703307, -2.579047, 0.500000
9.313362, 0.703307, -2.579047, 0.500000
9.309132, 0.700640, -2.579047, 0.500000
9.309132, 0.700640, -2.579047, 0.500000
9.309132, 0.700640, -2.579047, 0.500000
9.304903, 0.697974, -2.579047, 0.500000
9.304903, 0.697974, -2.579047, 0.500000
9.300673, 0.695307, -2.579047, 0.500000
9.300673, 0.695307, -2.579047, 0.500000
9.300673, 0.695307, -2.579047, 0.500000
9.296444, 0.692640, -2.579047, 0.500000
9.296444, 0.692640, -2.579047, 0.500000
9.292214, 0.689973, -2.579047, 0.500000
9.292214, 0.689973, -2.579047, 0.500000
9.292214, 0.689973, -2.579047, 0.500000
9.287985, 0.687307, -2.579047, 0.500000
9.287985, 0.687307, -2.579047, 0.500000
9.283755, 0.684640, -2.579047, 0.500000
9.283755, 0.684640, -2.579047, 0.500000
9.283755, 0.684640, -2.579047, 0.500000
9.279526, 0.681973, -2.579047, 0.500000
9.279526, 0.681973, -2.579047, 0.500000
9.275296, 0.679307, -2.579047, 0.500000
9.275296, 0.679307, -2.579047, 0.500000
9.275296, 0.679307, -2.579047, 0.500000
9.271067, 0.676640, -2.579047, 0.500000
9.271067, 0.676640, -2.579047, 0.500000
9.266837, 0.673973, -2.579047, 0.500000
9.266837, 0.673973, -2.579047, 0.500000
9.266837, 0.673973, -2.579047, 0.500000
9.262608, 0.671306, -2.579047, 0.500000
9.262608, 0.671306, -2.579047, 0.500000
9.258378, 0.668640, -2.579047, 0.500000
9.258378, 0.668640, -2.579047, 0.500000
9.258378, 0.668640, -2.579047, 0.500000
9.254149, 0.665973, -2.579047, 0.500000
9.254149, 0.665973, -2.579047, 0.500000
9.249919, 0.663306, -2.579047, 0.500000
9.249919, 0.663306, -2.579047, 0.500000
9.249919, 0.663306, -2.579047, 0.500000
9.245690, 0.660640, -2.579047, 0.500000
9.245690, 0.660640, -2.579047, 0.500000
9.241460, 0.657973, -2.579047, 0.500000
9.241460, 0.657973, -2.579047, 0.500000
9.241460, 0.657973, -2.579047, 0.500000
9.237231, 0.655306, -2.579047, 0.500000
9.237231, 0.655306, -2.579047, 0.500000
9.233001, 0.652640, -2.579047, 0.500000
9.233001, 0.652640, -2.579047, 0.500000
9.233001, 0.652640, -2.579047, 0.500000
9.228772, 0.649973, -2.579047, 0.500000
9.228772, 0.649973, -2.579047, 0.500000
9.224542, 0.647306, -2.579047, 0.500000
9.224542, 0.647306, -2.579047, 0.500000
9.224542, 0.647306, -2.579047, 0.500000
9.220313, 0.644639, -2.579047, 0.500000
9.220313, 0.644639, -2.579047, 0.500000
9.216083, 0.641973, -2.579047, 0.500000
9.216083, 0.641973, -2.579047, 0.500000
9.216083, 0.641973, -2.579047, 0.500000
9.211854, 0.639306, -2.579047, 0.500000
9.211854, 0.639306, -2.579047, 0.500000
9.207624, 0.636639, -2.579047, 0.500000
9.207624, 0.636639, -2.579047, 0.500000
9.207624, 0.636639, -2.579047, 0.500000
9.203395, 0.633973, -2.579047, 0.500000
9.203395, 0.633973, -2.579047, 0.500000
9.199165, 0.631306, -2.579047, 0.500000
9.199165, 0.631306, -2.579047, 0.500000
9.199165, 0.631306, -2.579047, 0.500000
9.194936, 0.628639, -2.579047, 0.500000
9.194936, 0.628639, -2.579047, 0.500000
9.190706, 0.625972, -2.579047, 0.500000
9.190706, 0.625972, -2.579047, 0.500000
9.190706, 0.625972, -2.579047, 0.500000
9.186477, 0.623306, -2.579047, 0.500000
9.186477, 0.623306, -2.579047, 0.500000
9.182247, 0.620639, -2.579047, 0.500000
9.182247, 0.620639, -2.579047, 0.500000
9.182247, 0.620639, -2.579047, 0.500000
9.178018, 0.617972, -2.579047, 0.500000
9.178018, 0.617972, -2.579047, 0.500000
9.173788, 0.615306, -2.579047, 0.500000
9.173788, 0.615306, -2.579047, 0.500000
9.173788, 0.615306, -2.579047, 0.500000
9.169559, 0.612639, -2.579047, 0.500000
9.169559, 0.612639, -2.579047, 0.500000
9.165329, 0.609972, -2.579047, 0.500000
9.165329, 0.609972, -2.579047, 0.500000
9.165329, 0.609972, -2.579047, 0.500000
9.161100, 0.607305, -2.579047, 0.500000
9.161100, 0.607305, -2.579047, 0.500000
9.156870, 0.604639, -2.579047, 0.500000
9.156870, 0.604639, -2.579047, 0.500000
9.156870, 0.604639, -2.579047, 0.500000
9.152641, 0.601972, -2.579047, 0.500000
9.152641, 0.601972, -2.579047, 0.500000
9.148411, 0.599305, -2.579047, 0.500000
9.148411, 0.599305, -2.579047, 0.500000
9.148411, 0.599305, -2.579047, 0.500000
9.144182, 0.596639, -2.579047, 0.500000
9.144182, 0.596639, -2.579047, 0.500000
9.139952, 0.593972, -2.579047, 0.500000
9.139952, 0.593972, -2.579047, 0.500000
9.139952, 0.593972, -2.579047, 0.500000
9.135723, 0.591305, -2.579047, 0.500000
9.135723, 0.591305, -2.579047, 0.500000
9.131493, 0.588639, -2.579047, 0.500000
9.131493, 0.588639, -2.579047, 0.500000
9.131493, 0.588639, -2.579047, 0.500000
9.127264, 0.585972, -2.579047, 0.500000
9.127264, 0.585972, -2.579047, 0.500000
9.123034, 0.583305, -2.579047, 0.500000
9.123034, 0.583305, -2.579047, 0.500000
9.118805, 0.580638, -2.579047, 0.500000
9.118805, 0.580638, -2.579047, 0.500000
9.118805, 0.580638, -2.579047, 0.500000
9.114575, 0.577972, -2.579047, 0.500000
9.114575, 0.577972, -2.579047, 0.500000
9.114575, 0.577972, -2.579047, 0.500000
9.110346, 0.575305, -2.579047, 0.500000
9.110346, 0.575305, -2.579047, 0.500000
9.106116, 0.572638, -2.579047, 0.500000
9.106116, 0.572638, -2.579047, 0.500000
9.101887, 0.569972, -2.579047, 0.500000
9.101887, 0.569972, -2.579047, 0.500000
9.097657, 0.567305, -2.579047, 0.500000
9.097657, 0.567305, -2.579047, 0.500000
9.097657, 0.567305, -2.579047, 0.500000
9.093428, 0.564638, -2.579047, 0.500000
9.093428, 0.564638, -2.579047, 0.500000
9.089198, 0.561971, -2.579047, 0.500000
9.089198, 0.561971, -2.579047, 0.500000
9.089198, 0.561971, -2.579047, 0.500000
9.084969, 0.559305, -2.579047, 0.500000
9.084969, 0.559305, -2.579047, 0.500000
9.080739, 0.556638, -2.579047, 0.500000
9.080739, 0.556638, -2.579047, 0.500000
9.080739, 0.556638, -2.579047, 0.500000
9.076510, 0.553971, -2.579047, 0.500000
9.076510, 0.553971, -2.579047, 0.500000
9.072280, 0.551305, -2.579047, 0.500000
9.072280, 0.551305, -2.579047, 0.500000
9.072280, 0.551305, -2.579047, 0.500000
9.068051, 0.548638, -2.579047, 0.500000
9.068051, 0.548638, -2.579047, 0.500000
9.063821, 0.545971, -2.579047, 0.500000
9.063821, 0.545971, -2.579047, 0.500000
9.063821, 0.545971, -2.579047, 0.500000
9.059592, 0.543305, -2.579047, 0.500000
9.059592, 0.543305, -2.579047, 0.500000
9.055362, 0.540638, -2.579047, 0.500000
9.055362, 0.540638, -2.579047, 0.500000
9.055362, 0.540638, -2.579047, 0.500000
9.051133, 0.537971, -2.579047, 0.500000
9.051133, 0.537971, -2.579047, 0.500000
9.046903, 0.535304, -2.579047, 0.500000
9.046903, 0.535304, -2.579047, 0.500000
9.046903, 0.535304, -2.579047, 0.500000
9.042674, 0.532638, -2.579047, 0.500000
9.042674, 0.532638, -2.579047, 0.500000
9.038444, 0.529971, -2.579047, 0.500000
9.038444, 0.529971, -2.579047, 0.500000
9.038444, 0.529971, -2.579047, 0.500000
9.034215, 0.527304, -2.579047, 0.500000
9.034215, 0.527304, -2.579047, 0.500000
9.029985, 0.524638, -2.579047, 0.500000
9.029985, 0.524638, -2.579047, 0.500000
9.025756, 0.521971, -2.579047, 0.500000
9.025756, 0.521971, -2.579047, 0.500000
9.021526, 0.519304, -2.579047, 0.500000
9.021526, 0.519304, -2.579047, 0.500000
9.021526, 0.519304, -2.579047, 0.500000
9.017297, 0.516637, -2.579047, 0.500000
9.017297, 0.516637, -2.579047, 0.500000
9.013067, 0.513971, -2.579047, 0.500000
9.013067, 0.513971, -2.579047, 0.500000
9.008838, 0.511304, -2.579047, 0.500000
9.008838, 0.511304, -2.579047, 0.500000
9.004608, 0.508637, -2.579047, 0.500000
9.004608, 0.508637, -2.579047, 0.500000
9.000379, 0.505971, -2.579047, 0.500000
9.000379, 0.505971, -2.579047, 0.500000
9.000379, 0.505971, -2.579047, 0.500000
8.996149, 0.503304, -2.579047, 0.500000
8.996149, 0.503304, -2.579047, 0.500000
8.996149, 0.503304, -2.579047, 0.500000
8.991920, 0.500637, -2.579047, 0.500000
8.991920, 0.500637, -2.579047, 0.500000
8.987690, 0.497971, -2.579047, 0.500000
8.987690, 0.497971, -2.579047, 0.500000
8.987690, 0.497971, -2.579047, 0.500000
8.983461, 0.495304, -2.579047, 0.500000
8.983461, 0.495304, -2.579047, 0.500000
8.979231, 0.492637, -2.579047, 0.500000
8.979231, 0.492637, -2.579047, 0.500000
8.975002, 0.489970, -2.579047, 0.500000
8.975002, 0.489970, -2.579047, 0.500000
8.970772, 0.487304, -2.579047, 0.500000
8.970772, 0.487304, -2.579047, 0.500000
8.970772, 0.487304, -2.579047, 0.500000
8.966543, 0.484637, -2.579047, 0.500000
8.966543, 0.484637, -2.579047, 0.500000
8.962313, 0.481970, -2.579047, 0.500000
8.962313, 0.481970, -2.579047, 0.500000
8.958084, 0.479304, -2.579047, 0.500000
8.958084, 0.479304, -2.579047, 0.500000
8.953854, 0.476637, -2.579047, 0.500000
8.953854, 0.476637, -2.579047, 0.500000
8.953854, 0.476637, -2.579047, 0.500000
8.949625, 0.473970, -2.579047, 0.500000
8.949625, 0.473970, -2.579047, 0.500000
8.945395, 0.471303, -2.579047, 0.500000
8.945395, 0.471303, -2.579047, 0.500000
8.945395, 0.471303, -2.579047, 0.500000
8.941166, 0.468637, -2.579047, 0.500000
8.941166, 0.468637, -2.579047, 0.500000
8.936936, 0.465970, -2.579047, 0.500000
8.936936, 0.465970, -2.579047, 0.500000
8.936936, 0.465970, -2.579047, 0.500000
8.932707, 0.463303, -2.579047, 0.500000
8.932707, 0.463303, -2.579047, 0.500000
8.928477, 0.460637, -2.579047, 0.500000
8.928477, 0.460637, -2.579047, 0.500000
8.928477, 0.460637, -2.579047, 0.500000
8.924248, 0.457970, -2.579047, 0.500000
8.924248, 0.457970, -2.579047, 0.500000
8.920018, 0.455303, -2.579047, 0.500000
8.920018, 0.455303, -2.579047, 0.500000
8.920018, 0.455303, -2.579047, 0.500000
8.915789, 0.452637, -2.579047, 0.500000
8.915789, 0.452637, -2.579047, 0.500000
8.911559, 0.449970, -2.579047, 0.500000
8.911559, 0.449970, -2.579047, 0.500000
8.907330, 0.447303, -2.579047, 0.500000
8.907330, 0.447303, -2.579047, 0.500000
8.903100, 0.444636, -2.579047, 0.500000
8.903100, 0.444636, -2.579047, 0.500000
8.903100, 0.444636, -2.579047, 0.500000
8.898871, 0.441970, -2.579047, 0.500000
8.898871, 0.441970, -2.579047, 0.500000
8.894641, 0.439303, -2.579047, 0.500000
8.894641, 0.439303, -2.579047, 0.500000
8.894641, 0.439303, -2.579047, 0.500000
8.890412, 0.436636, -2.579047, 0.500000
8.890412, 0.436636, -2.579047, 0.500000
8.886182, 0.433970, -2.579047, 0.500000
8.886182, 0.433970, -2.579047, 0.500000
8.886182, 0.433970, -2.579047, 0.500000
8.881953, 0.431303, -2.579047, 0.500000
8.881953, 0.431303, -2.579047, 0.500000
8.877723, 0.428636, -2.579047, 0.500000
8.877723, 0.428636, -2.579047, 0.500000
8.873494, 0.425969, -2.579047, 0.500000
8.873494, 0.425969, -2.579047, 0.500000
8.869264, 0.423303, -2.579047, 0.500000
8.869264, 0.423303, -2.579047, 0.500000
8.869264, 0.423303, -2.579047, 0.500000
8.865035, 0.420636, -2.579047, 0.500000
8.865035, 0.420636, -2.579047, 0.500000
8.860805, 0.417969, -2.579047, 0.500000
8.860805, 0.417969, -2.579047, 0.500000
8.860805, 0.417969, -2.579047, 0.500000
8.856576, 0.415303, -2.579047, 0.500000
8.856576, 0.415303, -2.579047, 0.500000
8.852346, 0.412636, -2.579047, 0.500000
8.852346, 0.412636, -2.579047, 0.500000
8.852346, 0.412636, -2.579047, 0.500000
8.848117, 0.409969, -2.579047, 0.500000
8.848117, 0.409969, -2.579047, 0.500000
8.843887, 0.407303, -2.579047, 0.500000
8.843887, 0.407303, -2.579047, 0.500000
8.843887, 0.407303, -2.579047, 0.500000
8.839658, 0.404636, -2.579047, 0.500000
8.839658, 0.404636, -2.579047, 0.500000
8.835428, 0.401969, -2.579047, 0.500000
8.835428, 0.401969, -2.579047, 0.500000
8.831199, 0.399302, -2.579047, 0.500000
8.831199, 0.399302, -2.579047, 0.500000
8.826969, 0.396636, -2.579047, 0.500000
8.826969, 0.396636, -2.579047, 0.500000
8.822740, 0.393969, -2.579047, 0.500000
8.822740, 0.393969, -2.579047, 0.500000
8.818510, 0.391302, -2.579047, 0.500000
8.818510, 0.391302, -2.579047, 0.500000
8.818510, 0.391302, -2.579047, 0.500000
8.814280, 0.388636, -2.579289, 0.500000
8.814280, 0.388636, -2.579289, 0.500000
8.810049, 0.385972, -2.580017, 0.500000
8.810049, 0.385972, -2.580017, 0.500000
8.810049, 0.385972, -2.580017, 0.500000
8.805816, 0.383311, -2.581231, 0.500000
8.805816, 0.383311, -2.581231, 0.500000
8.801578, 0.380657, -2.582934, 0.500000
8.801578, 0.380657, -2.582934, 0.500000
8.797336, 0.378012, -2.585130, 0.500000
8.797336, 0.378012, -2.585130, 0.500000
8.793087, 0.375376, -2.587823, 0.500000
8.793087, 0.375376, -2.587823, 0.500000
8.793087, 0.375376, -2.587823, 0.500000
8.788830, 0.372753, -2.591019, 0.500000
8.788830, 0.372753, -2.591019, 0.500000
8.784564, 0.370145, -2.594725, 0.500000
8.784564, 0.370145, -2.594725, 0.500000
8.780288, 0.367554, -2.598949, 0.500000
8.780288, 0.367554, -2.598949, 0.500000
8.776000, 0.364982, -2.603700, 0.500000
8.776000, 0.364982, -2.603700, 0.500000
8.776000, 0.364982, -2.603700, 0.500000
8.771700, 0.362431, -2.608451, 0.500000
8.771700, 0.362431, -2.608451, 0.500000
8.767388, 0.359900, -2.613202, 0.500000
8.767388, 0.359900, -2.613202, 0.500000
8.767388, 0.359900, -2.613202, 0.500000
8.763064, 0.357389, -2.617953, 0.500000
8.763064, 0.357389, -2.617953, 0.500000
8.758728, 0.354899, -2.622704, 0.500000
8.758728, 0.354899, -2.622704, 0.500000
8.754380, 0.352430, -2.627455, 0.500000
8.754380, 0.352430, -2.627455, 0.500000
8.750021, 0.349981, -2.632206, 0.500000
8.750021, 0.349981, -2.632206, 0.500000
8.750021, 0.349981, -2.632206, 0.500000
8.745650, 0.347554, -2.636957, 0.500000
8.745650, 0.347554, -2.636957, 0.500000
8.741267, 0.345146, -2.641708, 0.500000
8.741267, 0.345146, -2.641708, 0.500000
8.736873, 0.342761, -2.646459, 0.500000
8.736873, 0.342761, -2.646459, 0.500000
8.732468, 0.340395, -2.651210, 0.500000
8.732468, 0.340395, -2.651210, 0.500000
8.732468, 0.340395, -2.651210, 0.500000
8.728052, 0.338051, -2.655961, 0.500000
8.728052, 0.338051, -2.655961, 0.500000
8.723625, 0.335727, -2.660711, 0.500000
8.723625, 0.335727, -2.660711, 0.500000
8.723625, 0.335727, -2.660711, 0.500000
8.719186, 0.333425, -2.665462, 0.500000
8.719186, 0.333425, -2.665462, 0.500000
8.714737, 0.331144, -2.670213, 0.500000
8.714737, 0.331144, -2.670213, 0.500000
8.714737, 0.331144, -2.670213, 0.500000
8.710277, 0.328884, -2.674964, 0.500000
8.710277, 0.328884, -2.674964, 0.500000
8.705806, 0.326645, -2.679715, 0.500000
8.705806, 0.326645, -2.679715, 0.500000
8.705806, 0.326645, -2.679715, 0.500000
8.701324, 0.324428, -2.684466, 0.500000
8.701324, 0.324428, -2.684466, 0.500000
8.696833, 0.322231, -2.689217, 0.500000
8.696833, 0.322231, -2.689217, 0.500000
8.696833, 0.322231, -2.689217, 0.500000
8.692330, 0.320057, -2.693968, 0.500000
8.692330, 0.320057, -2.693968, 0.500000
8.687818, 0.317903, -2.698719, 0.500000
8.687818, 0.317903, -2.698719, 0.500000
8.683295, 0.315772, -2.703470, 0.500000
8.683295, 0.315772, -2.703470, 0.500000
8.683295, 0.315772, -2.703470, 0.500000
8.678763, 0.313661, -2.708221, 0.500000
8.678763, 0.313661, -2.708221, 0.500000
8.678763, 0.313661, -2.708221, 0.500000
8.674220, 0.311572, -2.712972, 0.500000
8.674220, 0.311572, -2.712972, 0.500000
8.669667, 0.309505, -2.717723, 0.500000
8.669667, 0.309505, -2.717723, 0.500000
8.669667, 0.309505, -2.717723, 0.500000
8.665105, 0.307459, -2.722474, 0.500000
8.665105, 0.307459, -2.722474, 0.500000
8.660533, 0.305435, -2.727225, 0.500000
8.660533, 0.305435, -2.727225, 0.500000
8.660533, 0.305435, -2.727225, 0.500000
8.655951, 0.303433, -2.731976, 0.500000
8.655951, 0.303433, -2.731976, 0.500000
8.651360, 0.301453, -2.736727, 0.500000
8.651360, 0.301453, -2.736727, 0.500000
8.651360, 0.301453, -2.736727, 0.500000
8.646759, 0.299494, -2.741478, 0.500000
8.646759, 0.299494, -2.741478, 0.500000
8.642150, 0.297557, -2.746229, 0.500000
8.642150, 0.297557, -2.746229, 0.500000
8.642150, 0.297557, -2.746229, 0.500000
8.637531, 0.295643, -2.750980, 0.500000
8.637531, 0.295643, -2.750980, 0.500000
8.632903, 0.293750, -2.755731, 0.500000
8.632903, 0.293750, -2.755731, 0.500000
8.632903, 0.293750, -2.755731, 0.500000
8.628266, 0.291879, -2.760482, 0.500000
8.628266, 0.291879, -2.760482, 0.500000
8.623621, 0.290030, -2.765233, 0.500000
8.623621, 0.290030, -2.765233, 0.500000
8.623621, 0.290030, -2.765233, 0.500000
8.618966, 0.288204, -2.769984, 0.500000
8.618966, 0.288204, -2.769984, 0.500000
8.614303, 0.286399, -2.774735, 0.500000
8.614303, 0.286399, -2.774735, 0.500000
8.609632, 0.284617, -2.779486, 0.500000
8.609632, 0.284617, -2.779486, 0.500000
8.604952, 0.282856, -2.783709, 0.500000
8.604952, 0.282856, -2.783709, 0.500000
8.604952, 0.282856, -2.783709, 0.500000
8.600266, 0.281113, -2.787415, 0.500000
8.600266, 0.281113, -2.787415, 0.500000
8.595573, 0.279387, -2.790611, 0.500000
8.595573, 0.279387, -2.790611, 0.500000
8.595573, 0.279387, -2.790611, 0.500000
8.590876, 0.277674, -2.793305, 0.500000
8.590876, 0.277674, -2.793305, 0.500000
8.586174, 0.275973, -2.795500, 0.500000
8.586174, 0.275973, -2.795500, 0.500000
8.586174, 0.275973, -2.795500, 0.500000
8.581469, 0.274281, -2.797204, 0.500000
8.581469, 0.274281, -2.797204, 0.500000
8.576761, 0.272596, -2.798418, 0.500000
8.576761, 0.272596, -2.798418, 0.500000
8.576761, 0.272596, -2.798418, 0.500000
8.572052, 0.270916, -2.799145, 0.500000
8.572052, 0.270916, -2.799145, 0.500000
8.567342, 0.269238, -2.799388, 0.500000
8.567342, 0.269238, -2.799388, 0.500000
8.562632, 0.267560, -2.799388, 0.500000
8.562632, 0.267560, -2.799388, 0.500000
8.557922, 0.265882, -2.799388, 0.500000
8.557922, 0.265882, -2.799388, 0.500000
8.557922, 0.265882, -2.799388, 0.500000
8.553212, 0.264204, -2.799388, 0.500000
8.553212, 0.264204, -2.799388, 0.500000
8.548502, 0.262526, -2.799388, 0.500000
8.548502, 0.262526, -2.799388, 0.500000
8.548502, 0.262526, -2.799388, 0.500000
8.543792, 0.260848, -2.799388, 0.500000
8.543792, 0.260848, -2.799388, 0.500000
8.539082, 0.259171, -2.799388, 0.500000
8.539082, 0.259171, -2.799388, 0.500000
8.539082, 0.259171, -2.799388, 0.500000
8.534372, 0.257493, -2.799388, 0.500000
8.534372, 0.257493, -2.799388, 0.500000
8.529661, 0.255815, -2.799388, 0.500000
8.529661, 0.255815, -2.799388, 0.500000
8.529661, 0.255815, -2.799388, 0.500000
8.524951, 0.254137, -2.799388, 0.500000
8.524951, 0.254137, -2.799388, 0.500000
8.520241, 0.252459, -2.799388, 0.500000
8.520241, 0.252459, -2.799388, 0.500000
8.520241, 0.252459, -2.799388, 0.500000
8.515531, 0.250782, -2.799388, 0.500000
8.515531, 0.250782, -2.799388, 0.500000
8.510821, 0.249104, -2.799388, 0.500000
8.510821, 0.249104, -2.799388, 0.500000
8.510821, 0.249104, -2.799388, 0.500000
8.506111, 0.247426, -2.799388, 0.500000
8.506111, 0.247426, -2.799388, 0.500000
8.501401, 0.245748, -2.799388, 0.500000
8.501401, 0.245748, -2.799388, 0.500000
8.501401, 0.245748, -2.799388, 0.500000
8.496691, 0.244070, -2.799388, 0.500000
8.496691, 0.244070, -2.799388, 0.500000
8.491981, 0.242392, -2.799388, 0.500000
8.491981, 0.242392, -2.799388, 0.500000
8.491981, 0.242392, -2.799388, 0.500000
8.487271, 0.240715, -2.799388, 0.500000
8.487271, 0.240715, -2.799388, 0.500000
8.482561, 0.239037, -2.799388, 0.500000
8.482561, 0.239037, -2.799388, 0.500000
8.482561, 0.239037, -2.799388, 0.500000
8.477851, 0.237359, -2.799388, 0.500000
8.477851, 0.237359, -2.799388, 0.500000
8.473140, 0.235681, -2.799388, 0.500000
8.473140, 0.235681, -2.799388, 0.500000
8.473140, 0.235681, -2.799388, 0.500000
8.468430, 0.234003, -2.799388, 0.500000
8.468430, 0.234003, -2.799388, 0.500000
8.463720, 0.232325, -2.799388, 0.500000
8.463720, 0.232325, -2.799388, 0.500000
8.459010, 0.230648, -2.799388, 0.500000
8.459010, 0.230648, -2.799388, 0.500000
8.454300, 0.228970, -2.799388, 0.500000
8.454300, 0.228970, -2.799388, 0.500000
8.454300, 0.228970, -2.799388, 0.500000
8.449590, 0.227292, -2.799388, 0.500000
8.449590, 0.227292, -2.799388, 0.500000
8.444880, 0.225614, -2.799388, 0.500000
8.444880, 0.225614, -2.799388, 0.500000
8.444880, 0.225614, -2.799388, 0.500000
8.440170, 0.223936, -2.799388, 0.500000
8.440170, 0.223936, -2.799388, 0.500000
8.435460, 0.222259, -2.799388, 0.500000
8.435460, 0.222259, -2.799388, 0.500000
8.430750, 0.220581, -2.799388, 0.500000
8.430750, 0.220581, -2.799388, 0.500000
8.426040, 0.218903, -2.799388, 0.500000
8.426040, 0.218903, -2.799388, 0.500000
8.426040, 0.218903, -2.799388, 0.500000
8.421330, 0.217225, -2.799388, 0.500000
8.421330, 0.217225, -2.799388, 0.500000
8.416619, 0.215547, -2.799388, 0.500000
8.416619, 0.215547, -2.799388, 0.500000
8.416619, 0.215547, -2.799388, 0.500000
8.411909, 0.213869, -2.799388, 0.500000
8.411909, 0.213869, -2.799388, 0.500000
8.407199, 0.212192, -2.799388, 0.500000
8.407199, 0.212192, -2.799388, 0.500000
8.407199, 0.212192, -2.799388, 0.500000
8.402489, 0.210514, -2.799388, 0.500000
8.402489, 0.210514, -2.799388, 0.500000
8.397779, 0.208836, -2.799388, 0.500000
8.397779, 0.208836, -2.799388, 0.500000
8.397779, 0.208836, -2.799388, 0.500000
8.393069, 0.207158, -2.799388, 0.500000
8.393069, 0.207158, -2.799388, 0.500000
8.388359, 0.205480, -2.799388, 0.500000
8.388359, 0.205480, -2.799388, 0.500000
8.388359, 0.205480, -2.799388, 0.500000
8.383649, 0.203802, -2.799388, 0.500000
8.383649, 0.203802, -2.799388, 0.500000
8.378939, 0.202125, -2.799388, 0.500000
8.378939, 0.202125, -2.799388, 0.500000
8.378939, 0.202125, -2.799388, 0.500000
8.374229, 0.200447, -2.799388, 0.500000
8.374229, 0.200447, -2.799388, 0.500000
8.369519, 0.198769, -2.799388, 0.500000
8.369519, 0.198769, -2.799388, 0.500000
8.369519, 0.198769, -2.799388, 0.500000
8.364808, 0.197091, -2.799388, 0.500000
8.364808, 0.197091, -2.799388, 0.500000
8.360098, 0.195413, -2.799388, 0.500000
8.360098, 0.195413, -2.799388, 0.500000
8.360098, 0.195413, -2.799388, 0.500000
8.355388, 0.193735, -2.799388, 0.500000
8.355388, 0.193735, -2.799388, 0.500000
8.350678, 0.192058, -2.799388, 0.500000
8.350678, 0.192058, -2.799388, 0.500000
8.350678, 0.192058, -2.799388, 0.500000
8.345968, 0.190380, -2.799388, 0.500000
8.345968, 0.190380, -2.799388, 0.500000
8.341258, 0.188702, -2.799388, 0.500000
8.341258, 0.188702, -2.799388, 0.500000
8.341258, 0.188702, -2.799388, 0.500000
8.336548, 0.187024, -2.799388, 0.500000
8.336548, 0.187024, -2.799388, 0.500000
8.331838, 0.185346, -2.799388, 0.500000
8.331838, 0.185346, -2.799388, 0.500000
8.331838, 0.185346, -2.799388, 0.500000
8.327128, 0.183669, -2.799388, 0.500000
8.327128, 0.183669, -2.799388, 0.500000
8.322418, 0.181991, -2.799388, 0.500000
8.322418, 0.181991, -2.799388, 0.500000
8.322418, 0.181991, -2.799388, 0.500000
8.317708, 0.180313, -2.799388, 0.500000
8.317708, 0.180313, -2.799388, 0.500000
8.312998, 0.178635, -2.799388, 0.500000
8.312998, 0.178635, -2.799388, 0.500000
8.308287, 0.176957, -2.799388, 0.500000
8.308287, 0.176957, -2.799388, 0.500000
8.303577, 0.175279, -2.799388, 0.500000
8.303577, 0.175279, -2.799388, 0.500000
8.303577, 0.175279, -2.799388, 0.500000
8.298867, 0.173602, -2.799388, 0.500000
8.298867, 0.173602, -2.799388, 0.500000
8.294157, 0.171924, -2.799388, 0.500000
8.294157, 0.171924, -2.799388, 0.500000
8.289447, 0.170246, -2.799388, 0.500000
8.289447, 0.170246, -2.799388, 0.500000
8.284737, 0.168568, -2.799388, 0.500000
8.284737, 0.168568, -2.799388, 0.500000
8.284737, 0.168568, -2.799388, 0.500000
8.280027, 0.166890, -2.799388, 0.500000
8.280027, 0.166890, -2.799388, 0.500000
8.275317, 0.165212, -2.799388, 0.500000
8.275317, 0.165212, -2.799388, 0.500000
8.275317, 0.165212, -2.799388, 0.500000
8.270607, 0.163535, -2.799388, 0.500000
8.270607, 0.163535, -2.799388, 0.500000
8.265897, 0.161857, -2.799388, 0.500000
8.265897, 0.161857, -2.799388, 0.500000
8.265897, 0.161857, -2.799388, 0.500000
8.261187, 0.160179, -2.799388, 0.500000
8.261187, 0.160179, -2.799388, 0.500000
8.256477, 0.158501, -2.799388, 0.500000
8.256477, 0.158501, -2.799388, 0.500000
8.251766, 0.156823, -2.799388, 0.500000
8.251766, 0.156823, -2.799388, 0.500000
8.247056, 0.155145, -2.799388, 0.500000
8.247056, 0.155145, -2.799388, 0.500000
8.247056, 0.155145, -2.799388, 0.500000
8.242346, 0.153468, -2.799388, 0.500000
8.242346, 0.153468, -2.799388, 0.500000
8.237636, 0.151790, -2.799388, 0.500000
8.237636, 0.151790, -2.799388, 0.500000
8.237636, 0.151790, -2.799388, 0.500000
8.232926, 0.150112, -2.799388, 0.500000
8.232926, 0.150112, -2.799388, 0.500000
8.228216, 0.148434, -2.799388, 0.500000
8.228216, 0.148434, -2.799388, 0.500000
8.228216, 0.148434, -2.799388, 0.500000
8.223506, 0.146756, -2.799388, 0.500000
8.223506, 0.146756, -2.799388, 0.500000
8.218796, 0.145079, -2.799388, 0.500000
8.218796, 0.145079, -2.799388, 0.500000
8.218796, 0.145079, -2.799388, 0.500000
8.214086, 0.143401, -2.799388, 0.500000
8.214086, 0.143401, -2.799388, 0.500000
8.209376, 0.141723, -2.799388, 0.500000
8.209376, 0.141723, -2.799388, 0.500000
8.209376, 0.141723, -2.799388, 0.500000
8.204666, 0.140045, -2.799388, 0.500000
8.204666, 0.140045, -2.799388, 0.500000
8.199956, 0.138367, -2.799388, 0.500000
8.199956, 0.138367, -2.799388, 0.500000
8.199956, 0.138367, -2.799388, 0.500000
8.195245, 0.136689, -2.799388, 0.500000
8.195245, 0.136689, -2.799388, 0.500000
8.190535, 0.135012, -2.799388, 0.500000
8.190535, 0.135012, -2.799388, 0.500000
8.190535, 0.135012, -2.799388, 0.500000
8.185825, 0.133334, -2.799388, 0.500000
8.185825, 0.133334, -2.799388, 0.500000
8.181115, 0.131656, -2.799388, 0.500000
8.181115, 0.131656, -2.799388, 0.500000
8.181115, 0.131656, -2.799388, 0.500000
8.176405, 0.129978, -2.799388, 0.500000
8.176405, 0.129978, -2.799388, 0.500000
8.171695, 0.128300, -2.799388, 0.500000
8.171695, 0.128300, -2.799388, 0.500000
8.171695, 0.128300, -2.799388, 0.500000
8.166985, 0.126622, -2.799388, 0.500000
8.166985, 0.126622, -2.799388, 0.500000
8.162275, 0.124945, -2.799388, 0.500000
8.162275, 0.124945, -2.799388, 0.500000
8.162275, 0.124945, -2.799388, 0.500000
8.157565, 0.123267, -2.799388, 0.500000
8.157565, 0.123267, -2.799388, 0.500000
8.152855, 0.121589, -2.799388, 0.500000
8.152855, 0.121589, -2.799388, 0.500000
8.152855, 0.121589, -2.799388, 0.500000
8.148145, 0.119911, -2.799388, 0.500000
8.148145, 0.119911, -2.799388, 0.500000
8.143434, 0.118233, -2.799388, 0.500000
8.143434, 0.118233, -2.799388, 0.500000
8.143434, 0.118233, -2.799388, 0.500000
8.138724, 0.116555, -2.799388, 0.500000
8.138724, 0.116555, -2.799388, 0.500000
8.134014, 0.114878, -2.799388, 0.500000
8.134014, 0.114878, -2.799388, 0.500000
8.134014, 0.114878, -2.799388, 0.500000
8.129304, 0.113200, -2.799388, 0.500000
8.129304, 0.113200, -2.799388, 0.500000
8.124594, 0.111522, -2.799388, 0.500000
8.124594, 0.111522, -2.799388, 0.500000
8.124594, 0.111522, -2.799388, 0.500000
8.119884, 0.109844, -2.799388, 0.500000
8.119884, 0.109844, -2.799388, 0.500000
8.115174, 0.108166, -2.799388, 0.500000
8.115174, 0.108166, -2.799388, 0.500000
8.115174, 0.108166, -2.799388, 0.500000
8.110464, 0.106489, -2.799388, 0.500000
8.110464, 0.106489, -2.799388, 0.500000
8.105754, 0.104811, -2.799388, 0.500000
8.105754, 0.104811, -2.799388, 0.500000
8.105754, 0.104811, -2.799388, 0.500000
8.101044, 0.103133, -2.799388, 0.500000
8.101044, 0.103133, -2.799388, 0.500000
8.096334, 0.101455, -2.799388, 0.500000
8.096334, 0.101455, -2.799388, 0.500000
8.096334, 0.101455, -2.799388, 0.500000
8.091624, 0.099777, -2.799388, 0.500000
8.091624, 0.099777, -2.799388, 0.500000
8.086913, 0.098099, -2.799388, 0.500000
8.086913, 0.098099, -2.799388, 0.500000
8.086913, 0.098099, -2.799388, 0.500000
8.082203, 0.096422, -2.799388, 0.500000
8.082203, 0.096422, -2.799388, 0.500000
8.077493, 0.094744, -2.799388, 0.500000
8.077493, 0.094744, -2.799388, 0.500000
8.077493, 0.094744, -2.799388, 0.500000
8.072783, 0.093066, -2.799388, 0.500000
8.072783, 0.093066, -2.799388, 0.500000
8.068073, 0.091388, -2.799388, 0.500000
8.068073, 0.091388, -2.799388, 0.500000
8.068073, 0.091388, -2.799388, 0.500000
8.063363, 0.089710, -2.799388, 0.500000
8.063363, 0.089710, -2.799388, 0.500000
8.058653, 0.088032, -2.799388, 0.500000
8.058653, 0.088032, -2.799388, 0.500000
8.053943, 0.086355, -2.799388, 0.500000
8.053943, 0.086355, -2.799388, 0.500000
8.053943, 0.086355, -2.799388, 0.500000
8.049233, 0.084677, -2.799388, 0.500000
8.049233, 0.084677, -2.799388, 0.500000
8.049233, 0.084677, -2.799388, 0.500000
8.044523, 0.082999, -2.799388, 0.500000
8.044523, 0.082999, -2.799388, 0.500000
8.039813, 0.081321, -2.799388, 0.500000
8.039813, 0.081321, -2.799388, 0.500000
8.039813, 0.081321, -2.799388, 0.500000
8.035103, 0.079643, -2.799388, 0.500000
8.035103, 0.079643, -2.799388, 0.500000
8.030392, 0.077965, -2.799388, 0.500000
8.030392, 0.077965, -2.799388, 0.500000
8.025682, 0.076288, -2.799388, 0.500000
8.025682, 0.076288, -2.799388, 0.500000
8.020972, 0.074610, -2.799388, 0.500000
8.020972, 0.074610, -2.799388, 0.500000
8.020972, 0.074610, -2.799388, 0.500000
8.016262, 0.072932, -2.799388, 0.500000
8.016262, 0.072932, -2.799388, 0.500000
8.011552, 0.071254, -2.799388, 0.500000
8.011552, 0.071254, -2.799388, 0.500000
8.006842, 0.069576, -2.799388, 0.500000
8.006842, 0.069576, -2.799388, 0.500000
8.002132, 0.067899, -2.799388, 0.500000
8.002132, 0.067899, -2.799388, 0.500000
8.002132, 0.067899, -2.799388, 0.500000
7.997422, 0.066221, -2.799388, 0.500000
7.997422, 0.066221, -2.799388, 0.500000
7.992712, 0.064543, -2.799388, 0.500000
7.992712, 0.064543, -2.799388, 0.500000
7.992712, 0.064543, -2.799388, 0.500000
7.988002, 0.062865, -2.799388, 0.500000
7.988002, 0.062865, -2.799388, 0.500000
7.983292, 0.061187, -2.799388, 0.500000
7.983292, 0.061187, -2.799388, 0.500000
7.983292, 0.061187, -2.799388, 0.500000
7.978582, 0.059509, -2.799388, 0.500000
7.978582, 0.059509, -2.799388, 0.500000
7.973871, 0.057832, -2.799388, 0.500000
7.973871, 0.057832, -2.799388, 0.500000
7.973871, 0.057832, -2.799388, 0.500000
7.969161, 0.056154, -2.799388, 0.500000
7.969161, 0.056154, -2.799388, 0.500000
7.964451, 0.054476, -2.799388, 0.500000
7.964451, 0.054476, -2.799388, 0.500000
7.964451, 0.054476, -2.799388, 0.500000
7.959741, 0.052798, -2.799388, 0.500000
7.959741, 0.052798, -2.799388, 0.500000
7.955031, 0.051120, -2.799388, 0.500000
7.955031, 0.051120, -2.799388, 0.500000
7.955031, 0.051120, -2.799388, 0.500000
7.950321, 0.049442, -2.799388, 0.500000
7.950321, 0.049442, -2.799388, 0.500000
7.945611, 0.047765, -2.799388, 0.500000
7.945611, 0.047765, -2.799388, 0.500000
7.945611, 0.047765, -2.799388, 0.500000
7.940901, 0.046087, -2.799388, 0.500000
7.940901, 0.046087, -2.799388, 0.500000
7.936191, 0.044409, -2.799388, 0.500000
7.936191, 0.044409, -2.799388, 0.500000
7.936191, 0.044409, -2.799388, 0.500000
7.931481, 0.042731, -2.799388, 0.500000
7.931481, 0.042731, -2.799388, 0.500000
7.926771, 0.041053, -2.799388, 0.500000
7.926771, 0.041053, -2.799388, 0.500000
7.926771, 0.041053, -2.799388, 0.500000
7.922060, 0.039376, -2.799388, 0.500000
7.922060, 0.039376, -2.799388, 0.500000
7.917350, 0.037698, -2.799388, 0.500000
7.917350, 0.037698, -2.799388, 0.500000
7.917350, 0.037698, -2.799388, 0.500000
7.912640, 0.036020, -2.799388, 0.500000
7.912640, 0.036020, -2.799388, 0.500000
7.907930, 0.034342, -2.799388, 0.500000
7.907930, 0.034342, -2.799388, 0.500000
7.903220, 0.032664, -2.799388, 0.500000
7.903220, 0.032664, -2.799388, 0.500000
7.898510, 0.030986, -2.799388, 0.500000
7.898510, 0.030986, -2.799388, 0.500000
7.898510, 0.030986, -2.799388, 0.500000
7.893800, 0.029309, -2.799388, 0.500000
7.893800, 0.029309, -2.799388, 0.500000
7.889090, 0.027631, -2.799388, 0.500000
7.889090, 0.027631, -2.799388, 0.500000
7.889090, 0.027631, -2.799388, 0.500000
7.884380, 0.025953, -2.799388, 0.500000
7.884380, 0.025953, -2.799388, 0.500000
7.879670, 0.024275, -2.799388, 0.500000
7.879670, 0.024275, -2.799388, 0.500000
7.879670, 0.024275, -2.799388, 0.500000
7.874960, 0.022597, -2.799388, 0.500000
7.874960, 0.022597, -2.799388, 0.500000
7.870250, 0.020919, -2.799388, 0.500000
7.870250, 0.020919, -2.799388, 0.500000
7.870250, 0.020919, -2.799388, 0.500000
7.865539, 0.019242, -2.799388, 0.500000
7.865539, 0.019242, -2.799388, 0.500000
7.860829, 0.017564, -2.799388, 0.500000
7.860829, 0.017564, -2.799388, 0.500000
7.860829, 0.017564, -2.799388, 0.500000
7.856119, 0.015886, -2.799388, 0.500000
7.856119, 0.015886, -2.799388, 0.500000
7.851409, 0.014208, -2.799388, 0.500000
7.851409, 0.014208, -2.799388, 0.500000
7.851409, 0.014208, -2.799388, 0.500000
7.846699, 0.012530, -2.799388, 0.500000
7.846699, 0.012530, -2.799388, 0.500000
7.841989, 0.010852, -2.799388, 0.500000
7.841989, 0.010852, -2.799388, 0.500000
7.841989, 0.010852, -2.799388, 0.500000
7.837279, 0.009175, -2.799388, 0.500000
7.837279, 0.009175, -2.799388, 0.500000
7.832569, 0.007497, -2.799388, 0.500000
7.832569, 0.007497, -2.799388, 0.500000
7.832569, 0.007497, -2.799388, 0.500000
7.827859, 0.005819, -2.799388, 0.500000
7.827859, 0.005819, -2.799388, 0.500000
7.823149, 0.004141, -2.799388, 0.500000
7.823149, 0.004141, -2.799388, 0.500000
7.823149, 0.004141, -2.799388, 0.500000
7.818439, 0.002463, -2.799388, 0.500000
7.818439, 0.002463, -2.799388, 0.500000
7.813729, 0.000786, -2.799388, 0.500000
7.813729, 0.000786, -2.799388, 0.500000
7.813729, 0.000786, -2.799388, 0.500000
7.809018, -0.000892, -2.799388, 0.500000
7.809018, -0.000892, -2.799388, 0.500000
7.804308, -0.002570, -2.799388, 0.500000
7.804308, -0.002570, -2.799388, 0.500000
7.804308, -0.002570, -2.799388, 0.500000
7.799598, -0.004248, -2.799388, 0.500000
7.799598, -0.004248, -2.799388, 0.500000
7.794888, -0.005926, -2.799388, 0.500000
7.794888, -0.005926, -2.799388, 0.500000
7.794888, -0.005926, -2.799388, 0.500000
7.790178, -0.007604, -2.799388, 0.500000
7.790178, -0.007604, -2.799388, 0.500000
7.785468, -0.009281, -2.799388, 0.500000
7.785468, -0.009281, -2.799388, 0.500000
7.785468, -0.009281, -2.799388, 0.500000
7.780758, -0.010959, -2.799388, 0.500000
7.780758, -0.010959, -2.799388, 0.500000
7.776048, -0.012637, -2.799388, 0.500000
7.776048, -0.012637, -2.799388, 0.500000
7.776048, -0.012637, -2.799388, 0.500000
7.771338, -0.014315, -2.799388, 0.500000
7.771338, -0.014315, -2.799388, 0.500000
7.766628, -0.015993, -2.799388, 0.500000
7.766628, -0.015993, -2.799388, 0.500000
7.766628, -0.015993, -2.799388, 0.500000
7.761918, -0.017671, -2.799388, 0.500000
7.761918, -0.017671, -2.799388, 0.500000
7.757208, -0.019348, -2.799388, 0.500000
7.757208, -0.019348, -2.799388, 0.500000
7.757208, -0.019348, -2.799388, 0.500000
7.752497, -0.021026, -2.799388, 0.500000
7.752497, -0.021026, -2.799388, 0.500000
7.747787, -0.022704, -2.799388, 0.500000
7.747787, -0.022704, -2.799388, 0.500000
7.747787, -0.022704, -2.799388, 0.500000
7.743077, -0.024382, -2.799388, 0.500000
7.743077, -0.024382, -2.799388, 0.500000
7.738367, -0.026060, -2.799388, 0.500000
7.738367, -0.026060, -2.799388, 0.500000
7.733657, -0.027738, -2.799388, 0.500000
7.733657, -0.027738, -2.799388, 0.500000
7.728947, -0.029415, -2.799388, 0.500000
7.728947, -0.029415, -2.799388, 0.500000
7.724237, -0.031093, -2.799388, 0.500000
7.724237, -0.031093, -2.799388, 0.500000
7.719527, -0.032771, -2.799388, 0.500000
7.719527, -0.032771, -2.799388, 0.500000
7.719527, -0.032771, -2.799388, 0.500000
7.714817, -0.034449, -2.799388, 0.500000
7.714817, -0.034449, -2.799388, 0.500000
7.710107, -0.036127, -2.799388, 0.500000
7.710107, -0.036127, -2.799388, 0.500000
7.705397, -0.037804, -2.799388, 0.500000
7.705397, -0.037804, -2.799388, 0.500000
7.700687, -0.039482, -2.799388, 0.500000
7.700687, -0.039482, -2.799388, 0.500000
7.700687, -0.039482, -2.799388, 0.500000
7.695976, -0.041160, -2.799388, 0.500000
7.695976, -0.041160, -2.799388, 0.500000
7.691266, -0.042838, -2.799388, 0.500000
7.691266, -0.042838, -2.799388, 0.500000
7.691266, -0.042838, -2.799388, 0.500000
7.686556, -0.044516, -2.799388, 0.500000
7.686556, -0.044516, -2.799388, 0.500000
7.681846, -0.046194, -2.799388, 0.500000
7.681846, -0.046194, -2.799388, 0.500000
7.677136, -0.047871, -2.799388, 0.500000
7.677136, -0.047871, -2.799388, 0.500000
7.677136, -0.047871, -2.799388, 0.500000
7.672426, -0.049549, -2.799388, 0.500000
7.672426, -0.049549, -2.799388, 0.500000
7.672426, -0.049549, -2.799388, 0.500000
7.667716, -0.051227, -2.799388, 0.500000
7.667716, -0.051227, -2.799388, 0.500000
7.663006, -0.052905, -2.799388, 0.500000
7.663006, -0.052905, -2.799388, 0.500000
7.663006, -0.052905, -2.799388, 0.500000
7.658296, -0.054583, -2.799388, 0.500000
7.658296, -0.054583, -2.799388, 0.500000
7.653586, -0.056261, -2.799388, 0.500000
7.653586, -0.056261, -2.799388, 0.500000
7.648876, -0.057938, -2.799388, 0.500000
7.648876, -0.057938, -2.799388, 0.500000
7.644165, -0.059616, -2.799388, 0.500000
7.644165, -0.059616, -2.799388, 0.500000
7.644165, -0.059616, -2.799388, 0.500000
7.639455, -0.061294, -2.799388, 0.500000
7.639455, -0.061294, -2.799388, 0.500000
7.634745, -0.062972, -2.799388, 0.500000
7.634745, -0.062972, -2.799388, 0.500000
7.634745, -0.062972, -2.799388, 0.500000
7.630035, -0.064650, -2.799388, 0.500000
7.630035, -0.064650, -2.799388, 0.500000
7.625325, -0.066328, -2.799388, 0.500000
7.625325, -0.066328, -2.799388, 0.500000
7.625325, -0.066328, -2.799388, 0.500000
7.620615, -0.068005, -2.799388, 0.500000
7.620615, -0.068005, -2.799388, 0.500000
7.615905, -0.069683, -2.799388, 0.500000
7.615905, -0.069683, -2.799388, 0.500000
7.615905, -0.069683, -2.799388, 0.500000
7.611195, -0.071361, -2.799388, 0.500000
7.611195, -0.071361, -2.799388, 0.500000
7.606485, -0.073039, -2.799388, 0.500000
7.606485, -0.073039, -2.799388, 0.500000
7.601775, -0.074717, -2.799388, 0.500000
7.601775, -0.074717, -2.799388, 0.500000
7.597065, -0.076394, -2.799388, 0.500000
7.597065, -0.076394, -2.799388, 0.500000
7.597065, -0.076394, -2.799388, 0.500000
7.592355, -0.078072, -2.799388, 0.500000
7.592355, -0.078072, -2.799388, 0.500000
7.587644, -0.079750, -2.799388, 0.500000
7.582934, -0.081428, -2.799388, 0.500000
7.582934, -0.081428, -2.799388, 0.500000
7.578224, -0.083106, -2.799388, 0.500000
7.578224, -0.083106, -2.799388, 0.500000
7.578224, -0.083106, -2.799388, 0.500000
7.573514, -0.084784, -2.799388, 0.500000
7.568804, -0.086461, -2.799388, 0.500000
7.568804, -0.086461, -2.799388, 0.500000
7.564094, -0.088139, -2.799388, 0.500000
7.564094, -0.088139, -2.799388, 0.500000
7.559384, -0.089817, -2.799388, 0.500000
7.554674, -0.091495, -2.799388, 0.500000
7.554674, -0.091495, -2.799388, 0.500000
7.554674, -0.091495, -2.799388, 0.500000
7.549964, -0.093173, -2.799388, 0.500000
7.549964, -0.093173, -2.799388, 0.500000
7.549964, -0.093173, -2.799388, 0.500000
7.545254, -0.094851, -2.799388, 0.500000
7.545254, -0.094851, -2.799388, 0.500000
7.540544, -0.096528, -2.799388, 0.500000
7.540544, -0.096528, -2.799388, 0.500000
7.540544, -0.096528, -2.799388, 0.500000
7.535834, -0.098206, -2.799388, 0.500000
7.535834, -0.098206, -2.799388, 0.500000
7.531123, -0.099884, -2.799388, 0.500000
7.531123, -0.099884, -2.799388, 0.500000
7.531123, -0.099884, -2.799388, 0.500000
7.526413, -0.101562, -2.799388, 0.500000
7.526413, -0.101562, -2.799388, 0.500000
7.521703, -0.103240, -2.799388, 0.500000
7.521703, -0.103240, -2.799388, 0.500000
7.521703, -0.103240, -2.799388, 0.500000
7.516993, -0.104918, -2.799388, 0.500000
7.516993, -0.104918, -2.799388, 0.500000
7.512283, -0.106595, -2.799388, 0.500000
7.507573, -0.108273, -2.799388, 0.500000
7.507573, -0.108273, -2.799388, 0.500000
7.502863, -0.109951, -2.799388, 0.500000
7.502863, -0.109951, -2.799388, 0.500000
7.502863, -0.109951, -2.799388, 0.500000
7.498153, -0.111629, -2.799388, 0.500000
7.498153, -0.111629, -2.799388, 0.500000
7.493443, -0.113307, -2.799388, 0.500000
7.493443, -0.113307, -2.799388, 0.500000
7.493443, -0.113307, -2.799388, 0.500000
7.488733, -0.114984, -2.799388, 0.500000
7.488733, -0.114984, -2.799388, 0.500000
7.484023, -0.116662, -2.799388, 0.500000
7.484023, -0.116662, -2.799388, 0.500000
7.484023, -0.116662, -2.799388, 0.500000
7.479313, -0.118340, -2.799388, 0.500000
7.479313, -0.118340, -2.799388, 0.500000
7.474602, -0.120018, -2.799388, 0.500000
7.474602, -0.120018, -2.799388, 0.500000
7.474602, -0.120018, -2.799388, 0.500000
7.469892, -0.121696, -2.799388, 0.500000
7.469892, -0.121696, -2.799388, 0.500000
7.465182, -0.123374, -2.799388, 0.500000
7.465182, -0.123374, -2.799388, 0.500000
7.465182, -0.123374, -2.799388, 0.500000
7.460472, -0.125051, -2.799388, 0.500000
7.460472, -0.125051, -2.799388, 0.500000
7.455762, -0.126729, -2.799388, 0.500000
7.455762, -0.126729, -2.799388, 0.500000
7.455762, -0.126729, -2.799388, 0.500000
7.451052, -0.128407, -2.799388, 0.500000
7.451052, -0.128407, -2.799388, 0.500000
7.446342, -0.130085, -2.799388, 0.500000
7.446342, -0.130085, -2.799388, 0.500000
7.446342, -0.130085, -2.799388, 0.500000
7.441632, -0.131763, -2.799388, 0.500000
7.441632, -0.131763, -2.799388, 0.500000
7.436922, -0.133441, -2.799388, 0.500000
7.436922, -0.133441, -2.799388, 0.500000
7.432212, -0.135118, -2.799388, 0.500000
7.432212, -0.135118, -2.799388, 0.500000
7.427502, -0.136796, -2.799388, 0.500000
7.427502, -0.136796, -2.799388, 0.500000
7.427502, -0.136796, -2.799388, 0.500000
7.422791, -0.138474, -2.799388, 0.500000
7.422791, -0.138474, -2.799388, 0.500000
7.418081, -0.140152, -2.799388, 0.500000
7.418081, -0.140152, -2.799388, 0.500000
7.418081, -0.140152, -2.799388, 0.500000
7.413371, -0.141830, -2.799388, 0.500000
7.413371, -0.141830, -2.799388, 0.500000
7.408661, -0.143507, -2.799388, 0.500000
7.408661, -0.143507, -2.799388, 0.500000
7.408661, -0.143507, -2.799388, 0.500000
7.403951, -0.145185, -2.799388, 0.500000
7.403951, -0.145185, -2.799388, 0.500000
7.399241, -0.146863, -2.799388, 0.500000
7.399241, -0.146863, -2.799388, 0.500000
7.399241, -0.146863, -2.799388, 0.500000
7.394531, -0.148541, -2.799388, 0.500000
7.394531, -0.148541, -2.799388, 0.500000
7.389821, -0.150219, -2.799388, 0.500000
7.389821, -0.150219, -2.799388, 0.500000
7.389821, -0.150219, -2.799388, 0.500000
7.385111, -0.151897, -2.799388, 0.500000
7.385111, -0.151897, -2.799388, 0.500000
7.380401, -0.153574, -2.799388, 0.500000
7.380401, -0.153574, -2.799388, 0.500000
7.380401, -0.153574, -2.799388, 0.500000
7.375691, -0.155252, -2.799388, 0.500000
7.375691, -0.155252, -2.799388, 0.500000
7.370981, -0.156930, -2.799388, 0.500000
7.370981, -0.156930, -2.799388, 0.500000
7.370981, -0.156930, -2.799388, 0.500000
7.366270, -0.158608, -2.799388, 0.500000
7.366270, -0.158608, -2.799388, 0.500000
7.361560, -0.160286, -2.799388, 0.500000
7.361560, -0.160286, -2.799388, 0.500000
7.361560, -0.160286, -2.799388, 0.500000
7.356850, -0.161964, -2.799388, 0.500000
7.356850, -0.161964, -2.799388, 0.500000
7.352140, -0.163641, -2.799388, 0.500000
7.352140, -0.163641, -2.799388, 0.500000
7.352140, -0.163641, -2.799388, 0.500000
7.347430, -0.165319, -2.799388, 0.500000
7.347430, -0.165319, -2.799388, 0.500000
7.342720, -0.166997, -2.799388, 0.500000
7.342720, -0.166997, -2.799388, 0.500000
7.342720, -0.166997, -2.799388, 0.500000
7.338010, -0.168675, -2.799388, 0.500000
7.338010, -0.168675, -2.799388, 0.500000
7.333300, -0.170353, -2.799388, 0.500000
7.333300, -0.170353, -2.799388, 0.500000
7.333300, -0.170353, -2.799388, 0.500000
7.328590, -0.172031, -2.799388, 0.500000
7.328590, -0.172031, -2.799388, 0.500000
7.323880, -0.173708, -2.799388, 0.500000
7.323880, -0.173708, -2.799388, 0.500000
7.323880, -0.173708, -2.799388, 0.500000
7.319170, -0.175386, -2.799388, 0.500000
7.319170, -0.175386, -2.799388, 0.500000
7.314460, -0.177064, -2.799388, 0.500000
7.314460, -0.177064, -2.799388, 0.500000
7.314460, -0.177064, -2.799388, 0.500000
7.309749, -0.178742, -2.799388, 0.500000
7.309749, -0.178742, -2.799388, 0.500000
7.305039, -0.180420, -2.799388, 0.500000
7.305039, -0.180420, -2.799388, 0.500000
7.305039, -0.180420, -2.799388, 0.500000
7.300329, -0.182097, -2.799388, 0.500000
7.300329, -0.182097, -2.799388, 0.500000
7.295619, -0.183775, -2.799388, 0.500000
7.295619, -0.183775, -2.799388, 0.500000
7.295619, -0.183775, -2.799388, 0.500000
7.290909, -0.185453, -2.799388, 0.500000
7.290909, -0.185453, -2.799388, 0.500000
7.286199, -0.187131, -2.799388, 0.500000
7.286199, -0.187131, -2.799388, 0.500000
7.286199, -0.187131, -2.799388, 0.500000
7.281489, -0.188809, -2.799388, 0.500000
7.281489, -0.188809, -2.799388, 0.500000
7.276779, -0.190487, -2.799388, 0.500000
7.276779, -0.190487, -2.799388, 0.500000
7.276779, -0.190487, -2.799388, 0.500000
7.272069, -0.192164, -2.799388, 0.500000
7.272069, -0.192164, -2.799388, 0.500000
7.267359, -0.193842, -2.799388, 0.500000
7.267359, -0.193842, -2.799388, 0.500000
7.267359, -0.193842, -2.799388, 0.500000
7.262649, -0.195520, -2.799388, 0.500000
7.262649, -0.195520, -2.799388, 0.500000
7.257939, -0.197198, -2.799388, 0.500000
7.257939, -0.197198, -2.799388, 0.500000
7.253228, -0.198876, -2.799388, 0.500000
7.253228, -0.198876, -2.799388, 0.500000
7.248518, -0.200554, -2.799388, 0.500000
7.248518, -0.200554, -2.799388, 0.500000
7.248518, -0.200554, -2.799388, 0.500000
7.243808, -0.202231, -2.799388, 0.500000
7.243808, -0.202231, -2.799388, 0.500000
7.239098, -0.203909, -2.799388, 0.500000
7.239098, -0.203909, -2.799388, 0.500000
7.239098, -0.203909, -2.799388, 0.500000
7.234388, -0.205587, -2.799388, 0.500000
7.234388, -0.205587, -2.799388, 0.500000
7.229678, -0.207265, -2.799388, 0.500000
7.229678, -0.207265, -2.799388, 0.500000
7.224968, -0.208943, -2.799388, 0.500000
7.224968, -0.208943, -2.799388, 0.500000
7.220258, -0.210621, -2.799388, 0.500000
7.220258, -0.210621, -2.799388, 0.500000
7.220258, -0.210621, -2.799388, 0.500000
7.215548, -0.212298, -2.799388, 0.500000
7.215548, -0.212298, -2.799388, 0.500000
7.210838, -0.213976, -2.799388, 0.500000
7.210838, -0.213976, -2.799388, 0.500000
7.206128, -0.215654, -2.799388, 0.500000
7.206128, -0.215654, -2.799388, 0.500000
7.201417, -0.217332, -2.799388, 0.500000
7.201417, -0.217332, -2.799388, 0.500000
7.201417, -0.217332, -2.799388, 0.500000
7.196707, -0.219010, -2.799388, 0.500000
7.196707, -0.219010, -2.799388, 0.500000
7.191997, -0.220687, -2.799388, 0.500000
7.191997, -0.220687, -2.799388, 0.500000
7.191997, -0.220687, -2.799388, 0.500000
7.187287, -0.222365, -2.799388, 0.500000
7.187287, -0.222365, -2.799388, 0.500000
7.182577, -0.224043, -2.799388, 0.500000
7.182577, -0.224043, -2.799388, 0.500000
7.177867, -0.225721, -2.799388, 0.500000
7.177867, -0.225721, -2.799388, 0.500000
7.173157, -0.227399, -2.799388, 0.500000
7.173157, -0.227399, -2.799388, 0.500000
7.173157, -0.227399, -2.799388, 0.500000
7.168447, -0.229077, -2.799388, 0.500000
7.168447, -0.229077, -2.799388, 0.500000
7.163737, -0.230754, -2.799388, 0.500000
7.163737, -0.230754, -2.799388, 0.500000
7.163737, -0.230754, -2.799388, 0.500000
7.159027, -0.232432, -2.799388, 0.500000
7.159027, -0.232432, -2.799388, 0.500000
7.154317, -0.234110, -2.799388, 0.500000
7.154317, -0.234110, -2.799388, 0.500000
7.149607, -0.235788, -2.799388, 0.500000
7.149607, -0.235788, -2.799388, 0.500000
7.144896, -0.237466, -2.799388, 0.500000
7.144896, -0.237466, -2.799388, 0.500000
7.144896, -0.237466, -2.799388, 0.500000
7.140186, -0.239144, -2.799388, 0.500000
7.140186, -0.239144, -2.799388, 0.500000
7.135476, -0.240821, -2.799388, 0.500000
7.135476, -0.240821, -2.799388, 0.500000
7.130766, -0.242499, -2.799388, 0.500000
7.130766, -0.242499, -2.799388, 0.500000
7.130766, -0.242499, -2.799388, 0.500000
7.126056, -0.244177, -2.799388, 0.500000
7.126056, -0.244177, -2.799388, 0.500000
7.126056, -0.244177, -2.799388, 0.500000
7.121346, -0.245855, -2.799388, 0.500000
7.121346, -0.245855, -2.799388, 0.500000
7.116636, -0.247533, -2.799388, 0.500000
7.116636, -0.247533, -2.799388, 0.500000
7.116636, -0.247533, -2.799388, 0.500000
7.111926, -0.249211, -2.799388, 0.500000
7.111926, -0.249211, -2.799388, 0.500000
7.107216, -0.250888, -2.799388, 0.500000
7.107216, -0.250888, -2.799388, 0.500000
7.102506, -0.252566, -2.799388, 0.500000
7.102506, -0.252566, -2.799388, 0.500000
7.097796, -0.254244, -2.799388, 0.500000
7.097796, -0.254244, -2.799388, 0.500000
7.097796, -0.254244, -2.799388, 0.500000
7.093086, -0.255922, -2.799388, 0.500000
7.093086, -0.255922, -2.799388, 0.500000
7.088375, -0.257600, -2.799388, 0.500000
7.088375, -0.257600, -2.799388, 0.500000
7.088375, -0.257600, -2.799388, 0.500000
7.083665, -0.259277, -2.799388, 0.500000
7.083665, -0.259277, -2.799388, 0.500000
7.078955, -0.260955, -2.799388, 0.500000
7.078955, -0.260955, -2.799388, 0.500000
7.074245, -0.262633, -2.799388, 0.500000
7.074245, -0.262633, -2.799388, 0.500000
7.069535, -0.264311, -2.799388, 0.500000
7.069535, -0.264311, -2.799388, 0.500000
7.069535, -0.264311, -2.799388, 0.500000
7.064825, -0.265989, -2.799388, 0.500000
7.064825, -0.265989, -2.799388, 0.500000
7.060115, -0.267667, -2.799388, 0.500000
7.060115, -0.267667, -2.799388, 0.500000
7.055405, -0.269344, -2.799388, 0.500000
7.055405, -0.269344, -2.799388, 0.500000
7.050695, -0.271022, -2.799388, 0.500000
7.050695, -0.271022, -2.799388, 0.500000
7.050695, -0.271022, -2.799388, 0.500000
7.045985, -0.272700, -2.799388, 0.500000
7.045985, -0.272700, -2.799388, 0.500000
7.041275, -0.274378, -2.799388, 0.500000
7.041275, -0.274378, -2.799388, 0.500000
7.041275, -0.274378, -2.799388, 0.500000
7.036565, -0.276056, -2.799388, 0.500000
7.036565, -0.276056, -2.799388, 0.500000
7.031854, -0.277734, -2.799388, 0.500000
7.031854, -0.277734, -2.799388, 0.500000
7.031854, -0.277734, -2.799388, 0.500000
7.027144, -0.279411, -2.799388, 0.500000
7.027144, -0.279411, -2.799388, 0.500000
7.022434, -0.281089, -2.799388, 0.500000
7.022434, -0.281089, -2.799388, 0.500000
7.022434, -0.281089, -2.799388, 0.500000
7.017724, -0.282767, -2.799388, 0.500000
7.017724, -0.282767, -2.799388, 0.500000
7.013014, -0.284445, -2.799388, 0.500000
7.013014, -0.284445, -2.799388, 0.500000
7.013014, -0.284445, -2.799388, 0.500000
7.008304, -0.286123, -2.799388, 0.500000
7.008304, -0.286123, -2.799388, 0.500000
7.003594, -0.287801, -2.799388, 0.500000
7.003594, -0.287801, -2.799388, 0.500000
6.998884, -0.289478, -2.799388, 0.500000
6.998884, -0.289478, -2.799388, 0.500000
6.994174, -0.291156, -2.799388, 0.500000
6.994174, -0.291156, -2.799388, 0.500000
6.994174, -0.291156, -2.799388, 0.500000
6.989464, -0.292834, -2.799388, 0.500000
6.989464, -0.292834, -2.799388, 0.500000
6.984754, -0.294512, -2.799388, 0.500000
6.984754, -0.294512, -2.799388, 0.500000
6.984754, -0.294512, -2.799388, 0.500000
6.980043, -0.296190, -2.799388, 0.500000
6.980043, -0.296190, -2.799388, 0.500000
6.975333, -0.297867, -2.799388, 0.500000
6.975333, -0.297867, -2.799388, 0.500000
6.975333, -0.297867, -2.799388, 0.500000
6.970623, -0.299545, -2.799388, 0.500000
6.970623, -0.299545, -2.799388, 0.500000
6.965913, -0.301223, -2.799388, 0.500000
6.965913, -0.301223, -2.799388, 0.500000
6.965913, -0.301223, -2.799388, 0.500000
6.961203, -0.302901, -2.799388, 0.500000
6.961203, -0.302901, -2.799388, 0.500000
6.956493, -0.304579, -2.799388, 0.500000
6.956493, -0.304579, -2.799388, 0.500000
6.956493, -0.304579, -2.799388, 0.500000
6.951783, -0.306257, -2.799388, 0.500000
6.951783, -0.306257, -2.799388, 0.500000
6.947073, -0.307934, -2.799388, 0.500000
6.947073, -0.307934, -2.799388, 0.500000
6.947073, -0.307934, -2.799388, 0.500000
6.942363, -0.309612, -2.799388, 0.500000
6.942363, -0.309612, -2.799388, 0.500000
6.937653, -0.311290, -2.799388, 0.500000
6.937653, -0.311290, -2.799388, 0.500000
6.937653, -0.311290, -2.799388, 0.500000
6.932943, -0.312968, -2.799388, 0.500000
6.932943, -0.312968, -2.799388, 0.500000
6.928233, -0.314646, -2.799388, 0.500000
6.928233, -0.314646, -2.799388, 0.500000
6.923522, -0.316324, -2.799388, 0.500000
6.923522, -0.316324, -2.799388, 0.500000
6.918812, -0.318001, -2.799388, 0.500000
6.918812, -0.318001, -2.799388, 0.500000
6.918812, -0.318001, -2.799388, 0.500000
6.914102, -0.319679, -2.799388, 0.500000
6.914102, -0.319679, -2.799388, 0.500000
6.909392, -0.321357, -2.799388, 0.500000
6.909392, -0.321357, -2.799388, 0.500000
6.909392, -0.321357, -2.799388, 0.500000
6.904682, -0.323035, -2.799388, 0.500000
6.904682, -0.323035, -2.799388, 0.500000
6.899972, -0.324713, -2.799388, 0.500000
6.899972, -0.324713, -2.799388, 0.500000
6.899972, -0.324713, -2.799388, 0.500000
6.895262, -0.326390, -2.799388, 0.500000
6.895262, -0.326390, -2.799388, 0.500000
6.890552, -0.328068, -2.799388, 0.500000
6.890552, -0.328068, -2.799388, 0.500000
6.885842, -0.329746, -2.799388, 0.500000
6.885842, -0.329746, -2.799388, 0.500000
6.881132, -0.331424, -2.799388, 0.500000
6.881132, -0.331424, -2.799388, 0.500000
6.881132, -0.331424, -2.799388, 0.500000
6.876422, -0.333102, -2.799388, 0.500000
6.876422, -0.333102, -2.799388, 0.500000
6.871712, -0.334780, -2.799388, 0.500000
6.871712, -0.334780, -2.799388, 0.500000
6.871712, -0.334780, -2.799388, 0.500000
6.867001, -0.336457, -2.799388, 0.500000
6.867001, -0.336457, -2.799388, 0.500000
6.862291, -0.338135, -2.799388, 0.500000
6.862291, -0.338135, -2.799388, 0.500000
6.862291, -0.338135, -2.799388, 0.500000
6.857581, -0.339813, -2.799388, 0.500000
6.857581, -0.339813, -2.799388, 0.500000
6.852871, -0.341491, -2.799388, 0.500000
6.852871, -0.341491, -2.799388, 0.500000
6.852871, -0.341491, -2.799388, 0.500000
6.848161, -0.343169, -2.799388, 0.500000
6.848161, -0.343169, -2.799388, 0.500000
6.843451, -0.344846, -2.799630, 0.500000
6.843451, -0.344846, -2.799630, 0.500000
6.843451, -0.344846, -2.799630, 0.500000
6.838740, -0.346521, -2.800357, 0.500000
6.838740, -0.346521, -2.800357, 0.500000
6.834027, -0.348192, -2.801571, 0.500000
6.834027, -0.348192, -2.801571, 0.500000
6.834027, -0.348192, -2.801571, 0.500000
6.829312, -0.349856, -2.803275, 0.500000
6.829312, -0.349856, -2.803275, 0.500000
6.824594, -0.351510, -2.805471, 0.500000
6.824594, -0.351510, -2.805471, 0.500000
6.824594, -0.351510, -2.805471, 0.500000
6.819871, -0.353153, -2.808164, 0.500000
6.819871, -0.353153, -2.808164, 0.500000
6.815144, -0.354782, -2.811360, 0.500000
6.815144, -0.354782, -2.811360, 0.500000
6.815144, -0.354782, -2.811360, 0.500000
6.810412, -0.356395, -2.815066, 0.500000
6.810412, -0.356395, -2.815066, 0.500000
6.805672, -0.357989, -2.819289, 0.500000
6.805672, -0.357989, -2.819289, 0.500000
6.800926, -0.359562, -2.824040, 0.500000
6.800926, -0.359562, -2.824040, 0.500000
6.796172, -0.361111, -2.828791, 0.500000
6.796172, -0.361111, -2.828791, 0.500000
6.796172, -0.361111, -2.828791, 0.500000
6.791411, -0.362639, -2.833542, 0.500000
6.791411, -0.362639, -2.833542, 0.500000
6.786643, -0.364143, -2.838293, 0.500000
6.786643, -0.364143, -2.838293, 0.500000
6.786643, -0.364143, -2.838293, 0.500000
6.781868, -0.365626, -2.843044, 0.500000
6.781868, -0.365626, -2.843044, 0.500000
6.777086, -0.367085, -2.847795, 0.500000
6.777086, -0.367085, -2.847795, 0.500000
6.777086, -0.367085, -2.847795, 0.500000
6.772296, -0.368521, -2.852546, 0.500000
6.772296, -0.368521, -2.852546, 0.500000
6.767500, -0.369935, -2.857297, 0.500000
6.767500, -0.369935, -2.857297, 0.500000
6.767500, -0.369935, -2.857297, 0.500000
6.762698, -0.371326, -2.862048, 0.500000
6.762698, -0.371326, -2.862048, 0.500000
6.757889, -0.372694, -2.866799, 0.500000
6.757889, -0.372694, -2.866799, 0.500000
6.757889, -0.372694, -2.866799, 0.500000
6.753073, -0.374040, -2.871550, 0.500000
6.753073, -0.374040, -2.871550, 0.500000
6.748251, -0.375362, -2.876301, 0.500000
6.748251, -0.375362, -2.876301, 0.500000
6.743423, -0.376662, -2.881052, 0.500000
6.743423, -0.376662, -2.881052, 0.500000
6.738589, -0.377938, -2.885803, 0.500000
6.738589, -0.377938, -2.885803, 0.500000
6.738589, -0.377938, -2.885803, 0.500000
6.733748, -0.379192, -2.890554, 0.500000
6.733748, -0.379192, -2.890554, 0.500000
6.728902, -0.380422, -2.895305, 0.500000
6.728902, -0.380422, -2.895305, 0.500000
6.728902, -0.380422, -2.895305, 0.500000
6.724050, -0.381630, -2.900056, 0.500000
6.724050, -0.381630, -2.900056, 0.500000
6.719192, -0.382814, -2.904807, 0.500000
6.719192, -0.382814, -2.904807, 0.500000
6.719192, -0.382814, -2.904807, 0.500000
6.714329, -0.383976, -2.909558, 0.500000
6.714329, -0.383976, -2.909558, 0.500000
6.709460, -0.385114, -2.914309, 0.500000
6.709460, -0.385114, -2.914309, 0.500000
6.709460, -0.385114, -2.914309, 0.500000
6.704586, -0.386229, -2.919060, 0.500000
6.704586, -0.386229, -2.919060, 0.500000
6.699707, -0.387321, -2.923811, 0.500000
6.699707, -0.387321, -2.923811, 0.500000
6.694823, -0.388390, -2.928562, 0.500000
6.694823, -0.388390, -2.928562, 0.500000
6.689933, -0.389435, -2.933313, 0.500000
6.689933, -0.389435, -2.933313, 0.500000
6.689933, -0.389435, -2.933313, 0.500000
6.685039, -0.390457, -2.938064, 0.500000
6.685039, -0.390457, -2.938064, 0.500000
6.680140, -0.391456, -2.942815, 0.500000
6.680140, -0.391456, -2.942815, 0.500000
6.680140, -0.391456, -2.942815, 0.500000
6.675236, -0.392432, -2.947566, 0.500000
6.675236, -0.392432, -2.947566, 0.500000
6.670327, -0.393384, -2.952317, 0.500000
6.670327, -0.393384, -2.952317, 0.500000
6.665414, -0.394313, -2.957068, 0.500000
6.665414, -0.394313, -2.957068, 0.500000
6.660497, -0.395219, -2.961818, 0.500000
6.660497, -0.395219, -2.961818, 0.500000
6.660497, -0.395219, -2.961818, 0.500000
6.655576, -0.396102, -2.966569, 0.500000
6.655576, -0.396102, -2.966569, 0.500000
6.650650, -0.396960, -2.971320, 0.500000
6.650650, -0.396960, -2.971320, 0.500000
6.645720, -0.397796, -2.976071, 0.500000
6.645720, -0.397796, -2.976071, 0.500000
6.640787, -0.398608, -2.980822, 0.500000
6.640787, -0.398608, -2.980822, 0.500000
6.640787, -0.398608, -2.980822, 0.500000
6.635849, -0.399397, -2.985573, 0.500000
6.635849, -0.399397, -2.985573, 0.500000
6.630908, -0.400162, -2.990324, 0.500000
6.630908, -0.400162, -2.990324, 0.500000
6.630908, -0.400162, -2.990324, 0.500000
6.625964, -0.400904, -2.995075, 0.500000
6.625964, -0.400904, -2.995075, 0.500000
6.621015, -0.401622, -2.999826, 0.500000
6.621015, -0.401622, -2.999826, 0.500000
6.621015, -0.401622, -2.999826, 0.500000
6.616064, -0.402317, -3.004577, 0.500000
6.616064, -0.402317, -3.004577, 0.500000
6.611109, -0.402988, -3.009328, 0.500000
6.611109, -0.402988, -3.009328, 0.500000
6.611109, -0.402988, -3.009328, 0.500000
6.606151, -0.403635, -3.014079, 0.500000
6.606151, -0.403635, -3.014079, 0.500000
6.601190, -0.404259, -3.018830, 0.500000
6.601190, -0.404259, -3.018830, 0.500000
6.601190, -0.404259, -3.018830, 0.500000
6.596227, -0.404860, -3.023581, 0.500000
6.596227, -0.404860, -3.023581, 0.500000
6.591260, -0.405437, -3.028332, 0.500000
6.591260, -0.405437, -3.028332, 0.500000
6.591260, -0.405437, -3.028332, 0.500000
6.586291, -0.405990, -3.033083, 0.500000
6.586291, -0.405990, -3.033083, 0.500000
6.581319, -0.406520, -3.037834, 0.500000
6.581319, -0.406520, -3.037834, 0.500000
6.581319, -0.406520, -3.037834, 0.500000
6.576344, -0.407026, -3.042585, 0.500000
6.576344, -0.407026, -3.042585, 0.500000
6.571368, -0.407508, -3.047336, 0.500000
6.571368, -0.407508, -3.047336, 0.500000
6.571368, -0.407508, -3.047336, 0.500000
6.566389, -0.407967, -3.052087, 0.500000
6.566389, -0.407967, -3.052087, 0.500000
6.561408, -0.408402, -3.056838, 0.500000
6.561408, -0.408402, -3.056838, 0.500000
6.561408, -0.408402, -3.056838, 0.500000
6.556425, -0.408814, -3.061589, 0.500000
6.556425, -0.408814, -3.061589, 0.500000
6.551440, -0.409201, -3.066340, 0.500000
6.551440, -0.409201, -3.066340, 0.500000
6.551440, -0.409201, -3.066340, 0.500000
6.546453, -0.409565, -3.071091, 0.500000
6.546453, -0.409565, -3.071091, 0.500000
6.541465, -0.409906, -3.075842, 0.500000
6.541465, -0.409906, -3.075842, 0.500000
6.541465, -0.409906, -3.075842, 0.500000
6.536475, -0.410222, -3.080593, 0.500000
6.536475, -0.410222, -3.080593, 0.500000
6.531483, -0.410515, -3.085344, 0.500000
6.531483, -0.410515, -3.085344, 0.500000
6.531483, -0.410515, -3.085344, 0.500000
6.526491, -0.410785, -3.090095, 0.500000
6.526491, -0.410785, -3.090095, 0.500000
6.521497, -0.411030, -3.094846, 0.500000
6.521497, -0.411030, -3.094846, 0.500000
6.521497, -0.411030, -3.094846, 0.500000
6.516502, -0.411252, -3.099597, 0.500000
6.516502, -0.411252, -3.099597, 0.500000
6.511506, -0.411450, -3.104348, 0.500000
6.511506, -0.411450, -3.104348, 0.500000
6.511506, -0.411450, -3.104348, 0.500000
6.506509, -0.411624, -3.109098, 0.500000
6.501511, -0.411775, -3.113849, 0.500000
6.501511, -0.411775, -3.113849, 0.500000
6.501511, -0.411775, -3.113849, 0.500000
6.496513, -0.411903, -3.118073, 0.500000
6.496513, -0.411903, -3.118073, 0.500000
6.491514, -0.412011, -3.121779, 0.500000
6.491514, -0.412011, -3.121779, 0.500000
6.491514, -0.412011, -3.121779, 0.500000
6.486515, -0.412102, -3.124975, 0.500000
6.486515, -0.412102, -3.124975, 0.500000
6.481515, -0.412178, -3.127668, 0.500000
6.481515, -0.412178, -3.127668, 0.500000
6.481515, -0.412178, -3.127668, 0.500000
6.476515, -0.412242, -3.129864, 0.500000
6.476515, -0.412242, -3.129864, 0.500000
6.471516, -0.412296, -3.131568, 0.500000
6.471516, -0.412296, -3.131568, 0.500000
6.471516, -0.412296, -3.131568, 0.500000
6.466516, -0.412343, -3.132782, 0.500000
6.466516, -0.412343, -3.132782, 0.500000
6.461516, -0.412385, -3.133509, 0.500000
6.461516, -0.412385, -3.133509, 0.500000
6.461516, -0.412385, -3.133509, 0.500000
6.456516, -0.412424, -3.133751, 0.500000
6.456516, -0.412424, -3.133751, 0.500000
6.451516, -0.412463, -3.133751, 0.500000
6.451516, -0.412463, -3.133751, 0.500000
6.451516, -0.412463, -3.133751, 0.500000
6.446517, -0.412503, -3.133751, 0.500000
6.446517, -0.412503, -3.133751, 0.500000
6.441517, -0.412542, -3.133751, 0.500000
6.441517, -0.412542, -3.133751, 0.500000
6.441517, -0.412542, -3.133751, 0.500000
6.436517, -0.412581, -3.133751, 0.500000
6.436517, -0.412581, -3.133751, 0.500000
6.431517, -0.412620, -3.133751, 0.500000
6.431517, -0.412620, -3.133751, 0.500000
6.431517, -0.412620, -3.133751, 0.500000
6.426517, -0.412660, -3.133751, 0.500000
6.426517, -0.412660, -3.133751, 0.500000
6.421517, -0.412699, -3.133751, 0.500000
6.421517, -0.412699, -3.133751, 0.500000
6.421517, -0.412699, -3.133751, 0.500000
6.416518, -0.412738, -3.133751, 0.500000
6.416518, -0.412738, -3.133751, 0.500000
6.411518, -0.412777, -3.133751, 0.500000
6.411518, -0.412777, -3.133751, 0.500000
6.411518, -0.412777, -3.133751, 0.500000
6.406518, -0.412816, -3.133751, 0.500000
6.406518, -0.412816, -3.133751, 0.500000
6.401518, -0.412856, -3.133751, 0.500000
6.401518, -0.412856, -3.133751, 0.500000
6.401518, -0.412856, -3.133751, 0.500000
6.396518, -0.412895, -3.133751, 0.500000
6.396518, -0.412895, -3.133751, 0.500000
6.391518, -0.412934, -3.133751, 0.500000
6.391518, -0.412934, -3.133751, 0.500000
6.391518, -0.412934, -3.133751, 0.500000
6.386518, -0.412973, -3.133751, 0.500000
6.386518, -0.412973, -3.133751, 0.500000
6.381519, -0.413012, -3.133751, 0.500000
6.381519, -0.413012, -3.133751, 0.500000
6.381519, -0.413012, -3.133751, 0.500000
6.376519, -0.413052, -3.133751, 0.500000
6.376519, -0.413052, -3.133751, 0.500000
6.371519, -0.413091, -3.133751, 0.500000
6.371519, -0.413091, -3.133751, 0.500000
6.371519, -0.413091, -3.133751, 0.500000
6.366519, -0.413130, -3.133751, 0.500000
6.366519, -0.413130, -3.133751, 0.500000
6.361519, -0.413169, -3.133751, 0.500000
6.361519, -0.413169, -3.133751, 0.500000
6.361519, -0.413169, -3.133751, 0.500000
6.356519, -0.413208, -3.133751, 0.500000
6.356519, -0.413208, -3.133751, 0.500000
6.351520, -0.413248, -3.133751, 0.500000
6.351520, -0.413248, -3.133751, 0.500000
6.351520, -0.413248, -3.133751, 0.500000
6.346520, -0.413287, -3.133751, 0.500000
6.346520, -0.413287, -3.133751, 0.500000
6.341520, -0.413326, -3.133751, 0.500000
6.341520, -0.413326, -3.133751, 0.500000
6.341520, -0.413326, -3.133751, 0.500000
6.336520, -0.413365, -3.133751, 0.500000
6.336520, -0.413365, -3.133751, 0.500000
6.331520, -0.413404, -3.133751, 0.500000
6.331520, -0.413404, -3.133751, 0.500000
6.331520, -0.413404, -3.133751, 0.500000
6.326520, -0.413444, -3.133751, 0.500000
6.326520, -0.413444, -3.133751, 0.500000
6.321520, -0.413483, -3.133751, 0.500000
6.321520, -0.413483, -3.133751, 0.500000
6.321520, -0.413483, -3.133751, 0.500000
6.316521, -0.413522, -3.133751, 0.500000
6.316521, -0.413522, -3.133751, 0.500000
6.311521, -0.413561, -3.133751, 0.500000
6.311521, -0.413561, -3.133751, 0.500000
6.311521, -0.413561, -3.133751, 0.500000
6.306521, -0.413600, -3.133751, 0.500000
6.306521, -0.413600, -3.133751, 0.500000
6.301521, -0.413640, -3.133751, 0.500000
6.301521, -0.413640, -3.133751, 0.500000
6.301521, -0.413640, -3.133751, 0.500000
6.296521, -0.413679, -3.133751, 0.500000
6.296521, -0.413679, -3.133751, 0.500000
6.291521, -0.413718, -3.133751, 0.500000
6.291521, -0.413718, -3.133751, 0.500000
6.291521, -0.413718, -3.133751, 0.500000
6.286522, -0.413757, -3.133751, 0.500000
6.286522, -0.413757, -3.133751, 0.500000
6.281522, -0.413796, -3.133751, 0.500000
6.281522, -0.413796, -3.133751, 0.500000
6.276522, -0.413836, -3.133751, 0.500000
6.276522, -0.413836, -3.133751, 0.500000
6.271522, -0.413875, -3.133751, 0.500000
6.271522, -0.413875, -3.133751, 0.500000
6.266522, -0.413914, -3.133751, 0.500000
6.266522, -0.413914, -3.133751, 0.500000
6.261522, -0.413953, -3.133751, 0.500000
6.261522, -0.413953, -3.133751, 0.500000
6.261522, -0.413953, -3.133751, 0.500000
6.256522, -0.413993, -3.133751, 0.500000
6.256522, -0.413993, -3.133751, 0.500000
6.251523, -0.414032, -3.133751, 0.500000
6.251523, -0.414032, -3.133751, 0.500000
6.251523, -0.414032, -3.133751, 0.500000
6.246523, -0.414071, -3.133751, 0.500000
6.246523, -0.414071, -3.133751, 0.500000
6.241523, -0.414110, -3.133751, 0.500000
6.241523, -0.414110, -3.133751, 0.500000
6.241523, -0.414110, -3.133751, 0.500000
6.236523, -0.414149, -3.133751, 0.500000
6.236523, -0.414149, -3.133751, 0.500000
6.231523, -0.414189, -3.133751, 0.500000
6.231523, -0.414189, -3.133751, 0.500000
6.231523, -0.414189, -3.133751, 0.500000
6.226523, -0.414228, -3.133751, 0.500000
6.226523, -0.414228, -3.133751, 0.500000
6.221524, -0.414267, -3.133751, 0.500000
6.221524, -0.414267, -3.133751, 0.500000
6.216524, -0.414306, -3.133751, 0.500000
6.216524, -0.414306, -3.133751, 0.500000
6.211524, -0.414345, -3.133751, 0.500000
6.211524, -0.414345, -3.133751, 0.500000
6.211524, -0.414345, -3.133751, 0.500000
6.206524, -0.414385, -3.133751, 0.500000
6.206524, -0.414385, -3.133751, 0.500000
6.201524, -0.414424, -3.133751, 0.500000
6.201524, -0.414424, -3.133751, 0.500000
6.196524, -0.414463, -3.133751, 0.500000
6.196524, -0.414463, -3.133751, 0.500000
6.191524, -0.414502, -3.133751, 0.500000
6.191524, -0.414502, -3.133751, 0.500000
6.191524, -0.414502, -3.133751, 0.500000
6.186525, -0.414541, -3.133751, 0.500000
6.186525, -0.414541, -3.133751, 0.500000
6.181525, -0.414581, -3.133751, 0.500000
6.181525, -0.414581, -3.133751, 0.500000
6.181525, -0.414581, -3.133751, 0.500000
6.176525, -0.414620, -3.133751, 0.500000
6.176525, -0.414620, -3.133751, 0.500000
6.171525, -0.414659, -3.133751, 0.500000
6.171525, -0.414659, -3.133751, 0.500000
6.171525, -0.414659, -3.133751, 0.500000
6.166525, -0.414698, -3.133751, 0.500000
6.166525, -0.414698, -3.133751, 0.500000
6.161525, -0.414737, -3.133751, 0.500000
6.161525, -0.414737, -3.133751, 0.500000
6.161525, -0.414737, -3.133751, 0.500000
6.156526, -0.414777, -3.133751, 0.500000
6.156526, -0.414777, -3.133751, 0.500000
6.151526, -0.414816, -3.133751, 0.500000
6.151526, -0.414816, -3.133751, 0.500000
6.151526, -0.414816, -3.133751, 0.500000
6.146526, -0.414855, -3.133751, 0.500000
6.146526, -0.414855, -3.133751, 0.500000
6.141526, -0.414894, -3.133751, 0.500000
6.141526, -0.414894, -3.133751, 0.500000
6.136526, -0.414933, -3.133751, 0.500000
6.136526, -0.414933, -3.133751, 0.500000
6.131526, -0.414973, -3.133751, 0.500000
6.131526, -0.414973, -3.133751, 0.500000
6.131526, -0.414973, -3.133751, 0.500000
6.126526, -0.415012, -3.133751, 0.500000
6.126526, -0.415012, -3.133751, 0.500000
6.121527, -0.415051, -3.133751, 0.500000
6.121527, -0.415051, -3.133751, 0.500000
6.121527, -0.415051, -3.133751, 0.500000
6.116527, -0.415090, -3.133751, 0.500000
6.116527, -0.415090, -3.133751, 0.500000
6.111527, -0.415130, -3.133751, 0.500000
6.111527, -0.415130, -3.133751, 0.500000
6.111527, -0.415130, -3.133751, 0.500000
6.106527, -0.415169, -3.133751, 0.500000
6.106527, -0.415169, -3.133751, 0.500000
6.101527, -0.415208, -3.133751, 0.500000
6.101527, -0.415208, -3.133751, 0.500000
6.101527, -0.415208, -3.133751, 0.500000
6.096527, -0.415247, -3.133751, 0.500000
6.096527, -0.415247, -3.133751, 0.500000
6.091528, -0.415286, -3.133751, 0.500000
6.091528, -0.415286, -3.133751, 0.500000
6.091528, -0.415286, -3.133751, 0.500000
6.086528, -0.415326, -3.133751, 0.500000
6.086528, -0.415326, -3.133751, 0.500000
6.081528, -0.415365, -3.133751, 0.500000
6.081528, -0.415365, -3.133751, 0.500000
6.081528, -0.415365, -3.133751, 0.500000
6.076528, -0.415404, -3.133751, 0.500000
6.076528, -0.415404, -3.133751, 0.500000
6.071528, -0.415443, -3.133751, 0.500000
6.071528, -0.415443, -3.133751, 0.500000
6.071528, -0.415443, -3.133751, 0.500000
6.066528, -0.415482, -3.133751, 0.500000
6.066528, -0.415482, -3.133751, 0.500000
6.061528, -0.415522, -3.133751, 0.500000
6.061528, -0.415522, -3.133751, 0.500000
6.056529, -0.415561, -3.133751, 0.500000
6.056529, -0.415561, -3.133751, 0.500000
6.051529, -0.415600, -3.133751, 0.500000
6.051529, -0.415600, -3.133751, 0.500000
6.051529, -0.415600, -3.133751, 0.500000
6.046529, -0.415639, -3.133751, 0.500000
6.046529, -0.415639, -3.133751, 0.500000
6.041529, -0.415678, -3.133751, 0.500000
6.041529, -0.415678, -3.133751, 0.500000
6.036529, -0.415718, -3.133751, 0.500000
6.036529, -0.415718, -3.133751, 0.500000
6.036529, -0.415718, -3.133751, 0.500000
6.031529, -0.415757, -3.133751, 0.500000
6.031529, -0.415757, -3.133751, 0.500000
6.031529, -0.415757, -3.133751, 0.500000
6.026530, -0.415796, -3.133751, 0.500000
6.026530, -0.415796, -3.133751, 0.500000
6.021530, -0.415835, -3.133751, 0.500000
6.021530, -0.415835, -3.133751, 0.500000
6.021530, -0.415835, -3.133751, 0.500000
6.016530, -0.415874, -3.133751, 0.500000
6.016530, -0.415874, -3.133751, 0.500000
6.011530, -0.415914, -3.133751, 0.500000
6.011530, -0.415914, -3.133751, 0.500000
6.011530, -0.415914, -3.133751, 0.500000
6.006530, -0.415953, -3.133751, 0.500000
6.006530, -0.415953, -3.133751, 0.500000
6.001530, -0.415992, -3.133751, 0.500000
6.001530, -0.415992, -3.133751, 0.500000
6.001530, -0.415992, -3.133751, 0.500000
5.996530, -0.416031, -3.133751, 0.500000
5.996530, -0.416031, -3.133751, 0.500000
5.991531, -0.416070, -3.133751, 0.500000
5.991531, -0.416070, -3.133751, 0.500000
5.991531, -0.416070, -3.133751, 0.500000
5.986531, -0.416110, -3.133751, 0.500000
5.986531, -0.416110, -3.133751, 0.500000
5.981531, -0.416149, -3.133751, 0.500000
5.981531, -0.416149, -3.133751, 0.500000
5.981531, -0.416149, -3.133751, 0.500000
5.976531, -0.416188, -3.133751, 0.500000
5.976531, -0.416188, -3.133751, 0.500000
5.971531, -0.416227, -3.133751, 0.500000
5.971531, -0.416227, -3.133751, 0.500000
5.971531, -0.416227, -3.133751, 0.500000
5.966531, -0.416266, -3.133751, 0.500000
5.966531, -0.416266, -3.133751, 0.500000
5.961532, -0.416306, -3.133751, 0.500000
5.961532, -0.416306, -3.133751, 0.500000
5.961532, -0.416306, -3.133751, 0.500000
5.956532, -0.416345, -3.133751, 0.500000
5.956532, -0.416345, -3.133751, 0.500000
5.951532, -0.416384, -3.133751, 0.500000
5.951532, -0.416384, -3.133751, 0.500000
5.951532, -0.416384, -3.133751, 0.500000
5.946532, -0.416423, -3.133751, 0.500000
5.946532, -0.416423, -3.133751, 0.500000
5.941532, -0.416463, -3.133751, 0.500000
5.941532, -0.416463, -3.133751, 0.500000
5.941532, -0.416463, -3.133751, 0.500000
5.936532, -0.416502, -3.133751, 0.500000
5.936532, -0.416502, -3.133751, 0.500000
5.931532, -0.416541, -3.133751, 0.500000
5.931532, -0.416541, -3.133751, 0.500000
5.931532, -0.416541, -3.133751, 0.500000
5.926533, -0.416580, -3.133751, 0.500000
5.926533, -0.416580, -3.133751, 0.500000
5.921533, -0.416619, -3.133751, 0.500000
5.921533, -0.416619, -3.133751, 0.500000
5.921533, -0.416619, -3.133751, 0.500000
5.916533, -0.416659, -3.133751, 0.500000
5.916533, -0.416659, -3.133751, 0.500000
5.911533, -0.416698, -3.133751, 0.500000
5.911533, -0.416698, -3.133751, 0.500000
5.911533, -0.416698, -3.133751, 0.500000
5.906533, -0.416737, -3.133751, 0.500000
5.906533, -0.416737, -3.133751, 0.500000
5.901533, -0.416776, -3.133751, 0.500000
5.901533, -0.416776, -3.133751, 0.500000
5.901533, -0.416776, -3.133751, 0.500000
5.896534, -0.416815, -3.133751, 0.500000
5.896534, -0.416815, -3.133751, 0.500000
5.891534, -0.416855, -3.133751, 0.500000
5.891534, -0.416855, -3.133751, 0.500000
5.891534, -0.416855, -3.133751, 0.500000
5.886534, -0.416894, -3.133751, 0.500000
5.886534, -0.416894, -3.133751, 0.500000
5.881534, -0.416933, -3.133751, 0.500000
5.881534, -0.416933, -3.133751, 0.500000
5.881534, -0.416933, -3.133751, 0.500000
5.876534, -0.416972, -3.133751, 0.500000
5.876534, -0.416972, -3.133751, 0.500000
5.871534, -0.417011, -3.133751, 0.500000
5.871534, -0.417011, -3.133751, 0.500000
5.871534, -0.417011, -3.133751, 0.500000
5.866534, -0.417051, -3.133751, 0.500000
5.866534, -0.417051, -3.133751, 0.500000
5.861535, -0.417090, -3.133751, 0.500000
5.861535, -0.417090, -3.133751, 0.500000
5.861535, -0.417090, -3.133751, 0.500000
5.856535, -0.417129, -3.133751, 0.500000
5.856535, -0.417129, -3.133751, 0.500000
5.851535, -0.417168, -3.133751, 0.500000
5.851535, -0.417168, -3.133751, 0.500000
5.851535, -0.417168, -3.133751, 0.500000
5.846535, -0.417207, -3.133751, 0.500000
5.846535, -0.417207, -3.133751, 0.500000
5.841535, -0.417247, -3.133751, 0.500000
5.841535, -0.417247, -3.133751, 0.500000
5.841535, -0.417247, -3.133751, 0.500000
5.836535, -0.417286, -3.133751, 0.500000
5.836535, -0.417286, -3.133751, 0.500000
5.831536, -0.417325, -3.133751, 0.500000
5.831536, -0.417325, -3.133751, 0.500000
5.831536, -0.417325, -3.133751, 0.500000
5.826536, -0.417364, -3.133751, 0.500000
5.826536, -0.417364, -3.133751, 0.500000
5.821536, -0.417403, -3.133751, 0.500000
5.821536, -0.417403, -3.133751, 0.500000
5.821536, -0.417403, -3.133751, 0.500000
5.816536, -0.417443, -3.133751, 0.500000
5.816536, -0.417443, -3.133751, 0.500000
5.811536, -0.417482, -3.133751, 0.500000
5.811536, -0.417482, -3.133751, 0.500000
5.811536, -0.417482, -3.133751, 0.500000
5.806536, -0.417521, -3.133751, 0.500000
5.806536, -0.417521, -3.133751, 0.500000
5.801536, -0.417560, -3.133751, 0.500000
5.801536, -0.417560, -3.133751, 0.500000
5.796537, -0.417599, -3.133751, 0.500000
5.796537, -0.417599, -3.133751, 0.500000
5.791537, -0.417639, -3.133751, 0.500000
5.791537, -0.417639, -3.133751, 0.500000
5.791537, -0.417639, -3.133751, 0.500000
5.786537, -0.417678, -3.133751, 0.500000
5.786537, -0.417678, -3.133751, 0.500000
5.781537, -0.417717, -3.133751, 0.500000
5.781537, -0.417717, -3.133751, 0.500000
5.781537, -0.417717, -3.133751, 0.500000
5.776537, -0.417756, -3.133751, 0.500000
5.776537, -0.417756, -3.133751, 0.500000
5.771537, -0.417796, -3.133751, 0.500000
5.771537, -0.417796, -3.133751, 0.500000
5.771537, -0.417796, -3.133751, 0.500000
5.766538, -0.417835, -3.133751, 0.500000
5.766538, -0.417835, -3.133751, 0.500000
5.761538, -0.417874, -3.133751, 0.500000
5.761538, -0.417874, -3.133751, 0.500000
5.761538, -0.417874, -3.133751, 0.500000
5.756538, -0.417913, -3.133751, 0.500000
5.756538, -0.417913, -3.133751, 0.500000
5.751538, -0.417952, -3.133751, 0.500000
5.751538, -0.417952, -3.133751, 0.500000
5.751538, -0.417952, -3.133751, 0.500000
5.746538, -0.417992, -3.133751, 0.500000
5.746538, -0.417992, -3.133751, 0.500000
5.741538, -0.418031, -3.133751, 0.500000
5.741538, -0.418031, -3.133751, 0.500000
5.741538, -0.418031, -3.133751, 0.500000
5.736538, -0.418070, -3.133751, 0.500000
5.736538, -0.418070, -3.133751, 0.500000
5.731539, -0.418109, -3.133751, 0.500000
5.731539, -0.418109, -3.133751, 0.500000
5.731539, -0.418109, -3.133751, 0.500000
5.726539, -0.418148, -3.133751, 0.500000
5.726539, -0.418148, -3.133751, 0.500000
5.721539, -0.418188, -3.133751, 0.500000
5.721539, -0.418188, -3.133751, 0.500000
5.721539, -0.418188, -3.133751, 0.500000
5.716539, -0.418227, -3.133751, 0.500000
5.716539, -0.418227, -3.133751, 0.500000
5.711539, -0.418266, -3.133751, 0.500000
5.711539, -0.418266, -3.133751, 0.500000
5.706539, -0.418305, -3.133751, 0.500000
5.706539, -0.418305, -3.133751, 0.500000
5.701540, -0.418344, -3.133751, 0.500000
5.701540, -0.418344, -3.133751, 0.500000
5.701540, -0.418344, -3.133751, 0.500000
5.696540, -0.418384, -3.133751, 0.500000
5.696540, -0.418384, -3.133751, 0.500000
5.691540, -0.418423, -3.133751, 0.500000
5.691540, -0.418423, -3.133751, 0.500000
5.686540, -0.418462, -3.133751, 0.500000
5.686540, -0.418462, -3.133751, 0.500000
5.681540, -0.418501, -3.133751, 0.500000
5.681540, -0.418501, -3.133751, 0.500000
5.681540, -0.418501, -3.133751, 0.500000
5.676540, -0.418540, -3.133751, 0.500000
5.676540, -0.418540, -3.133751, 0.500000
5.671540, -0.418580, -3.133751, 0.500000
5.671540, -0.418580, -3.133751, 0.500000
5.671540, -0.418580, -3.133751, 0.500000
5.666541, -0.418619, -3.133751, 0.500000
5.666541, -0.418619, -3.133751, 0.500000
5.661541, -0.418658, -3.133751, 0.500000
5.661541, -0.418658, -3.133751, 0.500000
5.661541, -0.418658, -3.133751, 0.500000
5.656541, -0.418697, -3.133751, 0.500000
5.656541, -0.418697, -3.133751, 0.500000
5.651541, -0.418736, -3.133751, 0.500000
5.651541, -0.418736, -3.133751, 0.500000
5.651541, -0.418736, -3.133751, 0.500000
5.646541, -0.418776, -3.133751, 0.500000
5.646541, -0.418776, -3.133751, 0.500000
5.641541, -0.418815, -3.133751, 0.500000
5.641541, -0.418815, -3.133751, 0.500000
5.636542, -0.418854, -3.133751, 0.500000
5.636542, -0.418854, -3.133751, 0.500000
5.631542, -0.418893, -3.133751, 0.500000
5.631542, -0.418893, -3.133751, 0.500000
5.631542, -0.418893, -3.133751, 0.500000
5.626542, -0.418932, -3.133751, 0.500000
5.626542, -0.418932, -3.133751, 0.500000
5.621542, -0.418972, -3.133751, 0.500000
5.621542, -0.418972, -3.133751, 0.500000
5.621542, -0.418972, -3.133751, 0.500000
5.616542, -0.419011, -3.133751, 0.500000
5.616542, -0.419011, -3.133751, 0.500000
5.611542, -0.419050, -3.133751, 0.500000
5.611542, -0.419050, -3.133751, 0.500000
5.611542, -0.419050, -3.133751, 0.500000
5.606542, -0.419089, -3.133751, 0.500000
5.606542, -0.419089, -3.133751, 0.500000
5.601543, -0.419129, -3.133751, 0.500000
5.601543, -0.419129, -3.133751, 0.500000
5.601543, -0.419129, -3.133751, 0.500000
5.596543, -0.419168, -3.133751, 0.500000
5.596543, -0.419168, -3.133751, 0.500000
5.591543, -0.419207, -3.133751, 0.500000
5.591543, -0.419207, -3.133751, 0.500000
5.591543, -0.419207, -3.133751, 0.500000
5.586543, -0.419246, -3.133751, 0.500000
5.586543, -0.419246, -3.133751, 0.500000
5.581543, -0.419285, -3.133751, 0.500000
5.581543, -0.419285, -3.133751, 0.500000
5.581543, -0.419285, -3.133751, 0.500000
5.576543, -0.419325, -3.133751, 0.500000
5.576543, -0.419325, -3.133751, 0.500000
5.571544, -0.419364, -3.133751, 0.500000
5.571544, -0.419364, -3.133751, 0.500000
5.571544, -0.419364, -3.133751, 0.500000
5.566544, -0.419403, -3.133751, 0.500000
5.566544, -0.419403, -3.133751, 0.500000
5.561544, -0.419442, -3.133751, 0.500000
5.561544, -0.419442, -3.133751, 0.500000
5.561544, -0.419442, -3.133751, 0.500000
5.556544, -0.419481, -3.133751, 0.500000
5.556544, -0.419481, -3.133751, 0.500000
5.551544, -0.419521, -3.133751, 0.500000
5.551544, -0.419521, -3.133751, 0.500000
5.551544, -0.419521, -3.133751, 0.500000
5.546544, -0.419560, -3.133751, 0.500000
5.546544, -0.419560, -3.133751, 0.500000
5.541544, -0.419599, -3.133751, 0.500000
5.541544, -0.419599, -3.133751, 0.500000
5.541544, -0.419599, -3.133751, 0.500000
5.536545, -0.419638, -3.133751, 0.500000
5.536545, -0.419638, -3.133751, 0.500000
5.531545, -0.419677, -3.133751, 0.500000
5.531545, -0.419677, -3.133751, 0.500000
5.531545, -0.419677, -3.133751, 0.500000
5.526545, -0.419717, -3.133751, 0.500000
5.526545, -0.419717, -3.133751, 0.500000
5.521545, -0.419756, -3.133751, 0.500000
5.521545, -0.419756, -3.133751, 0.500000
5.521545, -0.419756, -3.133751, 0.500000
5.516545, -0.419795, -3.133751, 0.500000
5.516545, -0.419795, -3.133751, 0.500000
5.511545, -0.419834, -3.133751, 0.500000
5.511545, -0.419834, -3.133751, 0.500000
5.511545, -0.419834, -3.133751, 0.500000
5.506546, -0.419873, -3.133751, 0.500000
5.506546, -0.419873, -3.133751, 0.500000
5.501546, -0.419913, -3.133751, 0.500000
5.501546, -0.419913, -3.133751, 0.500000
5.496546, -0.419952, -3.133751, 0.500000
5.496546, -0.419952, -3.133751, 0.500000
5.496546, -0.419952, -3.133751, 0.500000
5.491546, -0.419991, -3.133751, 0.500000
5.491546, -0.419991, -3.133751, 0.500000
5.491546, -0.419991, -3.133751, 0.500000
5.486546, -0.420030, -3.133751, 0.500000
5.486546, -0.420030, -3.133751, 0.500000
5.481546, -0.420069, -3.133751, 0.500000
5.481546, -0.420069, -3.133751, 0.500000
5.476546, -0.420109, -3.133751, 0.500000
5.476546, -0.420109, -3.133751, 0.500000
5.471547, -0.420148, -3.133751, 0.500000
5.471547, -0.420148, -3.133751, 0.500000
5.471547, -0.420148, -3.133751, 0.500000
5.466547, -0.420187, -3.133751, 0.500000
5.466547, -0.420187, -3.133751, 0.500000
5.461547, -0.420226, -3.133751, 0.500000
5.461547, -0.420226, -3.133751, 0.500000
5.461547, -0.420226, -3.133751, 0.500000
5.456547, -0.420265, -3.133751, 0.500000
5.456547, -0.420265, -3.133751, 0.500000
5.451547, -0.420305, -3.133751, 0.500000
5.451547, -0.420305, -3.133751, 0.500000
5.451547, -0.420305, -3.133751, 0.500000
5.446547, -0.420344, -3.133751, 0.500000
5.446547, -0.420344, -3.133751, 0.500000
5.441548, -0.420383, -3.133751, 0.500000
5.441548, -0.420383, -3.133751, 0.500000
5.441548, -0.420383, -3.133751, 0.500000
5.436548, -0.420422, -3.133751, 0.500000
5.436548, -0.420422, -3.133751, 0.500000
5.431548, -0.420462, -3.133751, 0.500000
5.431548, -0.420462, -3.133751, 0.500000
5.431548, -0.420462, -3.133751, 0.500000
5.426548, -0.420501, -3.133751, 0.500000
5.426548, -0.420501, -3.133751, 0.500000
5.421548, -0.420540, -3.133751, 0.500000
5.421548, -0.420540, -3.133751, 0.500000
5.421548, -0.420540, -3.133751, 0.500000
5.416548, -0.420579, -3.133751, 0.500000
5.411548, -0.420618, -3.133751, 0.500000
5.411548, -0.420618, -3.133751, 0.500000
5.411548, -0.420618, -3.133751, 0.500000
5.406549, -0.420658, -3.133751, 0.500000
5.406549, -0.420658, -3.133751, 0.500000
5.401549, -0.420697, -3.133751, 0.500000
5.401549, -0.420697, -3.133751, 0.500000
5.401549, -0.420697, -3.133751, 0.500000
5.396549, -0.420736, -3.133751, 0.500000
5.396549, -0.420736, -3.133751, 0.500000
5.391549, -0.420775, -3.133751, 0.500000
5.391549, -0.420775, -3.133751, 0.500000
5.391549, -0.420775, -3.133751, 0.500000
5.386549, -0.420814, -3.133751, 0.500000
5.386549, -0.420814, -3.133751, 0.500000
5.381549, -0.420854, -3.133751, 0.500000
5.381549, -0.420854, -3.133751, 0.500000
5.376550, -0.420893, -3.133751, 0.500000
5.376550, -0.420893, -3.133751, 0.500000
5.371550, -0.420932, -3.133751, 0.500000
5.371550, -0.420932, -3.133751, 0.500000
5.371550, -0.420932, -3.133751, 0.500000
5.366550, -0.420971, -3.133751, 0.500000
5.366550, -0.420971, -3.133751, 0.500000
5.361550, -0.421010, -3.133751, 0.500000
5.361550, -0.421010, -3.133751, 0.500000
5.361550, -0.421010, -3.133751, 0.500000
5.356550, -0.421050, -3.133751, 0.500000
5.356550, -0.421050, -3.133751, 0.500000
5.351550, -0.421089, -3.133751, 0.500000
5.351550, -0.421089, -3.133751, 0.500000
5.351550, -0.421089, -3.133751, 0.500000
5.346550, -0.421128, -3.133751, 0.500000
5.346550, -0.421128, -3.133751, 0.500000
5.341551, -0.421167, -3.133751, 0.500000
5.341551, -0.421167, -3.133751, 0.500000
5.341551, -0.421167, -3.133751, 0.500000
5.336551, -0.421206, -3.133751, 0.500000
5.336551, -0.421206, -3.133751, 0.500000
5.331551, -0.421246, -3.133751, 0.500000
5.331551, -0.421246, -3.133751, 0.500000
5.331551, -0.421246, -3.133751, 0.500000
5.326551, -0.421285, -3.133751, 0.500000
5.326551, -0.421285, -3.133751, 0.500000
5.321551, -0.421324, -3.133751, 0.500000
5.321551, -0.421324, -3.133751, 0.500000
5.321551, -0.421324, -3.133751, 0.500000
5.316551, -0.421363, -3.133751, 0.500000
5.316551, -0.421363, -3.133751, 0.500000
5.311552, -0.421402, -3.133751, 0.500000
5.311552, -0.421402, -3.133751, 0.500000
5.311552, -0.421402, -3.133751, 0.500000
5.306552, -0.421442, -3.133751, 0.500000
5.306552, -0.421442, -3.133751, 0.500000
5.301552, -0.421481, -3.133751, 0.500000
5.301552, -0.421481, -3.133751, 0.500000
5.301552, -0.421481, -3.133751, 0.500000
5.296552, -0.421520, -3.133751, 0.500000
5.296552, -0.421520, -3.133751, 0.500000
5.291552, -0.421559, -3.133751, 0.500000
5.291552, -0.421559, -3.133751, 0.500000
5.291552, -0.421559, -3.133751, 0.500000
5.286552, -0.421599, -3.133751, 0.500000
5.286552, -0.421599, -3.133751, 0.500000
5.281552, -0.421638, -3.133751, 0.500000
5.281552, -0.421638, -3.133751, 0.500000
5.281552, -0.421638, -3.133751, 0.500000
5.276553, -0.421677, -3.133751, 0.500000
5.276553, -0.421677, -3.133751, 0.500000
5.271553, -0.421716, -3.133751, 0.500000
5.271553, -0.421716, -3.133751, 0.500000
5.271553, -0.421716, -3.133751, 0.500000
5.266553, -0.421755, -3.133751, 0.500000
5.266553, -0.421755, -3.133751, 0.500000
5.261553, -0.421795, -3.133751, 0.500000
5.261553, -0.421795, -3.133751, 0.500000
5.261553, -0.421795, -3.133751, 0.500000
5.256553, -0.421834, -3.133751, 0.500000
5.256553, -0.421834, -3.133751, 0.500000
5.251553, -0.421873, -3.133751, 0.500000
5.251553, -0.421873, -3.133751, 0.500000
5.251553, -0.421873, -3.133751, 0.500000
5.246554, -0.421912, -3.133751, 0.500000
5.246554, -0.421912, -3.133751, 0.500000
5.241554, -0.421951, -3.133751, 0.500000
5.241554, -0.421951, -3.133751, 0.500000
5.236554, -0.421991, -3.133751, 0.500000
5.236554, -0.421991, -3.133751, 0.500000
5.231554, -0.422030, -3.133751, 0.500000
5.231554, -0.422030, -3.133751, 0.500000
5.231554, -0.422030, -3.133751, 0.500000
5.226554, -0.422069, -3.133751, 0.500000
5.226554, -0.422069, -3.133751, 0.500000
5.221554, -0.422108, -3.133751, 0.500000
5.221554, -0.422108, -3.133751, 0.500000
5.216554, -0.422147, -3.133751, 0.500000
5.216554, -0.422147, -3.133751, 0.500000
5.211555, -0.422187, -3.133751, 0.500000
5.211555, -0.422187, -3.133751, 0.500000
5.211555, -0.422187, -3.133751, 0.500000
5.206555, -0.422226, -3.133751, 0.500000
5.206555, -0.422226, -3.133751, 0.500000
5.201555, -0.422265, -3.133751, 0.500000
5.201555, -0.422265, -3.133751, 0.500000
5.201555, -0.422265, -3.133751, 0.500000
5.196555, -0.422304, -3.133751, 0.500000
5.196555, -0.422304, -3.133751, 0.500000
5.191555, -0.422343, -3.133751, 0.500000
5.191555, -0.422343, -3.133751, 0.500000
5.191555, -0.422343, -3.133751, 0.500000
5.186555, -0.422383, -3.133751, 0.500000
5.186555, -0.422383, -3.133751, 0.500000
5.181556, -0.422422, -3.133751, 0.500000
5.181556, -0.422422, -3.133751, 0.500000
5.176556, -0.422461, -3.133751, 0.500000
5.176556, -0.422461, -3.133751, 0.500000
5.171556, -0.422500, -3.133751, 0.500000
5.171556, -0.422500, -3.133751, 0.500000
5.171556, -0.422500, -3.133751, 0.500000
5.166556, -0.422539, -3.133751, 0.500000
5.166556, -0.422539, -3.133751, 0.500000
5.161556, -0.422579, -3.133751, 0.500000
5.161556, -0.422579, -3.133751, 0.500000
5.156556, -0.422618, -3.133751, 0.500000
5.156556, -0.422618, -3.133751, 0.500000
5.151556, -0.422657, -3.133751, 0.500000
5.151556, -0.422657, -3.133751, 0.500000
5.146557, -0.422696, -3.133751, 0.500000
5.146557, -0.422696, -3.133751, 0.500000
5.141557, -0.422735, -3.133751, 0.500000
5.141557, -0.422735, -3.133751, 0.500000
5.141557, -0.422735, -3.133751, 0.500000
5.136557, -0.422775, -3.133751, 0.500000
5.136557, -0.422775, -3.133751, 0.500000
5.131557, -0.422814, -3.133751, 0.500000
5.126557, -0.422853, -3.133751, 0.500000
5.126557, -0.422853, -3.133751, 0.500000
5.126557, -0.422853, -3.133751, 0.500000
5.121557, -0.422892, -3.133751, 0.500000
5.121557, -0.422892, -3.133751, 0.500000
5.121557, -0.422892, -3.133751, 0.500000
5.116558, -0.422932, -3.133751, 0.500000
5.116558, -0.422932, -3.133751, 0.500000
5.111558, -0.422971, -3.133751, 0.500000
5.111558, -0.422971, -3.133751, 0.500000
5.111558, -0.422971, -3.133751, 0.500000
5.106558, -0.423010, -3.133751, 0.500000
5.106558, -0.423010, -3.133751, 0.500000
5.101558, -0.423049, -3.133751, 0.500000
5.101558, -0.423049, -3.133751, 0.500000
5.101558, -0.423049, -3.133751, 0.500000
5.096558, -0.423088, -3.133751, 0.500000
5.096558, -0.423088, -3.133751, 0.500000
5.091558, -0.423128, -3.133751, 0.500000
5.091558, -0.423128, -3.133751, 0.500000
5.091558, -0.423128, -3.133751, 0.500000
5.086558, -0.423167, -3.133751, 0.500000
5.086558, -0.423167, -3.133751, 0.500000
5.081559, -0.423206, -3.133751, 0.500000
5.081559, -0.423206, -3.133751, 0.500000
5.076559, -0.423245, -3.133751, 0.500000
5.076559, -0.423245, -3.133751, 0.500000
5.071559, -0.423284, -3.133751, 0.500000
5.071559, -0.423284, -3.133751, 0.500000
5.071559, -0.423284, -3.133751, 0.500000
5.066559, -0.423324, -3.133751, 0.500000
5.066559, -0.423324, -3.133751, 0.500000
5.061559, -0.423363, -3.133751, 0.500000
5.061559, -0.423363, -3.133751, 0.500000
5.061559, -0.423363, -3.133751, 0.500000
5.056559, -0.423402, -3.133751, 0.500000
5.056559, -0.423402, -3.133751, 0.500000
5.051560, -0.423441, -3.133751, 0.500000
5.051560, -0.423441, -3.133751, 0.500000
5.046560, -0.423480, -3.133751, 0.500000
5.046560, -0.423480, -3.133751, 0.500000
5.046560, -0.423480, -3.133751, 0.500000
5.041560, -0.423520, -3.133751, 0.500000
5.041560, -0.423520, -3.133751, 0.500000
5.041560, -0.423520, -3.133751, 0.500000
5.036560, -0.423559, -3.133751, 0.500000
5.036560, -0.423559, -3.133751, 0.500000
5.031560, -0.423598, -3.133751, 0.500000
5.031560, -0.423598, -3.133751, 0.500000
5.026560, -0.423637, -3.133751, 0.500000
5.026560, -0.423637, -3.133751, 0.500000
5.021560, -0.423676, -3.133751, 0.500000
5.021560, -0.423676, -3.133751, 0.500000
5.021560, -0.423676, -3.133751, 0.500000
5.016561, -0.423716, -3.133751, 0.500000
5.016561, -0.423716, -3.133751, 0.500000
5.011561, -0.423755, -3.133751, 0.500000
5.011561, -0.423755, -3.133751, 0.500000
5.011561, -0.423755, -3.133751, 0.500000
5.006561, -0.423794, -3.133751, 0.500000
5.006561, -0.423794, -3.133751, 0.500000
5.001561, -0.423833, -3.133751, 0.500000
5.001561, -0.423833, -3.133751, 0.500000
5.001561, -0.423833, -3.133751, 0.500000
4.996561, -0.423872, -3.133751, 0.500000
4.996561, -0.423872, -3.133751, 0.500000
4.991561, -0.423912, -3.133751, 0.500000
4.991561, -0.423912, -3.133751, 0.500000
4.991561, -0.423912, -3.133751, 0.500000
4.986562, -0.423951, -3.133751, 0.500000
4.986562, -0.423951, -3.133751, 0.500000
4.981562, -0.423990, -3.133751, 0.500000
4.981562, -0.423990, -3.133751, 0.500000
4.981562, -0.423990, -3.133751, 0.500000
4.976562, -0.424029, -3.133751, 0.500000
4.976562, -0.424029, -3.133751, 0.500000
4.971562, -0.424068, -3.133751, 0.500000
4.971562, -0.424068, -3.133751, 0.500000
4.971562, -0.424068, -3.133751, 0.500000
4.966562, -0.424108, -3.133751, 0.500000
4.966562, -0.424108, -3.133751, 0.500000
4.961562, -0.424147, -3.133751, 0.500000
4.961562, -0.424147, -3.133751, 0.500000
4.961562, -0.424147, -3.133751, 0.500000
4.956562, -0.424186, -3.133751, 0.500000
4.956562, -0.424186, -3.133751, 0.500000
4.951563, -0.424225, -3.133751, 0.500000
4.951563, -0.424225, -3.133751, 0.500000
4.951563, -0.424225, -3.133751, 0.500000
4.946563, -0.424265, -3.133751, 0.500000
4.946563, -0.424265, -3.133751, 0.500000
4.941563, -0.424304, -3.133751, 0.500000
4.941563, -0.424304, -3.133751, 0.500000
4.941563, -0.424304, -3.133751, 0.500000
4.936563, -0.424343, -3.133751, 0.500000
4.936563, -0.424343, -3.133751, 0.500000
4.931563, -0.424382, -3.133751, 0.500000
4.931563, -0.424382, -3.133751, 0.500000
4.931563, -0.424382, -3.133751, 0.500000
4.926563, -0.424421, -3.133751, 0.500000
4.926563, -0.424421, -3.133751, 0.500000
4.921564, -0.424461, -3.133751, 0.500000
4.921564, -0.424461, -3.133751, 0.500000
4.921564, -0.424461, -3.133751, 0.500000
4.916564, -0.424500, -3.133751, 0.500000
4.916564, -0.424500, -3.133751, 0.500000
4.911564, -0.424539, -3.133751, 0.500000
4.911564, -0.424539, -3.133751, 0.500000
4.906564, -0.424578, -3.133751, 0.500000
4.906564, -0.424578, -3.133751, 0.500000
4.901564, -0.424617, -3.133751, 0.500000
4.901564, -0.424617, -3.133751, 0.500000
4.901564, -0.424617, -3.133751, 0.500000
4.896564, -0.424657, -3.133751, 0.500000
4.896564, -0.424657, -3.133751, 0.500000
4.891564, -0.424696, -3.133751, 0.500000
4.891564, -0.424696, -3.133751, 0.500000
4.886565, -0.424735, -3.133751, 0.500000
4.886565, -0.424735, -3.133751, 0.500000
4.881565, -0.424774, -3.133751, 0.500000
4.881565, -0.424774, -3.133751, 0.500000
4.881565, -0.424774, -3.133751, 0.500000
4.876565, -0.424813, -3.133751, 0.500000
4.876565, -0.424813, -3.133751, 0.500000
4.871565, -0.424853, -3.133751, 0.500000
4.871565, -0.424853, -3.133751, 0.500000
4.871565, -0.424853, -3.133751, 0.500000
4.866565, -0.424892, -3.133751, 0.500000
4.866565, -0.424892, -3.133751, 0.500000
4.861565, -0.424931, -3.133751, 0.500000
4.861565, -0.424931, -3.133751, 0.500000
4.861565, -0.424931, -3.133751, 0.500000
4.856566, -0.424970, -3.133751, 0.500000
4.856566, -0.424970, -3.133751, 0.500000
4.851566, -0.425009, -3.133751, 0.500000
4.851566, -0.425009, -3.133751, 0.500000
4.851566, -0.425009, -3.133751, 0.500000
4.846566, -0.425049, -3.133751, 0.500000
4.846566, -0.425049, -3.133751, 0.500000
4.841566, -0.425088, -3.133751, 0.500000
4.841566, -0.425088, -3.133751, 0.500000
4.841566, -0.425088, -3.133751, 0.500000
4.836566, -0.425127, -3.133751, 0.500000
4.836566, -0.425127, -3.133751, 0.500000
4.831566, -0.425166, -3.133751, 0.500000
4.831566, -0.425166, -3.133751, 0.500000
4.831566, -0.425166, -3.133751, 0.500000
4.826566, -0.425205, -3.133751, 0.500000
4.826566, -0.425205, -3.133751, 0.500000
4.821567, -0.425245, -3.133751, 0.500000
4.821567, -0.425245, -3.133751, 0.500000
4.816567, -0.425284, -3.133751, 0.500000
4.816567, -0.425284, -3.133751, 0.500000
4.811567, -0.425323, -3.133751, 0.500000
4.811567, -0.425323, -3.133751, 0.500000
4.811567, -0.425323, -3.133751, 0.500000
4.806567, -0.425362, -3.133751, 0.500000
4.806567, -0.425362, -3.133751, 0.500000
4.801567, -0.425401, -3.133751, 0.500000
4.801567, -0.425401, -3.133751, 0.500000
4.801567, -0.425401, -3.133751, 0.500000
4.796567, -0.425441, -3.133751, 0.500000
4.796567, -0.425441, -3.133751, 0.500000
4.791568, -0.425480, -3.133751, 0.500000
4.791568, -0.425480, -3.133751, 0.500000
4.791568, -0.425480, -3.133751, 0.500000
4.786568, -0.425519, -3.133751, 0.500000
4.786568, -0.425519, -3.133751, 0.500000
4.781568, -0.425558, -3.133751, 0.500000
4.781568, -0.425558, -3.133751, 0.500000
4.781568, -0.425558, -3.133751, 0.500000
4.776568, -0.425598, -3.133751, 0.500000
4.776568, -0.425598, -3.133751, 0.500000
4.771568, -0.425637, -3.133751, 0.500000
4.771568, -0.425637, -3.133751, 0.500000
4.771568, -0.425637, -3.133751, 0.500000
4.766568, -0.425676, -3.133751, 0.500000
4.766568, -0.425676, -3.133751, 0.500000
4.761568, -0.425715, -3.133751, 0.500000
4.761568, -0.425715, -3.133751, 0.500000
4.756569, -0.425754, -3.133751, 0.500000
4.756569, -0.425754, -3.133751, 0.500000
4.751569, -0.425794, -3.133751, 0.500000
4.751569, -0.425794, -3.133751, 0.500000
4.751569, -0.425794, -3.133751, 0.500000
4.746569, -0.425833, -3.133751, 0.500000
4.746569, -0.425833, -3.133751, 0.500000
4.741569, -0.425872, -3.133751, 0.500000
4.741569, -0.425872, -3.133751, 0.500000
4.741569, -0.425872, -3.133751, 0.500000
4.736569, -0.425911, -3.133751, 0.500000
4.736569, -0.425911, -3.133751, 0.500000
4.731569, -0.425950, -3.133751, 0.500000
4.731569, -0.425950, -3.133751, 0.500000
4.731569, -0.425950, -3.133751, 0.500000
4.726570, -0.425990, -3.133751, 0.500000
4.726570, -0.425990, -3.133751, 0.500000
4.721570, -0.426029, -3.133751, 0.500000
4.721570, -0.426029, -3.133751, 0.500000
4.721570, -0.426029, -3.133751, 0.500000
4.716570, -0.426068, -3.133751, 0.500000
4.716570, -0.426068, -3.133751, 0.500000
4.711570, -0.426107, -3.133751, 0.500000
4.711570, -0.426107, -3.133751, 0.500000
4.711570, -0.426107, -3.133751, 0.500000
4.706570, -0.426146, -3.133751, 0.500000
4.706570, -0.426146, -3.133751, 0.500000
4.701570, -0.426186, -3.133751, 0.500000
4.701570, -0.426186, -3.133751, 0.500000
4.701570, -0.426186, -3.133751, 0.500000
4.696570, -0.426225, -3.133751, 0.500000
4.696570, -0.426225, -3.133751, 0.500000
4.691571, -0.426264, -3.133751, 0.500000
4.691571, -0.426264, -3.133751, 0.500000
4.691571, -0.426264, -3.133751, 0.500000
4.686571, -0.426303, -3.133751, 0.500000
4.686571, -0.426303, -3.133751, 0.500000
4.681571, -0.426342, -3.133751, 0.500000
4.681571, -0.426342, -3.133751, 0.500000
4.681571, -0.426342, -3.133751, 0.500000
4.676571, -0.426382, -3.133751, 0.500000
4.676571, -0.426382, -3.133751, 0.500000
4.671571, -0.426421, -3.133751, 0.500000
4.671571, -0.426421, -3.133751, 0.500000
4.666571, -0.426460, -3.133751, 0.500000
4.666571, -0.426460, -3.133751, 0.500000
4.661572, -0.426499, -3.133751, 0.500000
4.661572, -0.426499, -3.133751, 0.500000
4.661572, -0.426499, -3.133751, 0.500000
4.656572, -0.426538, -3.133751, 0.500000
4.656572, -0.426538, -3.133751, 0.500000
4.651572, -0.426578, -3.133751, 0.500000
4.651572, -0.426578, -3.133751, 0.500000
4.651572, -0.426578, -3.133751, 0.500000
4.646572, -0.426617, -3.133751, 0.500000
4.646572, -0.426617, -3.133751, 0.500000
4.641572, -0.426656, -3.133751, 0.500000
4.641572, -0.426656, -3.133751, 0.500000
4.641572, -0.426656, -3.133751, 0.500000
4.636572, -0.426695, -3.133751, 0.500000
4.636572, -0.426695, -3.133751, 0.500000
4.631572, -0.426735, -3.133751, 0.500000
4.631572, -0.426735, -3.133751, 0.500000
4.631572, -0.426735, -3.133751, 0.500000
4.626573, -0.426774, -3.133751, 0.500000
4.626573, -0.426774, -3.133751, 0.500000
4.621573, -0.426813, -3.133751, 0.500000
4.621573, -0.426813, -3.133751, 0.500000
4.621573, -0.426813, -3.133751, 0.500000
4.616573, -0.426852, -3.133751, 0.500000
4.616573, -0.426852, -3.133751, 0.500000
4.611573, -0.426891, -3.133751, 0.500000
4.611573, -0.426891, -3.133751, 0.500000
4.611573, -0.426891, -3.133751, 0.500000
4.606573, -0.426931, -3.133751, 0.500000
4.606573, -0.426931, -3.133751, 0.500000
4.601573, -0.426970, -3.133751, 0.500000
4.601573, -0.426970, -3.133751, 0.500000
4.601573, -0.426970, -3.133751, 0.500000
4.596574, -0.427009, -3.133751, 0.500000
4.596574, -0.427009, -3.133751, 0.500000
4.591574, -0.427048, -3.133751, 0.500000
4.591574, -0.427048, -3.133751, 0.500000
4.591574, -0.427048, -3.133751, 0.500000
4.586574, -0.427087, -3.133751, 0.500000
4.586574, -0.427087, -3.133751, 0.500000
4.581574, -0.427127, -3.133751, 0.500000
4.581574, -0.427127, -3.133751, 0.500000
4.581574, -0.427127, -3.133751, 0.500000
4.576574, -0.427166, -3.133751, 0.500000
4.576574, -0.427166, -3.133751, 0.500000
4.571574, -0.427205, -3.133751, 0.500000
4.571574, -0.427205, -3.133751, 0.500000
4.571574, -0.427205, -3.133751, 0.500000
4.566574, -0.427244, -3.133751, 0.500000
4.566574, -0.427244, -3.133751, 0.500000
4.561575, -0.427283, -3.133751, 0.500000
4.561575, -0.427283, -3.133751, 0.500000
4.561575, -0.427283, -3.133751, 0.500000
4.556575, -0.427323, -3.133751, 0.500000
4.556575, -0.427323, -3.133751, 0.500000
4.551575, -0.427362, -3.133751, 0.500000
4.551575, -0.427362, -3.133751, 0.500000
4.551575, -0.427362, -3.133751, 0.500000
4.546575, -0.427401, -3.133751, 0.500000
4.546575, -0.427401, -3.133751, 0.500000
4.541575, -0.427440, -3.133751, 0.500000
4.541575, -0.427440, -3.133751, 0.500000
4.541575, -0.427440, -3.133751, 0.500000
4.536575, -0.427479, -3.133751, 0.500000
4.536575, -0.427479, -3.133751, 0.500000
4.531576, -0.427519, -3.133751, 0.500000
4.531576, -0.427519, -3.133751, 0.500000
4.531576, -0.427519, -3.133751, 0.500000
4.526576, -0.427558, -3.133751, 0.500000
4.526576, -0.427558, -3.133751, 0.500000
4.521576, -0.427597, -3.133751, 0.500000
4.521576, -0.427597, -3.133751, 0.500000
4.521576, -0.427597, -3.133751, 0.500000
4.516576, -0.427636, -3.133751, 0.500000
4.516576, -0.427636, -3.133751, 0.500000
4.511576, -0.427675, -3.133751, 0.500000
4.511576, -0.427675, -3.133751, 0.500000
4.511576, -0.427675, -3.133751, 0.500000
4.506576, -0.427715, -3.133751, 0.500000
4.506576, -0.427715, -3.133751, 0.500000
4.501576, -0.427754, -3.133751, 0.500000
4.501576, -0.427754, -3.133751, 0.500000
4.501576, -0.427754, -3.133751, 0.500000
4.496577, -0.427793, -3.133751, 0.500000
4.496577, -0.427793, -3.133751, 0.500000
4.491577, -0.427832, -3.133751, 0.500000
4.491577, -0.427832, -3.133751, 0.500000
4.486577, -0.427871, -3.133751, 0.500000
4.486577, -0.427871, -3.133751, 0.500000
4.481577, -0.427911, -3.133751, 0.500000
4.481577, -0.427911, -3.133751, 0.500000
4.481577, -0.427911, -3.133751, 0.500000
4.476577, -0.427950, -3.133751, 0.500000
4.476577, -0.427950, -3.133751, 0.500000
4.471577, -0.427989, -3.133751, 0.500000
4.471577, -0.427989, -3.133751, 0.500000
4.471577, -0.427989, -3.133751, 0.500000
4.466578, -0.428028, -3.133751, 0.500000
4.466578, -0.428028, -3.133751, 0.500000
4.461578, -0.428068, -3.133751, 0.500000
4.461578, -0.428068, -3.133751, 0.500000
4.461578, -0.428068, -3.133751, 0.500000
4.456578, -0.428107, -3.133751, 0.500000
4.456578, -0.428107, -3.133751, 0.500000
4.451578, -0.428146, -3.133751, 0.500000
4.451578, -0.428146, -3.133751, 0.500000
4.451578, -0.428146, -3.133751, 0.500000
4.446578, -0.428185, -3.133751, 0.500000
4.446578, -0.428185, -3.133751, 0.500000
4.441578, -0.428224, -3.133751, 0.500000
4.441578, -0.428224, -3.133751, 0.500000
4.441578, -0.428224, -3.133751, 0.500000
4.436578, -0.428263, -3.133994, 0.500000
4.436578, -0.428263, -3.133994, 0.500000
4.431579, -0.428300, -3.134721, 0.500000
4.431579, -0.428300, -3.134721, 0.500000
4.431579, -0.428300, -3.134721, 0.500000
4.426579, -0.428331, -3.135935, 0.500000
4.421579, -0.428355, -3.137638, 0.500000
4.421579, -0.428355, -3.137638, 0.500000
4.416579, -0.428370, -3.139834, 0.500000
4.416579, -0.428370, -3.139834, 0.500000
4.411579, -0.428372, 3.140658, 0.500000
4.411579, -0.428372, 3.140658, 0.500000
4.411579, -0.428372, 3.140658, 0.500000
4.406579, -0.428360, 3.137462, 0.500000
4.406579, -0.428360, 3.137462, 0.500000
4.401579, -0.428330, 3.133756, 0.500000
4.401579, -0.428330, 3.133756, 0.500000
4.401579, -0.428330, 3.133756, 0.500000
4.396579, -0.428280, 3.129532, 0.500000
4.396579, -0.428280, 3.129532, 0.500000
4.391580, -0.428208, 3.124781, 0.500000
4.391580, -0.428208, 3.124781, 0.500000
4.391580, -0.428208, 3.124781, 0.500000
4.386581, -0.428112, 3.120030, 0.500000
4.386581, -0.428112, 3.120030, 0.500000
4.381582, -0.427993, 3.115279, 0.500000
4.381582, -0.427993, 3.115279, 0.500000
4.376584, -0.427849, 3.110528, 0.500000
4.376584, -0.427849, 3.110528, 0.500000
4.371587, -0.427682, 3.105777, 0.500000
4.371587, -0.427682, 3.105777, 0.500000
4.371587, -0.427682, 3.105777, 0.500000
4.366591, -0.427491, 3.101026, 0.500000
4.366591, -0.427491, 3.101026, 0.500000
4.361595, -0.427277, 3.096275, 0.500000
4.361595, -0.427277, 3.096275, 0.500000
4.361595, -0.427277, 3.096275, 0.500000
4.356601, -0.427038, 3.091524, 0.500000
4.356601, -0.427038, 3.091524, 0.500000
4.351608, -0.426776, 3.086773, 0.500000
4.351608, -0.426776, 3.086773, 0.500000
4.351608, -0.426776, 3.086773, 0.500000
4.346616, -0.426490, 3.082022, 0.500000
4.346616, -0.426490, 3.082022, 0.500000
4.341625, -0.426181, 3.077271, 0.500000
4.341625, -0.426181, 3.077271, 0.500000
4.341625, -0.426181, 3.077271, 0.500000
4.336637, -0.425847, 3.072520, 0.500000
4.336637, -0.425847, 3.072520, 0.500000
4.331649, -0.425491, 3.067769, 0.500000
4.331649, -0.425491, 3.067769, 0.500000
4.331649, -0.425491, 3.067769, 0.500000
4.326664, -0.425110, 3.063018, 0.500000
4.326664, -0.425110, 3.063018, 0.500000
4.321680, -0.424706, 3.058268, 0.500000
4.321680, -0.424706, 3.058268, 0.500000
4.321680, -0.424706, 3.058268, 0.500000
4.316699, -0.424278, 3.053517, 0.500000
4.316699, -0.424278, 3.053517, 0.500000
4.311719, -0.423826, 3.048766, 0.500000
4.311719, -0.423826, 3.048766, 0.500000
4.311719, -0.423826, 3.048766, 0.500000
4.306742, -0.423351, 3.044015, 0.500000
4.306742, -0.423351, 3.044015, 0.500000
4.301767, -0.422852, 3.039264, 0.500000
4.301767, -0.422852, 3.039264, 0.500000
4.301767, -0.422852, 3.039264, 0.500000
4.296794, -0.422329, 3.034513, 0.500000
4.296794, -0.422329, 3.034513, 0.500000
4.291824, -0.421783, 3.029762, 0.500000
4.291824, -0.421783, 3.029762, 0.500000
4.291824, -0.421783, 3.029762, 0.500000
4.286857, -0.421213, 3.025011, 0.500000
4.286857, -0.421213, 3.025011, 0.500000
4.281892, -0.420620, 3.020260, 0.500000
4.281892, -0.420620, 3.020260, 0.500000
4.281892, -0.420620, 3.020260, 0.500000
4.276930, -0.420003, 3.015509, 0.500000
4.276930, -0.420003, 3.015509, 0.500000
4.271971, -0.419362, 3.010758, 0.500000
4.271971, -0.419362, 3.010758, 0.500000
4.271971, -0.419362, 3.010758, 0.500000
4.267016, -0.418698, 3.006007, 0.500000
4.267016, -0.418698, 3.006007, 0.500000
4.262063, -0.418011, 3.001256, 0.500000
4.262063, -0.418011, 3.001256, 0.500000
4.262063, -0.418011, 3.001256, 0.500000
4.257114, -0.417299, 2.996505, 0.500000
4.257114, -0.417299, 2.996505, 0.500000
4.252168, -0.416565, 2.991754, 0.500000
4.252168, -0.416565, 2.991754, 0.500000
4.247226, -0.415807, 2.987003, 0.500000
4.247226, -0.415807, 2.987003, 0.500000
4.242287, -0.415025, 2.982252, 0.500000
4.242287, -0.415025, 2.982252, 0.500000
4.242287, -0.415025, 2.982252, 0.500000
4.237353, -0.414220, 2.977501, 0.500000
4.237353, -0.414220, 2.977501, 0.500000
4.232422, -0.413392, 2.972750, 0.500000
4.232422, -0.413392, 2.972750, 0.500000
4.232422, -0.413392, 2.972750, 0.500000
4.227495, -0.412540, 2.967999, 0.500000
4.227495, -0.412540, 2.967999, 0.500000
4.222572, -0.411664, 2.963248, 0.500000
4.222572, -0.411664, 2.963248, 0.500000
4.222572, -0.411664, 2.963248, 0.500000
4.217654, -0.410766, 2.958497, 0.500000
4.217654, -0.410766, 2.958497, 0.500000
4.212739, -0.409844, 2.953746, 0.500000
4.212739, -0.409844, 2.953746, 0.500000
4.212739, -0.409844, 2.953746, 0.500000
4.207830, -0.408898, 2.948995, 0.500000
4.207830, -0.408898, 2.948995, 0.500000
4.202924, -0.407930, 2.944244, 0.500000
4.202924, -0.407930, 2.944244, 0.500000
4.202924, -0.407930, 2.944244, 0.500000
4.198024, -0.406937, 2.939493, 0.500000
4.198024, -0.406937, 2.939493, 0.500000
4.193128, -0.405922, 2.934742, 0.500000
4.193128, -0.405922, 2.934742, 0.500000
4.193128, -0.405922, 2.934742, 0.500000
4.188237, -0.404884, 2.929991, 0.500000
4.188237, -0.404884, 2.929991, 0.500000
4.183351, -0.403822, 2.925240, 0.500000
4.183351, -0.403822, 2.925240, 0.500000
4.183351, -0.403822, 2.925240, 0.500000
4.178470, -0.402737, 2.920489, 0.500000
4.178470, -0.402737, 2.920489, 0.500000
4.173594, -0.401629, 2.915739, 0.500000
4.173594, -0.401629, 2.915739, 0.500000
4.173594, -0.401629, 2.915739, 0.500000
4.168724, -0.400498, 2.910988, 0.500000
4.168724, -0.400498, 2.910988, 0.500000
4.163859, -0.399343, 2.906237, 0.500000
4.163859, -0.399343, 2.906237, 0.500000
4.163859, -0.399343, 2.906237, 0.500000
4.159000, -0.398166, 2.901486, 0.500000
4.159000, -0.398166, 2.901486, 0.500000
4.154146, -0.396965, 2.896735, 0.500000
4.154146, -0.396965, 2.896735, 0.500000
4.154146, -0.396965, 2.896735, 0.500000
4.149298, -0.395742, 2.891984, 0.500000
4.149298, -0.395742, 2.891984, 0.500000
4.144456, -0.394495, 2.887233, 0.500000
4.144456, -0.394495, 2.887233, 0.500000
4.144456, -0.394495, 2.887233, 0.500000
4.139620, -0.393225, 2.882482, 0.500000
4.139620, -0.393225, 2.882482, 0.500000
4.134790, -0.391933, 2.877731, 0.500000
4.134790, -0.391933, 2.877731, 0.500000
4.134790, -0.391933, 2.877731, 0.500000
4.129966, -0.390617, 2.872980, 0.500000
4.129966, -0.390617, 2.872980, 0.500000
4.125149, -0.389279, 2.868229, 0.500000
4.125149, -0.389279, 2.868229, 0.500000
4.125149, -0.389279, 2.868229, 0.500000
4.120337, -0.387917, 2.863478, 0.500000
4.120337, -0.387917, 2.863478, 0.500000
4.115533, -0.386534, 2.858727, 0.500000
4.115533, -0.386534, 2.858727, 0.500000
4.110735, -0.385126, 2.853976, 0.500000
4.110735, -0.385126, 2.853976, 0.500000
4.105944, -0.383697, 2.849225, 0.500000
4.105944, -0.383697, 2.849225, 0.500000
4.105944, -0.383697, 2.849225, 0.500000
4.101159, -0.382244, 2.844474, 0.500000
4.101159, -0.382244, 2.844474, 0.500000
4.096382, -0.380769, 2.839723, 0.500000
4.096382, -0.380769, 2.839723, 0.500000
4.096382, -0.380769, 2.839723, 0.500000
4.091612, -0.379271, 2.834972, 0.500000
4.091612, -0.379271, 2.834972, 0.500000
4.086848, -0.377751, 2.830221, 0.500000
4.086848, -0.377751, 2.830221, 0.500000
4.086848, -0.377751, 2.830221, 0.500000
4.082092, -0.376208, 2.825470, 0.500000
4.082092, -0.376208, 2.825470, 0.500000
4.077344, -0.374642, 2.820719, 0.500000
4.077344, -0.374642, 2.820719, 0.500000
4.077344, -0.374642, 2.820719, 0.500000
4.072603, -0.373054, 2.815968, 0.500000
4.072603, -0.373054, 2.815968, 0.500000
4.067869, -0.371443, 2.811217, 0.500000
4.067869, -0.371443, 2.811217, 0.500000
4.067869, -0.371443, 2.811217, 0.500000
4.063144, -0.369810, 2.806466, 0.500000
4.063144, -0.369810, 2.806466, 0.500000
4.058426, -0.368154, 2.801715, 0.500000
4.058426, -0.368154, 2.801715, 0.500000
4.058426, -0.368154, 2.801715, 0.500000
4.053716, -0.366476, 2.796964, 0.500000
4.053716, -0.366476, 2.796964, 0.500000
4.049014, -0.364776, 2.792213, 0.500000
4.049014, -0.364776, 2.792213, 0.500000
4.049014, -0.364776, 2.792213, 0.500000
4.044320, -0.363053, 2.787462, 0.500000
4.044320, -0.363053, 2.787462, 0.500000
4.039634, -0.361308, 2.782711, 0.500000
4.039634, -0.361308, 2.782711, 0.500000
4.039634, -0.361308, 2.782711, 0.500000
4.034957, -0.359541, 2.777960, 0.500000
4.034957, -0.359541, 2.777960, 0.500000
4.030288, -0.357751, 2.773209, 0.500000
4.030288, -0.357751, 2.773209, 0.500000
4.030288, -0.357751, 2.773209, 0.500000
4.025628, -0.355939, 2.768459, 0.500000
4.025628, -0.355939, 2.768459, 0.500000
4.020976, -0.354106, 2.763708, 0.500000
4.020976, -0.354106, 2.763708, 0.500000
4.020976, -0.354106, 2.763708, 0.500000
4.016334, -0.352250, 2.758957, 0.500000
4.016334, -0.352250, 2.758957, 0.500000
4.011700, -0.350372, 2.754206, 0.500000
4.011700, -0.350372, 2.754206, 0.500000
4.011700, -0.350372, 2.754206, 0.500000
4.007075, -0.348472, 2.749455, 0.500000
4.007075, -0.348472, 2.749455, 0.500000
4.002459, -0.346551, 2.744704, 0.500000
4.002459, -0.346551, 2.744704, 0.500000
4.002459, -0.346551, 2.744704, 0.500000
3.997852, -0.344607, 2.739953, 0.500000
3.997852, -0.344607, 2.739953, 0.500000
3.993254, -0.342641, 2.735202, 0.500000
3.993254, -0.342641, 2.735202, 0.500000
3.993254, -0.342641, 2.735202, 0.500000
3.988666, -0.340654, 2.730451, 0.500000
3.988666, -0.340654, 2.730451, 0.500000
3.984088, -0.338645, 2.725700, 0.500000
3.984088, -0.338645, 2.725700, 0.500000
3.984088, -0.338645, 2.725700, 0.500000
3.979519, -0.336614, 2.720949, 0.500000
3.979519, -0.336614, 2.720949, 0.500000
3.974960, -0.334561, 2.716198, 0.500000
3.974960, -0.334561, 2.716198, 0.500000
3.970410, -0.332487, 2.711447, 0.500000
3.970410, -0.332487, 2.711447, 0.500000
3.965871, -0.330391, 2.706696, 0.500000
3.965871, -0.330391, 2.706696, 0.500000
3.965871, -0.330391, 2.706696, 0.500000
3.961341, -0.328274, 2.701945, 0.500000
3.961341, -0.328274, 2.701945, 0.500000
3.956822, -0.326135, 2.697194, 0.500000
3.956822, -0.326135, 2.697194, 0.500000
3.956822, -0.326135, 2.697194, 0.500000
3.952312, -0.323975, 2.692443, 0.500000
3.952312, -0.323975, 2.692443, 0.500000
3.947813, -0.321793, 2.687692, 0.500000
3.947813, -0.321793, 2.687692, 0.500000
3.947813, -0.321793, 2.687692, 0.500000
3.943325, -0.319590, 2.682941, 0.500000
3.938847, -0.317366, 2.678190, 0.500000
3.938847, -0.317366, 2.678190, 0.500000
3.938847, -0.317366, 2.678190, 0.500000
3.934380, -0.315120, 2.673439, 0.500000
3.934380, -0.315120, 2.673439, 0.500000
3.929923, -0.312853, 2.668688, 0.500000
3.929923, -0.312853, 2.668688, 0.500000
3.925477, -0.310565, 2.663937, 0.500000
3.925477, -0.310565, 2.663937, 0.500000
3.921042, -0.308256, 2.659186, 0.500000
3.921042, -0.308256, 2.659186, 0.500000
3.916618, -0.305926, 2.654435, 0.500000
3.916618, -0.305926, 2.654435, 0.500000
3.912206, -0.303575, 2.649684, 0.500000
3.912206, -0.303575, 2.649684, 0.500000
3.912206, -0.303575, 2.649684, 0.500000
3.907804, -0.301203, 2.644933, 0.500000
3.907804, -0.301203, 2.644933, 0.500000
3.903414, -0.298810, 2.640182, 0.500000
3.903414, -0.298810, 2.640182, 0.500000
3.903414, -0.298810, 2.640182, 0.500000
3.899035, -0.296396, 2.635431, 0.500000
3.899035, -0.296396, 2.635431, 0.500000
3.894668, -0.293962, 2.630680, 0.500000
3.894668, -0.293962, 2.630680, 0.500000
3.894668, -0.293962, 2.630680, 0.500000
3.890312, -0.291507, 2.625930, 0.500000
3.890312, -0.291507, 2.625930, 0.500000
3.885968, -0.289031, 2.621179, 0.500000
3.885968, -0.289031, 2.621179, 0.500000
3.885968, -0.289031, 2.621179, 0.500000
3.881636, -0.286534, 2.616428, 0.500000
3.881636, -0.286534, 2.616428, 0.500000
3.877316, -0.284018, 2.611677, 0.500000
3.877316, -0.284018, 2.611677, 0.500000
3.877316, -0.284018, 2.611677, 0.500000
3.873008, -0.281480, 2.606926, 0.500000
3.873008, -0.281480, 2.606926, 0.500000
3.868711, -0.278923, 2.602702, 0.500000
3.868711, -0.278923, 2.602702, 0.500000
3.868711, -0.278923, 2.602702, 0.500000
3.864424, -0.276349, 2.598996, 0.500000
3.864424, -0.276349, 2.598996, 0.500000
3.860147, -0.273760, 2.595800, 0.500000
3.860147, -0.273760, 2.595800, 0.500000
3.860147, -0.273760, 2.595800, 0.500000
3.855877, -0.271158, 2.593107, 0.500000
3.855877, -0.271158, 2.593107, 0.500000
3.851613, -0.268547, 2.590911, 0.500000
3.851613, -0.268547, 2.590911, 0.500000
3.851613, -0.268547, 2.590911, 0.500000
3.847355, -0.265927, 2.589208, 0.500000
3.847355, -0.265927, 2.589208, 0.500000
3.843100, -0.263300, 2.587994, 0.500000
3.843100, -0.263300, 2.587994, 0.500000
3.843100, -0.263300, 2.587994, 0.500000
3.838848, -0.260670, 2.587266, 0.500000
3.838848, -0.260670, 2.587266, 0.500000
3.834597, -0.258037, 2.587024, 0.500000
3.834597, -0.258037, 2.587024, 0.500000
3.834597, -0.258037, 2.587024, 0.500000
3.830346, -0.255404, 2.587024, 0.500000
3.830346, -0.255404, 2.587024, 0.500000
3.826096, -0.252771, 2.587024, 0.500000
3.826096, -0.252771, 2.587024, 0.500000
3.826096, -0.252771, 2.587024, 0.500000
3.821845, -0.250138, 2.587024, 0.500000
3.821845, -0.250138, 2.587024, 0.500000
3.817595, -0.247506, 2.587024, 0.500000
3.817595, -0.247506, 2.587024, 0.500000
3.817595, -0.247506, 2.587024, 0.500000
3.813344, -0.244873, 2.587024, 0.500000
3.813344, -0.244873, 2.587024, 0.500000
3.809093, -0.242240, 2.587024, 0.500000
3.809093, -0.242240, 2.587024, 0.500000
3.809093, -0.242240, 2.587024, 0.500000
3.804843, -0.239607, 2.587024, 0.500000
3.804843, -0.239607, 2.587024, 0.500000
3.800592, -0.236974, 2.587024, 0.500000
3.800592, -0.236974, 2.587024, 0.500000
3.800592, -0.236974, 2.587024, 0.500000
3.796341, -0.234341, 2.587024, 0.500000
3.796341, -0.234341, 2.587024, 0.500000
3.792091, -0.231708, 2.587024, 0.500000
3.792091, -0.231708, 2.587024, 0.500000
3.792091, -0.231708, 2.587024, 0.500000
3.787840, -0.229075, 2.587024, 0.500000
3.787840, -0.229075, 2.587024, 0.500000
3.783589, -0.226443, 2.587024, 0.500000
3.783589, -0.226443, 2.587024, 0.500000
3.783589, -0.226443, 2.587024, 0.500000
3.779339, -0.223810, 2.587024, 0.500000
3.779339, -0.223810, 2.587024, 0.500000
3.775088, -0.221177, 2.587024, 0.500000
3.775088, -0.221177, 2.587024, 0.500000
3.775088, -0.221177, 2.587024, 0.500000
3.770838, -0.218544, 2.587024, 0.500000
3.770838, -0.218544, 2.587024, 0.500000
3.766587, -0.215911, 2.587024, 0.500000
3.766587, -0.215911, 2.587024, 0.500000
3.766587, -0.215911, 2.587024, 0.500000
3.762336, -0.213278, 2.587024, 0.500000
3.762336, -0.213278, 2.587024, 0.500000
3.758086, -0.210645, 2.587024, 0.500000
3.758086, -0.210645, 2.587024, 0.500000
3.758086, -0.210645, 2.587024, 0.500000
3.753835, -0.208012, 2.587024, 0.500000
3.753835, -0.208012, 2.587024, 0.500000
3.749584, -0.205379, 2.587024, 0.500000
3.749584, -0.205379, 2.587024, 0.500000
3.749584, -0.205379, 2.587024, 0.500000
3.745334, -0.202747, 2.587024, 0.500000
3.745334, -0.202747, 2.587024, 0.500000
3.741083, -0.200114, 2.587024, 0.500000
3.741083, -0.200114, 2.587024, 0.500000
3.741083, -0.200114, 2.587024, 0.500000
3.736832, -0.197481, 2.587024, 0.500000
3.736832, -0.197481, 2.587024, 0.500000
3.732582, -0.194848, 2.587024, 0.500000
3.732582, -0.194848, 2.587024, 0.500000
3.732582, -0.194848, 2.587024, 0.500000
3.728331, -0.192215, 2.587024, 0.500000
3.728331, -0.192215, 2.587024, 0.500000
3.724081, -0.189582, 2.587024, 0.500000
3.724081, -0.189582, 2.587024, 0.500000
3.724081, -0.189582, 2.587024, 0.500000
3.719830, -0.186949, 2.587024, 0.500000
3.719830, -0.186949, 2.587024, 0.500000
3.715579, -0.184316, 2.587024, 0.500000
3.715579, -0.184316, 2.587024, 0.500000
3.715579, -0.184316, 2.587024, 0.500000
3.711329, -0.181683, 2.587024, 0.500000
3.711329, -0.181683, 2.587024, 0.500000
3.707078, -0.179051, 2.587024, 0.500000
3.707078, -0.179051, 2.587024, 0.500000
3.707078, -0.179051, 2.587024, 0.500000
3.702827, -0.176418, 2.587024, 0.500000
3.702827, -0.176418, 2.587024, 0.500000
3.698577, -0.173785, 2.587024, 0.500000
3.698577, -0.173785, 2.587024, 0.500000
3.698577, -0.173785, 2.587024, 0.500000
3.694326, -0.171152, 2.587024, 0.500000
3.694326, -0.171152, 2.587024, 0.500000
3.690075, -0.168519, 2.587024, 0.500000
3.690075, -0.168519, 2.587024, 0.500000
3.690075, -0.168519, 2.587024, 0.500000
3.685825, -0.165886, 2.587024, 0.500000
3.685825, -0.165886, 2.587024, 0.500000
3.681574, -0.163253, 2.587024, 0.500000
3.681574, -0.163253, 2.587024, 0.500000
3.681574, -0.163253, 2.587024, 0.500000
3.677324, -0.160620, 2.587024, 0.500000
3.677324, -0.160620, 2.587024, 0.500000
3.673073, -0.157988, 2.587024, 0.500000
3.673073, -0.157988, 2.587024, 0.500000
3.673073, -0.157988, 2.587024, 0.500000
3.668822, -0.155355, 2.587024, 0.500000
3.668822, -0.155355, 2.587024, 0.500000
3.664572, -0.152722, 2.587024, 0.500000
3.664572, -0.152722, 2.587024, 0.500000
3.664572, -0.152722, 2.587024, 0.500000
3.660321, -0.150089, 2.587024, 0.500000
3.660321, -0.150089, 2.587024, 0.500000
3.656070, -0.147456, 2.587024, 0.500000
3.656070, -0.147456, 2.587024, 0.500000
3.656070, -0.147456, 2.587024, 0.500000
3.651820, -0.144823, 2.587024, 0.500000
3.651820, -0.144823, 2.587024, 0.500000
3.647569, -0.142190, 2.587024, 0.500000
3.647569, -0.142190, 2.587024, 0.500000
3.643318, -0.139557, 2.587024, 0.500000
3.643318, -0.139557, 2.587024, 0.500000
3.639068, -0.136924, 2.587024, 0.500000
3.639068, -0.136924, 2.587024, 0.500000
3.639068, -0.136924, 2.587024, 0.500000
3.634817, -0.134292, 2.587024, 0.500000
3.634817, -0.134292, 2.587024, 0.500000
3.630567, -0.131659, 2.587024, 0.500000
3.630567, -0.131659, 2.587024, 0.500000
3.630567, -0.131659, 2.587024, 0.500000
3.626316, -0.129026, 2.587024, 0.500000
3.626316, -0.129026, 2.587024, 0.500000
3.622065, -0.126393, 2.587024, 0.500000
3.622065, -0.126393, 2.587024, 0.500000
3.622065, -0.126393, 2.587024, 0.500000
3.617815, -0.123760, 2.587024, 0.500000
3.617815, -0.123760, 2.587024, 0.500000
3.613564, -0.121127, 2.587024, 0.500000
3.613564, -0.121127, 2.587024, 0.500000
3.613564, -0.121127, 2.587024, 0.500000
3.609313, -0.118494, 2.587024, 0.500000
3.609313, -0.118494, 2.587024, 0.500000
3.605063, -0.115861, 2.587024, 0.500000
3.605063, -0.115861, 2.587024, 0.500000
3.605063, -0.115861, 2.587024, 0.500000
3.600812, -0.113228, 2.587024, 0.500000
3.600812, -0.113228, 2.587024, 0.500000
3.596561, -0.110596, 2.587024, 0.500000
3.596561, -0.110596, 2.587024, 0.500000
3.596561, -0.110596, 2.587024, 0.500000
3.592311, -0.107963, 2.587024, 0.500000
3.592311, -0.107963, 2.587024, 0.500000
3.588060, -0.105330, 2.587024, 0.500000
3.583809, -0.102697, 2.587024, 0.500000
3.583809, -0.102697, 2.587024, 0.500000
3.579559, -0.100064, 2.587024, 0.500000
3.579559, -0.100064, 2.587024, 0.500000
3.575308, -0.097431, 2.587024, 0.500000
3.575308, -0.097431, 2.587024, 0.500000
3.571058, -0.094798, 2.587024, 0.500000
3.571058, -0.094798, 2.587024, 0.500000
3.571058, -0.094798, 2.587024, 0.500000
3.566807, -0.092165, 2.587024, 0.500000
3.566807, -0.092165, 2.587024, 0.500000
3.562556, -0.089533, 2.587024, 0.500000
3.562556, -0.089533, 2.587024, 0.500000
3.562556, -0.089533, 2.587024, 0.500000
3.558306, -0.086900, 2.587024, 0.500000
3.558306, -0.086900, 2.587024, 0.500000
3.554055, -0.084267, 2.587024, 0.500000
3.554055, -0.084267, 2.587024, 0.500000
3.554055, -0.084267, 2.587024, 0.500000
3.549804, -0.081634, 2.587024, 0.500000
3.549804, -0.081634, 2.587024, 0.500000
3.545554, -0.079001, 2.587024, 0.500000
3.545554, -0.079001, 2.587024, 0.500000
3.545554, -0.079001, 2.587024, 0.500000
3.541303, -0.076368, 2.587024, 0.500000
3.541303, -0.076368, 2.587024, 0.500000
3.537052, -0.073735, 2.587024, 0.500000
3.537052, -0.073735, 2.587024, 0.500000
3.537052, -0.073735, 2.587024, 0.500000
3.532802, -0.071102, 2.587024, 0.500000
3.532802, -0.071102, 2.587024, 0.500000
3.528551, -0.068469, 2.587024, 0.500000
3.528551, -0.068469, 2.587024, 0.500000
3.528551, -0.068469, 2.587024, 0.500000
3.524301, -0.065837, 2.587024, 0.500000
3.524301, -0.065837, 2.587024, 0.500000
3.520050, -0.063204, 2.587024, 0.500000
3.520050, -0.063204, 2.587024, 0.500000
3.520050, -0.063204, 2.587024, 0.500000
3.515799, -0.060571, 2.587024, 0.500000
3.515799, -0.060571, 2.587024, 0.500000
3.511549, -0.057938, 2.587024, 0.500000
3.511549, -0.057938, 2.587024, 0.500000
3.511549, -0.057938, 2.587024, 0.500000
3.507298, -0.055305, 2.587024, 0.500000
3.507298, -0.055305, 2.587024, 0.500000
3.503047, -0.052672, 2.587024, 0.500000
3.503047, -0.052672, 2.587024, 0.500000
3.503047, -0.052672, 2.587024, 0.500000
3.498797, -0.050039, 2.587024, 0.500000
3.498797, -0.050039, 2.587024, 0.500000
3.494546, -0.047406, 2.587024, 0.500000
3.494546, -0.047406, 2.587024, 0.500000
3.494546, -0.047406, 2.587024, 0.500000
3.490295, -0.044773, 2.587024, 0.500000
3.490295, -0.044773, 2.587024, 0.500000
3.486045, -0.042141, 2.587024, 0.500000
3.486045, -0.042141, 2.587024, 0.500000
3.486045, -0.042141, 2.587024, 0.500000
3.481794, -0.039508, 2.587024, 0.500000
3.481794, -0.039508, 2.587024, 0.500000
3.477544, -0.036875, 2.587024, 0.500000
3.477544, -0.036875, 2.587024, 0.500000
3.477544, -0.036875, 2.587024, 0.500000
3.473293, -0.034242, 2.587024, 0.500000
3.473293, -0.034242, 2.587024, 0.500000
3.469042, -0.031609, 2.587024, 0.500000
3.469042, -0.031609, 2.587024, 0.500000
3.469042, -0.031609, 2.587024, 0.500000
3.464792, -0.028976, 2.587024, 0.500000
3.464792, -0.028976, 2.587024, 0.500000
3.460541, -0.026343, 2.587024, 0.500000
3.460541, -0.026343, 2.587024, 0.500000
3.460541, -0.026343, 2.587024, 0.500000
3.456290, -0.023710, 2.587024, 0.500000
3.456290, -0.023710, 2.587024, 0.500000
3.452040, -0.021078, 2.587024, 0.500000
3.452040, -0.021078, 2.587024, 0.500000
3.452040, -0.021078, 2.587024, 0.500000
3.447789, -0.018445, 2.587024, 0.500000
3.447789, -0.018445, 2.587024, 0.500000
3.443538, -0.015812, 2.587024, 0.500000
3.443538, -0.015812, 2.587024, 0.500000
3.443538, -0.015812, 2.587024, 0.500000
3.439288, -0.013179, 2.587024, 0.500000
3.439288, -0.013179, 2.587024, 0.500000
3.435037, -0.010546, 2.587024, 0.500000
3.435037, -0.010546, 2.587024, 0.500000
3.435037, -0.010546, 2.587024, 0.500000
3.430787, -0.007913, 2.587024, 0.500000
3.430787, -0.007913, 2.587024, 0.500000
3.426536, -0.005280, 2.587024, 0.500000
3.426536, -0.005280, 2.587024, 0.500000
3.426536, -0.005280, 2.587024, 0.500000
3.422285, -0.002647, 2.587024, 0.500000
3.422285, -0.002647, 2.587024, 0.500000
3.418035, -0.000014, 2.587024, 0.500000
3.418035, -0.000014, 2.587024, 0.500000
3.413784, 0.002618, 2.587024, 0.500000
3.413784, 0.002618, 2.587024, 0.500000
3.409533, 0.005251, 2.587024, 0.500000
3.409533, 0.005251, 2.587024, 0.500000
3.409533, 0.005251, 2.587024, 0.500000
3.405283, 0.007884, 2.587024, 0.500000
3.405283, 0.007884, 2.587024, 0.500000
3.401032, 0.010517, 2.587024, 0.500000
3.401032, 0.010517, 2.587024, 0.500000
3.401032, 0.010517, 2.587024, 0.500000
3.396781, 0.013150, 2.587024, 0.500000
3.396781, 0.013150, 2.587024, 0.500000
3.392531, 0.015783, 2.587024, 0.500000
3.392531, 0.015783, 2.587024, 0.500000
3.392531, 0.015783, 2.587024, 0.500000
3.388280, 0.018416, 2.587024, 0.500000
3.388280, 0.018416, 2.587024, 0.500000
3.384030, 0.021049, 2.587024, 0.500000
3.384030, 0.021049, 2.587024, 0.500000
3.384030, 0.021049, 2.587024, 0.500000
3.379779, 0.023681, 2.587024, 0.500000
3.379779, 0.023681, 2.587024, 0.500000
3.375528, 0.026314, 2.587024, 0.500000
3.375528, 0.026314, 2.587024, 0.500000
3.375528, 0.026314, 2.587024, 0.500000
3.371278, 0.028947, 2.587024, 0.500000
3.371278, 0.028947, 2.587024, 0.500000
3.367027, 0.031580, 2.587024, 0.500000
3.367027, 0.031580, 2.587024, 0.500000
3.367027, 0.031580, 2.587024, 0.500000
3.362776, 0.034213, 2.587024, 0.500000
3.362776, 0.034213, 2.587024, 0.500000
3.358526, 0.036846, 2.587024, 0.500000
3.358526, 0.036846, 2.587024, 0.500000
3.354275, 0.039479, 2.587024, 0.500000
3.354275, 0.039479, 2.587024, 0.500000
3.350024, 0.042112, 2.587024, 0.500000
3.350024, 0.042112, 2.587024, 0.500000
3.350024, 0.042112, 2.587024, 0.500000
3.345774, 0.044745, 2.587024, 0.500000
3.345774, 0.044745, 2.587024, 0.500000
3.341523, 0.047377, 2.587024, 0.500000
3.341523, 0.047377, 2.587024, 0.500000
3.341523, 0.047377, 2.587024, 0.500000
3.337273, 0.050010, 2.587024, 0.500000
3.337273, 0.050010, 2.587024, 0.500000
3.333022, 0.052643, 2.587024, 0.500000
3.333022, 0.052643, 2.587024, 0.500000
3.333022, 0.052643, 2.587024, 0.500000
3.328771, 0.055276, 2.587024, 0.500000
3.328771, 0.055276, 2.587024, 0.500000
3.324521, 0.057909, 2.587024, 0.500000
3.324521, 0.057909, 2.587024, 0.500000
3.324521, 0.057909, 2.587024, 0.500000
3.320270, 0.060542, 2.587024, 0.500000
3.320270, 0.060542, 2.587024, 0.500000
3.316019, 0.063175, 2.587024, 0.500000
3.316019, 0.063175, 2.587024, 0.500000
3.316019, 0.063175, 2.587024, 0.500000
3.311769, 0.065808, 2.587024, 0.500000
3.311769, 0.065808, 2.587024, 0.500000
3.307518, 0.068441, 2.587024, 0.500000
3.307518, 0.068441, 2.587024, 0.500000
3.303267, 0.071073, 2.587024, 0.500000
3.303267, 0.071073, 2.587024, 0.500000
3.299017, 0.073706, 2.587024, 0.500000
3.299017, 0.073706, 2.587024, 0.500000
3.299017, 0.073706, 2.587024, 0.500000
3.294766, 0.076339, 2.587024, 0.500000
3.294766, 0.076339, 2.587024, 0.500000
3.290515, 0.078972, 2.587024, 0.500000
3.290515, 0.078972, 2.587024, 0.500000
3.290515, 0.078972, 2.587024, 0.500000
3.286265, 0.081605, 2.587024, 0.500000
3.286265, 0.081605, 2.587024, 0.500000
3.282014, 0.084238, 2.587024, 0.500000
3.282014, 0.084238, 2.587024, 0.500000
3.277764, 0.086871, 2.587024, 0.500000
3.277764, 0.086871, 2.587024, 0.500000
3.273513, 0.089504, 2.587024, 0.500000
3.273513, 0.089504, 2.587024, 0.500000
3.273513, 0.089504, 2.587024, 0.500000
3.269262, 0.092136, 2.587024, 0.500000
3.269262, 0.092136, 2.587024, 0.500000
3.265012, 0.094769, 2.587024, 0.500000
3.265012, 0.094769, 2.587024, 0.500000
3.260761, 0.097402, 2.587024, 0.500000
3.260761, 0.097402, 2.587024, 0.500000
3.256510, 0.100035, 2.587024, 0.500000
3.256510, 0.100035, 2.587024, 0.500000
3.256510, 0.100035, 2.587024, 0.500000
3.252260, 0.102668, 2.587024, 0.500000
3.252260, 0.102668, 2.587024, 0.500000
3.248009, 0.105301, 2.587024, 0.500000
3.248009, 0.105301, 2.587024, 0.500000
3.248009, 0.105301, 2.587024, 0.500000
3.243758, 0.107934, 2.587024, 0.500000
3.243758, 0.107934, 2.587024, 0.500000
3.239508, 0.110567, 2.587024, 0.500000
3.239508, 0.110567, 2.587024, 0.500000
3.239508, 0.110567, 2.587024, 0.500000
3.235257, 0.113200, 2.587024, 0.500000
3.235257, 0.113200, 2.587024, 0.500000
3.231007, 0.115832, 2.587024, 0.500000
3.231007, 0.115832, 2.587024, 0.500000
3.231007, 0.115832, 2.587024, 0.500000
3.226756, 0.118465, 2.587024, 0.500000
3.226756, 0.118465, 2.587024, 0.500000
3.222505, 0.121098, 2.587024, 0.500000
3.222505, 0.121098, 2.587024, 0.500000
3.222505, 0.121098, 2.587024, 0.500000
3.218255, 0.123731, 2.587024, 0.500000
3.218255, 0.123731, 2.587024, 0.500000
3.214004, 0.126364, 2.587024, 0.500000
3.214004, 0.126364, 2.587024, 0.500000
3.209753, 0.128997, 2.587024, 0.500000
3.209753, 0.128997, 2.587024, 0.500000
3.205503, 0.131630, 2.587024, 0.500000
3.205503, 0.131630, 2.587024, 0.500000
3.205503, 0.131630, 2.587024, 0.500000
3.201252, 0.134263, 2.587024, 0.500000
3.201252, 0.134263, 2.587024, 0.500000
3.197001, 0.136896, 2.587024, 0.500000
3.197001, 0.136896, 2.587024, 0.500000
3.197001, 0.136896, 2.587024, 0.500000
3.192751, 0.139528, 2.587024, 0.500000
3.192751, 0.139528, 2.587024, 0.500000
3.188500, 0.142161, 2.587024, 0.500000
3.188500, 0.142161, 2.587024, 0.500000
3.188500, 0.142161, 2.587024, 0.500000
3.184250, 0.144794, 2.587024, 0.500000
3.184250, 0.144794, 2.587024, 0.500000
3.179999, 0.147427, 2.587024, 0.500000
3.179999, 0.147427, 2.587024, 0.500000
3.179999, 0.147427, 2.587024, 0.500000
3.175748, 0.150060, 2.587024, 0.500000
3.175748, 0.150060, 2.587024, 0.500000
3.171498, 0.152693, 2.587024, 0.500000
3.171498, 0.152693, 2.587024, 0.500000
3.171498, 0.152693, 2.587024, 0.500000
3.167247, 0.155326, 2.587024, 0.500000
3.167247, 0.155326, 2.587024, 0.500000
3.162996, 0.157959, 2.587024, 0.500000
3.162996, 0.157959, 2.587024, 0.500000
3.162996, 0.157959, 2.587024, 0.500000
3.158746, 0.160591, 2.587024, 0.500000
3.158746, 0.160591, 2.587024, 0.500000
3.154495, 0.163224, 2.587024, 0.500000
3.154495, 0.163224, 2.587024, 0.500000
3.154495, 0.163224, 2.587024, 0.500000
3.150244, 0.165857, 2.587024, 0.500000
3.150244, 0.165857, 2.587024, 0.500000
3.145994, 0.168490, 2.587024, 0.500000
3.145994, 0.168490, 2.587024, 0.500000
3.145994, 0.168490, 2.587024, 0.500000
3.141743, 0.171123, 2.587024, 0.500000
3.141743, 0.171123, 2.587024, 0.500000
3.137493, 0.173756, 2.587024, 0.500000
3.137493, 0.173756, 2.587024, 0.500000
3.137493, 0.173756, 2.587024, 0.500000
3.133242, 0.176389, 2.587024, 0.500000
3.133242, 0.176389, 2.587024, 0.500000
3.128991, 0.179022, 2.587024, 0.500000
3.128991, 0.179022, 2.587024, 0.500000
3.128991, 0.179022, 2.587024, 0.500000
3.124741, 0.181655, 2.586781, 0.500000
3.124741, 0.181655, 2.586781, 0.500000
3.120492, 0.184290, 2.586054, 0.500000
3.120492, 0.184290, 2.586054, 0.500000
3.120492, 0.184290, 2.586054, 0.500000
3.116245, 0.186930, 2.584840, 0.500000
3.116245, 0.186930, 2.584840, 0.500000
3.112002, 0.189575, 2.583137, 0.500000
3.112002, 0.189575, 2.583137, 0.500000
3.107765, 0.192229, 2.580941, 0.500000
3.107765, 0.192229, 2.580941, 0.500000
3.103534, 0.194893, 2.578248, 0.500000
3.103534, 0.194893, 2.578248, 0.500000
3.103534, 0.194893, 2.578248, 0.500000
3.099311, 0.197570, 2.575052, 0.500000
3.099311, 0.197570, 2.575052, 0.500000
3.095097, 0.200261, 2.571346, 0.500000
3.095097, 0.200261, 2.571346, 0.500000
3.095097, 0.200261, 2.571346, 0.500000
3.090893, 0.202969, 2.567122, 0.500000
3.090893, 0.202969, 2.567122, 0.500000
3.086702, 0.205696, 2.562371, 0.500000
3.086702, 0.205696, 2.562371, 0.500000
3.086702, 0.205696, 2.562371, 0.500000
3.082524, 0.208443, 2.557620, 0.500000
3.082524, 0.208443, 2.557620, 0.500000
3.078360, 0.211209, 2.552869, 0.500000
3.078360, 0.211209, 2.552869, 0.500000
3.078360, 0.211209, 2.552869, 0.500000
3.074208, 0.213996, 2.548118, 0.500000
3.074208, 0.213996, 2.548118, 0.500000
3.070070, 0.216802, 2.543367, 0.500000
3.070070, 0.216802, 2.543367, 0.500000
3.070070, 0.216802, 2.543367, 0.500000
3.065945, 0.219627, 2.538616, 0.500000
3.065945, 0.219627, 2.538616, 0.500000
3.061833, 0.222473, 2.533865, 0.500000
3.061833, 0.222473, 2.533865, 0.500000
3.061833, 0.222473, 2.533865, 0.500000
3.057735, 0.225338, 2.529114, 0.500000
3.057735, 0.225338, 2.529114, 0.500000
3.053651, 0.228222, 2.524363, 0.500000
3.053651, 0.228222, 2.524363, 0.500000
3.053651, 0.228222, 2.524363, 0.500000
3.049580, 0.231125, 2.519612, 0.500000
3.049580, 0.231125, 2.519612, 0.500000
3.045524, 0.234048, 2.514861, 0.500000
3.045524, 0.234048, 2.514861, 0.500000
3.045524, 0.234048, 2.514861, 0.500000
3.041481, 0.236990, 2.510110, 0.500000
3.041481, 0.236990, 2.510110, 0.500000
3.037452, 0.239951, 2.505359, 0.500000
3.037452, 0.239951, 2.505359, 0.500000
3.037452, 0.239951, 2.505359, 0.500000
3.033438, 0.242932, 2.500608, 0.500000
3.033438, 0.242932, 2.500608, 0.500000
3.029437, 0.245931, 2.495857, 0.500000
3.029437, 0.245931, 2.495857, 0.500000
3.029437, 0.245931, 2.495857, 0.500000
3.025451, 0.248950, 2.491106, 0.500000
3.025451, 0.248950, 2.491106, 0.500000
3.021479, 0.251987, 2.486355, 0.500000
3.021479, 0.251987, 2.486355, 0.500000
3.021479, 0.251987, 2.486355, 0.500000
3.017522, 0.255043, 2.481604, 0.500000
3.017522, 0.255043, 2.481604, 0.500000
3.013579, 0.258118, 2.476853, 0.500000
3.013579, 0.258118, 2.476853, 0.500000
3.013579, 0.258118, 2.476853, 0.500000
3.009651, 0.261212, 2.472102, 0.500000
3.009651, 0.261212, 2.472102, 0.500000
3.005738, 0.264324, 2.467352, 0.500000
3.005738, 0.264324, 2.467352, 0.500000
3.005738, 0.264324, 2.467352, 0.500000
3.001840, 0.267455, 2.462601, 0.500000
3.001840, 0.267455, 2.462601, 0.500000
2.997956, 0.270604, 2.457850, 0.500000
2.997956, 0.270604, 2.457850, 0.500000
2.994087, 0.273772, 2.453099, 0.500000
2.994087, 0.273772, 2.453099, 0.500000
2.990234, 0.276958, 2.448348, 0.500000
2.990234, 0.276958, 2.448348, 0.500000
2.990234, 0.276958, 2.448348, 0.500000
2.986396, 0.280162, 2.443597, 0.500000
2.986396, 0.280162, 2.443597, 0.500000
2.982573, 0.283384, 2.438846, 0.500000
2.982573, 0.283384, 2.438846, 0.500000
2.982573, 0.283384, 2.438846, 0.500000
2.978765, 0.286625, 2.434095, 0.500000
2.978765, 0.286625, 2.434095, 0.500000
2.974973, 0.289884, 2.429344, 0.500000
2.974973, 0.289884, 2.429344, 0.500000
2.974973, 0.289884, 2.429344, 0.500000
2.971196, 0.293161, 2.424593, 0.500000
2.971196, 0.293161, 2.424593, 0.500000
2.967435, 0.296455, 2.419842, 0.500000
2.967435, 0.296455, 2.419842, 0.500000
2.967435, 0.296455, 2.419842, 0.500000
2.963690, 0.299768, 2.415091, 0.500000
2.963690, 0.299768, 2.415091, 0.500000
2.959960, 0.303098, 2.410340, 0.500000
2.959960, 0.303098, 2.410340, 0.500000
2.956246, 0.306446, 2.405589, 0.500000
2.956246, 0.306446, 2.405589, 0.500000
2.952548, 0.309811, 2.400838, 0.500000
2.952548, 0.309811, 2.400838, 0.500000
2.952548, 0.309811, 2.400838, 0.500000
2.948867, 0.313194, 2.396087, 0.500000
2.948867, 0.313194, 2.396087, 0.500000
2.945201, 0.316594, 2.391336, 0.500000
2.945201, 0.316594, 2.391336, 0.500000
2.945201, 0.316594, 2.391336, 0.500000
2.941552, 0.320012, 2.386585, 0.500000
2.941552, 0.320012, 2.386585, 0.500000
2.937918, 0.323447, 2.381834, 0.500000
2.937918, 0.323447, 2.381834, 0.500000
2.937918, 0.323447, 2.381834, 0.500000
2.934302, 0.326900, 2.377083, 0.500000
2.934302, 0.326900, 2.377083, 0.500000
2.930701, 0.330369, 2.372332, 0.500000
2.930701, 0.330369, 2.372332, 0.500000
2.930701, 0.330369, 2.372332, 0.500000
2.927117, 0.333856, 2.367581, 0.500000
2.927117, 0.333856, 2.367581, 0.500000
2.923550, 0.337359, 2.362830, 0.500000
2.923550, 0.337359, 2.362830, 0.500000
2.923550, 0.337359, 2.362830, 0.500000
2.920000, 0.340880, 2.358079, 0.500000
2.920000, 0.340880, 2.358079, 0.500000
2.916466, 0.344417, 2.353328, 0.500000
2.916466, 0.344417, 2.353328, 0.500000
2.916466, 0.344417, 2.353328, 0.500000
2.912949, 0.347971, 2.348577, 0.500000
2.912949, 0.347971, 2.348577, 0.500000
2.909449, 0.351541, 2.343826, 0.500000
2.909449, 0.351541, 2.343826, 0.500000
2.909449, 0.351541, 2.343826, 0.500000
2.905966, 0.355129, 2.339075, 0.500000
2.905966, 0.355129, 2.339075, 0.500000
2.902500, 0.358732, 2.334324, 0.500000
2.902500, 0.358732, 2.334324, 0.500000
2.902500, 0.358732, 2.334324, 0.500000
2.899051, 0.362353, 2.329573, 0.500000
2.899051, 0.362353, 2.329573, 0.500000
2.895619, 0.365989, 2.324822, 0.500000
2.895619, 0.365989, 2.324822, 0.500000
2.895619, 0.365989, 2.324822, 0.500000
2.892205, 0.369642, 2.320072, 0.500000
2.892205, 0.369642, 2.320072, 0.500000
2.888808, 0.373311, 2.315321, 0.500000
2.888808, 0.373311, 2.315321, 0.500000
2.888808, 0.373311, 2.315321, 0.500000
2.885429, 0.376996, 2.310570, 0.500000
2.885429, 0.376996, 2.310570, 0.500000
2.882067, 0.380697, 2.305819, 0.500000
2.882067, 0.380697, 2.305819, 0.500000
2.878723, 0.384414, 2.301068, 0.500000
2.878723, 0.384414, 2.301068, 0.500000
2.875396, 0.388147, 2.296317, 0.500000
2.875396, 0.388147, 2.296317, 0.500000
2.875396, 0.388147, 2.296317, 0.500000
2.872088, 0.391896, 2.291566, 0.500000
2.872088, 0.391896, 2.291566, 0.500000
2.868797, 0.395660, 2.286815, 0.500000
2.868797, 0.395660, 2.286815, 0.500000
2.868797, 0.395660, 2.286815, 0.500000
2.865524, 0.399440, 2.282064, 0.500000
2.865524, 0.399440, 2.282064, 0.500000
2.862269, 0.403235, 2.277313, 0.500000
2.862269, 0.403235, 2.277313, 0.500000
2.862269, 0.403235, 2.277313, 0.500000
2.859032, 0.407046, 2.272562, 0.500000
2.859032, 0.407046, 2.272562, 0.500000
2.855813, 0.410872, 2.267811, 0.500000
2.855813, 0.410872, 2.267811, 0.500000
2.855813, 0.410872, 2.267811, 0.500000
2.852613, 0.414714, 2.263060, 0.500000
2.852613, 0.414714, 2.263060, 0.500000
2.849430, 0.418570, 2.258309, 0.500000
2.849430, 0.418570, 2.258309, 0.500000
2.846267, 0.422442, 2.253558, 0.500000
2.846267, 0.422442, 2.253558, 0.500000
2.843121, 0.426329, 2.248807, 0.500000
2.843121, 0.426329, 2.248807, 0.500000
2.843121, 0.426329, 2.248807, 0.500000
2.839994, 0.430230, 2.244056, 0.500000
2.839994, 0.430230, 2.244056, 0.500000
2.836886, 0.434147, 2.239305, 0.500000
2.836886, 0.434147, 2.239305, 0.500000
2.836886, 0.434147, 2.239305, 0.500000
2.833796, 0.438078, 2.234554, 0.500000
2.833796, 0.438078, 2.234554, 0.500000
2.830725, 0.442023, 2.229803, 0.500000
2.830725, 0.442023, 2.229803, 0.500000
2.830725, 0.442023, 2.229803, 0.500000
2.827673, 0.445984, 2.225052, 0.500000
2.827673, 0.445984, 2.225052, 0.500000
2.824639, 0.449958, 2.220301, 0.500000
2.824639, 0.449958, 2.220301, 0.500000
2.824639, 0.449958, 2.220301, 0.500000
2.821625, 0.453948, 2.215550, 0.500000
2.821625, 0.453948, 2.215550, 0.500000
2.818629, 0.457951, 2.210799, 0.500000
2.818629, 0.457951, 2.210799, 0.500000
2.818629, 0.457951, 2.210799, 0.500000
2.815653, 0.461968, 2.206048, 0.500000
2.815653, 0.461968, 2.206048, 0.500000
2.812696, 0.466000, 2.201297, 0.500000
2.812696, 0.466000, 2.201297, 0.500000
2.812696, 0.466000, 2.201297, 0.500000
2.809758, 0.470046, 2.196546, 0.500000
2.809758, 0.470046, 2.196546, 0.500000
2.806838, 0.474105, 2.191795, 0.500000
2.806838, 0.474105, 2.191795, 0.500000
2.806838, 0.474105, 2.191795, 0.500000
2.803939, 0.478179, 2.187044, 0.500000
2.803939, 0.478179, 2.187044, 0.500000
2.801059, 0.482266, 2.182293, 0.500000
2.801059, 0.482266, 2.182293, 0.500000
2.798198, 0.486367, 2.177543, 0.500000
2.798198, 0.486367, 2.177543, 0.500000
2.795357, 0.490481, 2.172792, 0.500000
2.795357, 0.490481, 2.172792, 0.500000
2.795357, 0.490481, 2.172792, 0.500000
2.792535, 0.494609, 2.168041, 0.500000
2.792535, 0.494609, 2.168041, 0.500000
2.789733, 0.498750, 2.163290, 0.500000
2.789733, 0.498750, 2.163290, 0.500000
2.789733, 0.498750, 2.163290, 0.500000
2.786951, 0.502904, 2.158539, 0.500000
2.786951, 0.502904, 2.158539, 0.500000
2.784188, 0.507072, 2.153788, 0.500000
2.784188, 0.507072, 2.153788, 0.500000
2.784188, 0.507072, 2.153788, 0.500000
2.781446, 0.511252, 2.149037, 0.500000
2.781446, 0.511252, 2.149037, 0.500000
2.778723, 0.515446, 2.144286, 0.500000
2.778723, 0.515446, 2.144286, 0.500000
2.778723, 0.515446, 2.144286, 0.500000
2.776020, 0.519652, 2.139535, 0.500000
2.776020, 0.519652, 2.139535, 0.500000
2.773337, 0.523872, 2.134784, 0.500000
2.773337, 0.523872, 2.134784, 0.500000
2.773337, 0.523872, 2.134784, 0.500000
2.770675, 0.528104, 2.130033, 0.500000
2.770675, 0.528104, 2.130033, 0.500000
2.768032, 0.532348, 2.125282, 0.500000
2.768032, 0.532348, 2.125282, 0.500000
2.768032, 0.532348, 2.125282, 0.500000
2.765410, 0.536605, 2.120531, 0.500000
2.765410, 0.536605, 2.120531, 0.500000
2.762807, 0.540875, 2.115780, 0.500000
2.762807, 0.540875, 2.115780, 0.500000
2.762807, 0.540875, 2.115780, 0.500000
2.760226, 0.545157, 2.111029, 0.500000
2.760226, 0.545157, 2.111029, 0.500000
2.757664, 0.549451, 2.106278, 0.500000
2.757664, 0.549451, 2.106278, 0.500000
2.757664, 0.549451, 2.106278, 0.500000
2.755123, 0.553757, 2.101527, 0.500000
2.755123, 0.553757, 2.101527, 0.500000
2.752602, 0.558075, 2.096776, 0.500000
2.752602, 0.558075, 2.096776, 0.500000
2.752602, 0.558075, 2.096776, 0.500000
2.750102, 0.562405, 2.092025, 0.500000
2.750102, 0.562405, 2.092025, 0.500000
2.747623, 0.566747, 2.087274, 0.500000
2.747623, 0.566747, 2.087274, 0.500000
2.747623, 0.566747, 2.087274, 0.500000
2.745164, 0.571101, 2.082523, 0.500000
2.745164, 0.571101, 2.082523, 0.500000
2.742726, 0.575466, 2.077772, 0.500000
2.742726, 0.575466, 2.077772, 0.500000
2.740309, 0.579843, 2.073021, 0.500000
2.740309, 0.579843, 2.073021, 0.500000
2.737912, 0.584231, 2.068270, 0.500000
2.737912, 0.584231, 2.068270, 0.500000
2.737912, 0.584231, 2.068270, 0.500000
2.735537, 0.588631, 2.063519, 0.500000
2.735537, 0.588631, 2.063519, 0.500000
2.733182, 0.593041, 2.058768, 0.500000
2.733182, 0.593041, 2.058768, 0.500000
2.730849, 0.597464, 2.054017, 0.500000
2.730849, 0.597464, 2.054017, 0.500000
2.728536, 0.601896, 2.049266, 0.500000
2.728536, 0.601896, 2.049266, 0.500000
2.728536, 0.601896, 2.049266, 0.500000
2.726244, 0.606341, 2.044515, 0.500000
2.726244, 0.606341, 2.044515, 0.500000
2.723974, 0.610795, 2.039764, 0.500000
2.723974, 0.610795, 2.039764, 0.500000
2.723974, 0.610795, 2.039764, 0.500000
2.721725, 0.615261, 2.035013, 0.500000
2.721725, 0.615261, 2.035013, 0.500000
2.719496, 0.619737, 2.030263, 0.500000
2.719496, 0.619737, 2.030263, 0.500000
2.719496, 0.619737, 2.030263, 0.500000
2.717290, 0.624224, 2.025512, 0.500000
2.717290, 0.624224, 2.025512, 0.500000
2.715104, 0.628721, 2.020761, 0.500000
2.715104, 0.628721, 2.020761, 0.500000
2.715104, 0.628721, 2.020761, 0.500000
2.712941, 0.633228, 2.016010, 0.500000
2.712941, 0.633228, 2.016010, 0.500000
2.710798, 0.637746, 2.011259, 0.500000
2.710798, 0.637746, 2.011259, 0.500000
2.710798, 0.637746, 2.011259, 0.500000
2.708677, 0.642274, 2.006508, 0.500000
2.708677, 0.642274, 2.006508, 0.500000
2.706577, 0.646812, 2.001757, 0.500000
2.706577, 0.646812, 2.001757, 0.500000
2.706577, 0.646812, 2.001757, 0.500000
2.704500, 0.651359, 1.997006, 0.500000
2.704500, 0.651359, 1.997006, 0.500000
2.702443, 0.655917, 1.992255, 0.500000
2.702443, 0.655917, 1.992255, 0.500000
2.702443, 0.655917, 1.992255, 0.500000
2.700409, 0.660484, 1.987504, 0.500000
2.700409, 0.660484, 1.987504, 0.500000
2.698396, 0.665061, 1.982753, 0.500000
2.698396, 0.665061, 1.982753, 0.500000
2.698396, 0.665061, 1.982753, 0.500000
2.696405, 0.669648, 1.978002, 0.500000
2.696405, 0.669648, 1.978002, 0.500000
2.694435, 0.674243, 1.973251, 0.500000
2.694435, 0.674243, 1.973251, 0.500000
2.692488, 0.678849, 1.968500, 0.500000
2.692488, 0.678849, 1.968500, 0.500000
2.690562, 0.683463, 1.963749, 0.500000
2.690562, 0.683463, 1.963749, 0.500000
2.690562, 0.683463, 1.963749, 0.500000
2.688659, 0.688086, 1.958998, 0.500000
2.688659, 0.688086, 1.958998, 0.500000
2.686777, 0.692719, 1.954247, 0.500000
2.686777, 0.692719, 1.954247, 0.500000
2.684918, 0.697360, 1.949496, 0.500000
2.684918, 0.697360, 1.949496, 0.500000
2.683080, 0.702010, 1.944745, 0.500000
2.683080, 0.702010, 1.944745, 0.500000
2.681265, 0.706669, 1.939994, 0.500000
2.681265, 0.706669, 1.939994, 0.500000
2.679471, 0.711336, 1.935243, 0.500000
2.679471, 0.711336, 1.935243, 0.500000
2.679471, 0.711336, 1.935243, 0.500000
2.677700, 0.716012, 1.930492, 0.500000
2.677700, 0.716012, 1.930492, 0.500000
2.675951, 0.720696, 1.925741, 0.500000
2.675951, 0.720696, 1.925741, 0.500000
2.675951, 0.720696, 1.925741, 0.500000
2.674225, 0.725389, 1.920990, 0.500000
2.674225, 0.725389, 1.920990, 0.500000
2.672521, 0.730089, 1.916239, 0.500000
2.672521, 0.730089, 1.916239, 0.500000
2.672521, 0.730089, 1.916239, 0.500000
2.670839, 0.734798, 1.911488, 0.500000
2.670839, 0.734798, 1.911488, 0.500000
2.669179, 0.739515, 1.906737, 0.500000
2.669179, 0.739515, 1.906737, 0.500000
2.669179, 0.739515, 1.906737, 0.500000
2.667542, 0.744239, 1.901986, 0.500000
2.667542, 0.744239, 1.901986, 0.500000
2.665928, 0.748971, 1.897235, 0.500000
2.665928, 0.748971, 1.897235, 0.500000
2.665928, 0.748971, 1.897235, 0.500000
2.664336, 0.753711, 1.892484, 0.500000
2.664336, 0.753711, 1.892484, 0.500000
2.662766, 0.758458, 1.887734, 0.500000
2.662766, 0.758458, 1.887734, 0.500000
2.662766, 0.758458, 1.887734, 0.500000
2.661219, 0.763213, 1.882983, 0.500000
2.661219, 0.763213, 1.882983, 0.500000
2.659694, 0.767975, 1.878232, 0.500000
2.659694, 0.767975, 1.878232, 0.500000
2.658193, 0.772744, 1.873481, 0.500000
2.658193, 0.772744, 1.873481, 0.500000
2.656714, 0.777520, 1.868730, 0.500000
2.656714, 0.777520, 1.868730, 0.500000
2.656714, 0.777520, 1.868730, 0.500000
2.655257, 0.782303, 1.863979, 0.500000
2.655257, 0.782303, 1.863979, 0.500000
2.653823, 0.787093, 1.859755, 0.500000
2.653823, 0.787093, 1.859755, 0.500000
2.653823, 0.787093, 1.859755, 0.500000
2.652407, 0.791889, 1.856049, 0.500000
2.652407, 0.791889, 1.856049, 0.500000
2.651008, 0.796689, 1.852853, 0.500000
2.651008, 0.796689, 1.852853, 0.500000
2.651008, 0.796689, 1.852853, 0.500000
2.649623, 0.801493, 1.850160, 0.500000
2.649623, 0.801493, 1.850160, 0.500000
2.648250, 0.806301, 1.847964, 0.500000
2.648250, 0.806301, 1.847964, 0.500000
2.648250, 0.806301, 1.847964, 0.500000
2.646886, 0.811111, 1.846261, 0.500000
2.646886, 0.811111, 1.846261, 0.500000
2.645529, 0.815924, 1.845047, 0.500000
2.645529, 0.815924, 1.845047, 0.500000
2.645529, 0.815924, 1.845047, 0.500000
2.644177, 0.820737, 1.844319, 0.500000
2.644177, 0.820737, 1.844319, 0.500000
2.642827, 0.825552, 1.844077, 0.500000
2.642827, 0.825552, 1.844077, 0.500000
2.641478, 0.830366, 1.844077, 0.500000
2.641478, 0.830366, 1.844077, 0.500000
2.640128, 0.835181, 1.844077, 0.500000
2.640128, 0.835181, 1.844077, 0.500000
2.640128, 0.835181, 1.844077, 0.500000
2.638779, 0.839995, 1.844077, 0.500000
2.638779, 0.839995, 1.844077, 0.500000
2.637429, 0.844809, 1.844077, 0.500000
2.637429, 0.844809, 1.844077, 0.500000
2.636080, 0.849624, 1.844077, 0.500000
2.636080, 0.849624, 1.844077, 0.500000
2.634730, 0.854438, 1.844077, 0.500000
2.634730, 0.854438, 1.844077, 0.500000
2.634730, 0.854438, 1.844077, 0.500000
2.633381, 0.859253, 1.844077, 0.500000
2.633381, 0.859253, 1.844077, 0.500000
2.632031, 0.864067, 1.844077, 0.500000
2.632031, 0.864067, 1.844077, 0.500000
2.632031, 0.864067, 1.844077, 0.500000
2.630682, 0.868882, 1.844077, 0.500000
2.630682, 0.868882, 1.844077, 0.500000
2.629332, 0.873696, 1.844077, 0.500000
2.629332, 0.873696, 1.844077, 0.500000
2.627983, 0.878511, 1.844077, 0.500000
2.627983, 0.878511, 1.844077, 0.500000
2.626634, 0.883325, 1.844077, 0.500000
2.626634, 0.883325, 1.844077, 0.500000
2.626634, 0.883325, 1.844077, 0.500000
2.625284, 0.888140, 1.844077, 0.500000
2.625284, 0.888140, 1.844077, 0.500000
2.623935, 0.892954, 1.844077, 0.500000
2.623935, 0.892954, 1.844077, 0.500000
2.623935, 0.892954, 1.844077, 0.500000
2.622585, 0.897768, 1.844077, 0.500000
2.622585, 0.897768, 1.844077, 0.500000
2.621236, 0.902583, 1.844077, 0.500000
2.621236, 0.902583, 1.844077, 0.500000
2.621236, 0.902583, 1.844077, 0.500000
2.619886, 0.907397, 1.844077, 0.500000
2.619886, 0.907397, 1.844077, 0.500000
2.618537, 0.912212, 1.844077, 0.500000
2.618537, 0.912212, 1.844077, 0.500000
2.618537, 0.912212, 1.844077, 0.500000
2.617187, 0.917026, 1.844077, 0.500000
2.617187, 0.917026, 1.844077, 0.500000
2.615838, 0.921841, 1.844077, 0.500000
2.615838, 0.921841, 1.844077, 0.500000
2.615838, 0.921841, 1.844077, 0.500000
2.614488, 0.926655, 1.844077, 0.500000
2.614488, 0.926655, 1.844077, 0.500000
2.613139, 0.931470, 1.844077, 0.500000
2.613139, 0.931470, 1.844077, 0.500000
2.611789, 0.936284, 1.844077, 0.500000
2.611789, 0.936284, 1.844077, 0.500000
2.610440, 0.941099, 1.844077, 0.500000
2.610440, 0.941099, 1.844077, 0.500000
2.610440, 0.941099, 1.844077, 0.500000
2.609091, 0.945913, 1.844077, 0.500000
2.609091, 0.945913, 1.844077, 0.500000
2.607741, 0.950727, 1.844077, 0.500000
2.607741, 0.950727, 1.844077, 0.500000
2.607741, 0.950727, 1.844077, 0.500000
2.606392, 0.955542, 1.844077, 0.500000
2.606392, 0.955542, 1.844077, 0.500000
2.605042, 0.960356, 1.844077, 0.500000
2.605042, 0.960356, 1.844077, 0.500000
2.605042, 0.960356, 1.844077, 0.500000
2.603693, 0.965171, 1.844077, 0.500000
2.603693, 0.965171, 1.844077, 0.500000
2.602343, 0.969985, 1.844077, 0.500000
2.602343, 0.969985, 1.844077, 0.500000
2.602343, 0.969985, 1.844077, 0.500000
2.600994, 0.974800, 1.844077, 0.500000
2.600994, 0.974800, 1.844077, 0.500000
2.599644, 0.979614, 1.844077, 0.500000
2.599644, 0.979614, 1.844077, 0.500000
2.599644, 0.979614, 1.844077, 0.500000
2.598295, 0.984429, 1.844077, 0.500000
2.598295, 0.984429, 1.844077, 0.500000
2.596945, 0.989243, 1.844077, 0.500000
2.596945, 0.989243, 1.844077, 0.500000
2.596945, 0.989243, 1.844077, 0.500000
2.595596, 0.994058, 1.844077, 0.500000
2.595596, 0.994058, 1.844077, 0.500000
2.594247, 0.998872, 1.844077, 0.500000
2.594247, 0.998872, 1.844077, 0.500000
2.592897, 1.003686, 1.844077, 0.500000
2.592897, 1.003686, 1.844077, 0.500000
2.591548, 1.008501, 1.844077, 0.500000
2.591548, 1.008501, 1.844077, 0.500000
2.591548, 1.008501, 1.844077, 0.500000
2.590198, 1.013315, 1.844077, 0.500000
2.590198, 1.013315, 1.844077, 0.500000
2.588849, 1.018130, 1.844077, 0.500000
2.588849, 1.018130, 1.844077, 0.500000
2.588849, 1.018130, 1.844077, 0.500000
2.587499, 1.022944, 1.844077, 0.500000
2.587499, 1.022944, 1.844077, 0.500000
2.586150, 1.027759, 1.844077, 0.500000
2.586150, 1.027759, 1.844077, 0.500000
2.586150, 1.027759, 1.844077, 0.500000
2.584800, 1.032573, 1.844077, 0.500000
2.584800, 1.032573, 1.844077, 0.500000
2.583451, 1.037388, 1.844077, 0.500000
2.583451, 1.037388, 1.844077, 0.500000
2.583451, 1.037388, 1.844077, 0.500000
2.582101, 1.042202, 1.844077, 0.500000
2.582101, 1.042202, 1.844077, 0.500000
2.580752, 1.047016, 1.844077, 0.500000
2.580752, 1.047016, 1.844077, 0.500000
2.580752, 1.047016, 1.844077, 0.500000
2.579402, 1.051831, 1.844077, 0.500000
2.579402, 1.051831, 1.844077, 0.500000
2.578053, 1.056645, 1.844077, 0.500000
2.578053, 1.056645, 1.844077, 0.500000
2.578053, 1.056645, 1.844077, 0.500000
2.576704, 1.061460, 1.844077, 0.500000
2.576704, 1.061460, 1.844077, 0.500000
2.575354, 1.066274, 1.844077, 0.500000
2.575354, 1.066274, 1.844077, 0.500000
2.575354, 1.066274, 1.844077, 0.500000
2.574005, 1.071089, 1.844077, 0.500000
2.574005, 1.071089, 1.844077, 0.500000
2.572655, 1.075903, 1.844077, 0.500000
2.572655, 1.075903, 1.844077, 0.500000
2.572655, 1.075903, 1.844077, 0.500000
2.571306, 1.080718, 1.844077, 0.500000
2.571306, 1.080718, 1.844077, 0.500000
2.569956, 1.085532, 1.844077, 0.500000
2.569956, 1.085532, 1.844077, 0.500000
2.569956, 1.085532, 1.844077, 0.500000
2.568607, 1.090347, 1.844077, 0.500000
2.568607, 1.090347, 1.844077, 0.500000
2.567257, 1.095161, 1.844077, 0.500000
2.567257, 1.095161, 1.844077, 0.500000
2.567257, 1.095161, 1.844077, 0.500000
2.565908, 1.099975, 1.844077, 0.500000
2.565908, 1.099975, 1.844077, 0.500000
2.564558, 1.104790, 1.844077, 0.500000
2.564558, 1.104790, 1.844077, 0.500000
2.563209, 1.109604, 1.844077, 0.500000
2.563209, 1.109604, 1.844077, 0.500000
2.561860, 1.114419, 1.844077, 0.500000
2.561860, 1.114419, 1.844077, 0.500000
2.561860, 1.114419, 1.844077, 0.500000
2.560510, 1.119233, 1.844077, 0.500000
2.560510, 1.119233, 1.844077, 0.500000
2.559161, 1.124048, 1.844077, 0.500000
2.559161, 1.124048, 1.844077, 0.500000
2.559161, 1.124048, 1.844077, 0.500000
2.557811, 1.128862, 1.844077, 0.500000
2.557811, 1.128862, 1.844077, 0.500000
2.556462, 1.133677, 1.844077, 0.500000
2.556462, 1.133677, 1.844077, 0.500000
2.556462, 1.133677, 1.844077, 0.500000
2.555113, 1.138491, 1.843834, 0.500000
2.555113, 1.138491, 1.843834, 0.500000
2.553766, 1.143306, 1.843107, 0.500000
2.553766, 1.143306, 1.843107, 0.500000
2.553766, 1.143306, 1.843107, 0.500000
2.552424, 1.148123, 1.841893, 0.500000
2.552424, 1.148123, 1.841893, 0.500000
2.551089, 1.152941, 1.840190, 0.500000
2.551089, 1.152941, 1.840190, 0.500000
2.551089, 1.152941, 1.840190, 0.500000
2.549763, 1.157762, 1.837994, 0.500000
2.549763, 1.157762, 1.837994, 0.500000
2.548449, 1.162587, 1.835301, 0.500000
2.548449, 1.162587, 1.835301, 0.500000
2.548449, 1.162587, 1.835301, 0.500000
2.547150, 1.167415, 1.832105, 0.500000
2.547150, 1.167415, 1.832105, 0.500000
2.545867, 1.172248, 1.828399, 0.500000
2.545867, 1.172248, 1.828399, 0.500000
2.545867, 1.172248, 1.828399, 0.500000
2.544603, 1.177085, 1.824175, 0.500000
2.544603, 1.177085, 1.824175, 0.500000
2.543361, 1.181928, 1.819424, 0.500000
2.543361, 1.181928, 1.819424, 0.500000
2.543361, 1.181928, 1.819424, 0.500000
2.542142, 1.186778, 1.814673, 0.500000
2.542142, 1.186778, 1.814673, 0.500000
2.540946, 1.191632, 1.809922, 0.500000
2.540946, 1.191632, 1.809922, 0.500000
2.540946, 1.191632, 1.809922, 0.500000
2.539774, 1.196493, 1.805171, 0.500000
2.538624, 1.201359, 1.800420, 0.500000
2.538624, 1.201359, 1.800420, 0.500000
2.538624, 1.201359, 1.800420, 0.500000
2.537498, 1.206231, 1.795669, 0.500000
2.537498, 1.206231, 1.795669, 0.500000
2.536394, 1.211107, 1.790918, 0.500000
2.536394, 1.211107, 1.790918, 0.500000
2.535314, 1.215989, 1.786167, 0.500000
2.535314, 1.215989, 1.786167, 0.500000
2.534257, 1.220876, 1.781416, 0.500000
2.534257, 1.220876, 1.781416, 0.500000
2.534257, 1.220876, 1.781416, 0.500000
2.533223, 1.225768, 1.776665, 0.500000
2.533223, 1.225768, 1.776665, 0.500000
2.532213, 1.230665, 1.771914, 0.500000
2.532213, 1.230665, 1.771914, 0.500000
2.531226, 1.235567, 1.767163, 0.500000
2.531226, 1.235567, 1.767163, 0.500000
2.530262, 1.240473, 1.762412, 0.500000
2.530262, 1.240473, 1.762412, 0.500000
2.530262, 1.240473, 1.762412, 0.500000
2.529321, 1.245384, 1.757661, 0.500000
2.529321, 1.245384, 1.757661, 0.500000
2.528404, 1.250299, 1.752910, 0.500000
2.528404, 1.250299, 1.752910, 0.500000
2.528404, 1.250299, 1.752910, 0.500000
2.527510, 1.255218, 1.748159, 0.500000
2.527510, 1.255218, 1.748159, 0.500000
2.526640, 1.260142, 1.743408, 0.500000
2.526640, 1.260142, 1.743408, 0.500000
2.526640, 1.260142, 1.743408, 0.500000
2.525793, 1.265069, 1.738657, 0.500000
2.525793, 1.265069, 1.738657, 0.500000
2.524969, 1.270001, 1.733906, 0.500000
2.524969, 1.270001, 1.733906, 0.500000
2.524969, 1.270001, 1.733906, 0.500000
2.524169, 1.274937, 1.729156, 0.500000
2.524169, 1.274937, 1.729156, 0.500000
2.523392, 1.279876, 1.724405, 0.500000
2.523392, 1.279876, 1.724405, 0.500000
2.523392, 1.279876, 1.724405, 0.500000
2.522639, 1.284819, 1.719654, 0.500000
2.522639, 1.284819, 1.719654, 0.500000
2.521909, 1.289765, 1.714903, 0.500000
2.521909, 1.289765, 1.714903, 0.500000
2.521203, 1.294715, 1.710152, 0.500000
2.521203, 1.294715, 1.710152, 0.500000
2.520520, 1.299668, 1.705401, 0.500000
2.520520, 1.299668, 1.705401, 0.500000
2.520520, 1.299668, 1.705401, 0.500000
2.519861, 1.304625, 1.700650, 0.500000
2.519861, 1.304625, 1.700650, 0.500000
2.519225, 1.309584, 1.695899, 0.500000
2.519225, 1.309584, 1.695899, 0.500000
2.518613, 1.314547, 1.691148, 0.500000
2.518613, 1.314547, 1.691148, 0.500000
2.518024, 1.319512, 1.686397, 0.500000
2.518024, 1.319512, 1.686397, 0.500000
2.518024, 1.319512, 1.686397, 0.500000
2.517460, 1.324480, 1.681646, 0.500000
2.517460, 1.324480, 1.681646, 0.500000
2.516918, 1.329450, 1.676895, 0.500000
2.516918, 1.329450, 1.676895, 0.500000
2.516918, 1.329450, 1.676895, 0.500000
2.516401, 1.334423, 1.672144, 0.500000
2.516401, 1.334423, 1.672144, 0.500000
2.515906, 1.339399, 1.667393, 0.500000
2.515906, 1.339399, 1.667393, 0.500000
2.515906, 1.339399, 1.667393, 0.500000
2.515436, 1.344377, 1.662642, 0.500000
2.515436, 1.344377, 1.662642, 0.500000
2.514989, 1.349357, 1.657891, 0.500000
2.514989, 1.349357, 1.657891, 0.500000
2.514989, 1.349357, 1.657891, 0.500000
2.514566, 1.354339, 1.653140, 0.500000
2.514566, 1.354339, 1.653140, 0.500000
2.514167, 1.359323, 1.648389, 0.500000
2.514167, 1.359323, 1.648389, 0.500000
2.514167, 1.359323, 1.648389, 0.500000
2.513791, 1.364309, 1.643638, 0.500000
2.513791, 1.364309, 1.643638, 0.500000
2.513439, 1.369296, 1.638887, 0.500000
2.513439, 1.369296, 1.638887, 0.500000
2.513111, 1.374286, 1.634136, 0.500000
2.512805, 1.379276, 1.629912, 0.500000
2.512805, 1.379276, 1.629912, 0.500000
2.512805, 1.379276, 1.629912, 0.500000
2.512519, 1.384268, 1.626206, 0.500000
2.512519, 1.384268, 1.626206, 0.500000
2.512250, 1.389261, 1.623010, 0.500000
2.512250, 1.389261, 1.623010, 0.500000
2.511996, 1.394254, 1.620317, 0.500000
2.511996, 1.394254, 1.620317, 0.500000
2.511754, 1.399248, 1.618121, 0.500000
2.511754, 1.399248, 1.618121, 0.500000
2.511522, 1.404243, 1.616418, 0.500000
2.511522, 1.404243, 1.616418, 0.500000
2.511298, 1.409238, 1.615204, 0.500000
2.511298, 1.409238, 1.615204, 0.500000
2.511298, 1.409238, 1.615204, 0.500000
2.511078, 1.414233, 1.614477, 0.500000
2.511078, 1.414233, 1.614477, 0.500000
2.510860, 1.419228, 1.614234, 0.500000
2.510860, 1.419228, 1.614234, 0.500000
2.510643, 1.424224, 1.614234, 0.500000
2.510643, 1.424224, 1.614234, 0.500000
2.510426, 1.429219, 1.614234, 0.500000
2.510426, 1.429219, 1.614234, 0.500000
2.510426, 1.429219, 1.614234, 0.500000
2.510209, 1.434214, 1.614234, 0.500000
2.510209, 1.434214, 1.614234, 0.500000
2.509992, 1.439210, 1.614234, 0.500000
2.509992, 1.439210, 1.614234, 0.500000
2.509992, 1.439210, 1.614234, 0.500000
2.509775, 1.444205, 1.614234, 0.500000
2.509775, 1.444205, 1.614234, 0.500000
2.509557, 1.449200, 1.614234, 0.500000
2.509557, 1.449200, 1.614234, 0.500000
2.509557, 1.449200, 1.614234, 0.500000
2.509340, 1.454195, 1.614234, 0.500000
2.509340, 1.454195, 1.614234, 0.500000
2.509123, 1.459191, 1.614234, 0.500000
2.509123, 1.459191, 1.614234, 0.500000
2.509123, 1.459191, 1.614234, 0.500000
2.508906, 1.464186, 1.614234, 0.500000
2.508906, 1.464186, 1.614234, 0.500000
2.508689, 1.469181, 1.614234, 0.500000
2.508689, 1.469181, 1.614234, 0.500000
2.508689, 1.469181, 1.614234, 0.500000
2.508472, 1.474177, 1.614234, 0.500000
2.508472, 1.474177, 1.614234, 0.500000
2.508255, 1.479172, 1.614234, 0.500000
2.508255, 1.479172, 1.614234, 0.500000
2.508038, 1.484167, 1.614234, 0.500000
2.508038, 1.484167, 1.614234, 0.500000
2.507820, 1.489162, 1.614234, 0.500000
2.507820, 1.489162, 1.614234, 0.500000
2.507820, 1.489162, 1.614234, 0.500000
2.507603, 1.494158, 1.614234, 0.500000
2.507603, 1.494158, 1.614234, 0.500000
2.507386, 1.499153, 1.614234, 0.500000
2.507386, 1.499153, 1.614234, 0.500000
2.507169, 1.504148, 1.614234, 0.500000
2.507169, 1.504148, 1.614234, 0.500000
2.506952, 1.509144, 1.614234, 0.500000
2.506952, 1.509144, 1.614234, 0.500000
2.506952, 1.509144, 1.614234, 0.500000
2.506735, 1.514139, 1.614234, 0.500000
2.506518, 1.519134, 1.614234, 0.500000
2.506518, 1.519134, 1.614234, 0.500000
2.506518, 1.519134, 1.614234, 0.500000
2.506301, 1.524129, 1.614234, 0.500000
2.506301, 1.524129, 1.614234, 0.500000
2.506083, 1.529125, 1.614234, 0.500000
2.506083, 1.529125, 1.614234, 0.500000
2.506083, 1.529125, 1.614234, 0.500000
2.505866, 1.534120, 1.614234, 0.500000
2.505866, 1.534120, 1.614234, 0.500000
2.505649, 1.539115, 1.614234, 0.500000
2.505649, 1.539115, 1.614234, 0.500000
2.505649, 1.539115, 1.614234, 0.500000
2.505432, 1.544111, 1.614234, 0.500000
2.505432, 1.544111, 1.614234, 0.500000
2.505215, 1.549106, 1.614234, 0.500000
2.505215, 1.549106, 1.614234, 0.500000
2.505215, 1.549106, 1.614234, 0.500000
2.504998, 1.554101, 1.614234, 0.500000
2.504998, 1.554101, 1.614234, 0.500000
2.504781, 1.559096, 1.614234, 0.500000
2.504781, 1.559096, 1.614234, 0.500000
2.504564, 1.564092, 1.614234, 0.500000
2.504564, 1.564092, 1.614234, 0.500000
2.504346, 1.569087, 1.614234, 0.500000
2.504346, 1.569087, 1.614234, 0.500000
2.504346, 1.569087, 1.614234, 0.500000
2.504129, 1.574082, 1.614234, 0.500000
2.504129, 1.574082, 1.614234, 0.500000
2.503912, 1.579078, 1.614234, 0.500000
2.503912, 1.579078, 1.614234, 0.500000
2.503695, 1.584073, 1.614234, 0.500000
2.503695, 1.584073, 1.614234, 0.500000
2.503478, 1.589068, 1.614234, 0.500000
2.503478, 1.589068, 1.614234, 0.500000
2.503478, 1.589068, 1.614234, 0.500000
2.503261, 1.594063, 1.614234, 0.500000
2.503261, 1.594063, 1.614234, 0.500000
2.503044, 1.599059, 1.614234, 0.500000
2.503044, 1.599059, 1.614234, 0.500000
2.503044, 1.599059, 1.614234, 0.500000
2.502827, 1.604054, 1.614234, 0.500000
2.502827, 1.604054, 1.614234, 0.500000
2.502610, 1.609049, 1.614234, 0.500000
2.502610, 1.609049, 1.614234, 0.500000
2.502392, 1.614045, 1.614234, 0.500000
2.502392, 1.614045, 1.614234, 0.500000
2.502175, 1.619040, 1.614234, 0.500000
2.502175, 1.619040, 1.614234, 0.500000
2.502175, 1.619040, 1.614234, 0.500000
2.501958, 1.624035, 1.614234, 0.500000
2.501958, 1.624035, 1.614234, 0.500000
2.501741, 1.629030, 1.614234, 0.500000
2.501741, 1.629030, 1.614234, 0.500000
2.501741, 1.629030, 1.614234, 0.500000
2.501524, 1.634026, 1.614234, 0.500000
2.501524, 1.634026, 1.614234, 0.500000
2.501307, 1.639021, 1.614234, 0.500000
2.501307, 1.639021, 1.614234, 0.500000
2.501307, 1.639021, 1.614234, 0.500000
2.501090, 1.644016, 1.614234, 0.500000
2.501090, 1.644016, 1.614234, 0.500000
2.500873, 1.649011, 1.614234, 0.500000
2.500873, 1.649011, 1.614234, 0.500000
2.500873, 1.649011, 1.614234, 0.500000
2.500655, 1.654007, 1.614234, 0.500000
2.500655, 1.654007, 1.614234, 0.500000
2.500438, 1.659002, 1.614234, 0.500000
2.500438, 1.659002, 1.614234, 0.500000
2.500438, 1.659002, 1.614234, 0.500000
2.500221, 1.663997, 1.614234, 0.500000
2.500221, 1.663997, 1.614234, 0.500000
2.500004, 1.668993, 1.614234, 0.500000
2.500004, 1.668993, 1.614234, 0.500000
2.500004, 1.668993, 1.614234, 0.500000
2.499787, 1.673988, 1.614234, 0.500000
2.499787, 1.673988, 1.614234, 0.500000
2.499570, 1.678983, 1.614234, 0.500000
2.499570, 1.678983, 1.614234, 0.500000
2.499570, 1.678983, 1.614234, 0.500000
2.499353, 1.683978, 1.614234, 0.500000
2.499353, 1.683978, 1.614234, 0.500000
2.499136, 1.688974, 1.614234, 0.500000
2.499136, 1.688974, 1.614234, 0.500000
2.499136, 1.688974, 1.614234, 0.500000
2.498918, 1.693969, 1.614234, 0.500000
2.498918, 1.693969, 1.614234, 0.500000
2.498701, 1.698964, 1.614234, 0.500000
2.498701, 1.698964, 1.614234, 0.500000
2.498701, 1.698964, 1.614234, 0.500000
2.498484, 1.703960, 1.614234, 0.500000
2.498484, 1.703960, 1.614234, 0.500000
2.498267, 1.708955, 1.614234, 0.500000
2.498267, 1.708955, 1.614234, 0.500000
2.498267, 1.708955, 1.614234, 0.500000
2.498050, 1.713950, 1.614234, 0.500000
2.498050, 1.713950, 1.614234, 0.500000
2.497833, 1.718945, 1.614234, 0.500000
2.497833, 1.718945, 1.614234, 0.500000
2.497833, 1.718945, 1.614234, 0.500000
2.497616, 1.723941, 1.614234, 0.500000
2.497616, 1.723941, 1.614234, 0.500000
2.497399, 1.728936, 1.614234, 0.500000
2.497399, 1.728936, 1.614234, 0.500000
2.497399, 1.728936, 1.614234, 0.500000
2.497181, 1.733931, 1.614234, 0.500000
2.497181, 1.733931, 1.614234, 0.500000
2.496964, 1.738927, 1.614234, 0.500000
2.496964, 1.738927, 1.614234, 0.500000
2.496964, 1.738927, 1.614234, 0.500000
2.496747, 1.743922, 1.614234, 0.500000
2.496747, 1.743922, 1.614234, 0.500000
2.496530, 1.748917, 1.614234, 0.500000
2.496530, 1.748917, 1.614234, 0.500000
2.496530, 1.748917, 1.614234, 0.500000
2.496313, 1.753912, 1.614234, 0.500000
2.496313, 1.753912, 1.614234, 0.500000
2.496096, 1.758908, 1.614234, 0.500000
2.496096, 1.758908, 1.614234, 0.500000
2.496096, 1.758908, 1.614234, 0.500000
2.495879, 1.763903, 1.614234, 0.500000
2.495879, 1.763903, 1.614234, 0.500000
2.495662, 1.768898, 1.614234, 0.500000
2.495662, 1.768898, 1.614234, 0.500000
2.495662, 1.768898, 1.614234, 0.500000
2.495445, 1.773894, 1.614234, 0.500000
2.495445, 1.773894, 1.614234, 0.500000
2.495227, 1.778889, 1.614234, 0.500000
2.495227, 1.778889, 1.614234, 0.500000
2.495227, 1.778889, 1.614234, 0.500000
2.495010, 1.783884, 1.614234, 0.500000
2.495010, 1.783884, 1.614234, 0.500000
2.494793, 1.788879, 1.614234, 0.500000
2.494793, 1.788879, 1.614234, 0.500000
2.494576, 1.793875, 1.614234, 0.500000
2.494576, 1.793875, 1.614234, 0.500000
2.494359, 1.798870, 1.614234, 0.500000
2.494359, 1.798870, 1.614234, 0.500000
2.494142, 1.803865, 1.614234, 0.500000
2.494142, 1.803865, 1.614234, 0.500000
2.493925, 1.808861, 1.614234, 0.500000
2.493925, 1.808861, 1.614234, 0.500000
2.493925, 1.808861, 1.614234, 0.500000
2.493708, 1.813856, 1.614234, 0.500000
2.493708, 1.813856, 1.614234, 0.500000
2.493490, 1.818851, 1.614234, 0.500000
2.493490, 1.818851, 1.614234, 0.500000
2.493273, 1.823846, 1.614234, 0.500000
2.493273, 1.823846, 1.614234, 0.500000
2.493056, 1.828842, 1.614234, 0.500000
2.493056, 1.828842, 1.614234, 0.500000
2.493056, 1.828842, 1.614234, 0.500000
2.492839, 1.833837, 1.614234, 0.500000
2.492839, 1.833837, 1.614234, 0.500000
2.492622, 1.838832, 1.614234, 0.500000
2.492622, 1.838832, 1.614234, 0.500000
2.492622, 1.838832, 1.614234, 0.500000
2.492405, 1.843828, 1.614234, 0.500000
2.492405, 1.843828, 1.614234, 0.500000
2.492188, 1.848823, 1.614234, 0.500000
2.492188, 1.848823, 1.614234, 0.500000
2.492188, 1.848823, 1.614234, 0.500000
2.491971, 1.853818, 1.614234, 0.500000
2.491971, 1.853818, 1.614234, 0.500000
2.491753, 1.858813, 1.614234, 0.500000
2.491753, 1.858813, 1.614234, 0.500000
2.491753, 1.858813, 1.614234, 0.500000
2.491536, 1.863809, 1.614234, 0.500000
2.491536, 1.863809, 1.614234, 0.500000
2.491319, 1.868804, 1.614234, 0.500000
2.491319, 1.868804, 1.614234, 0.500000
2.491102, 1.873799, 1.614234, 0.500000
2.491102, 1.873799, 1.614234, 0.500000
2.491102, 1.873799, 1.614234, 0.500000
2.490885, 1.878795, 1.614234, 0.500000
2.490885, 1.878795, 1.614234, 0.500000
2.490885, 1.878795, 1.614234, 0.500000
2.490668, 1.883790, 1.614234, 0.500000
2.490668, 1.883790, 1.614234, 0.500000
2.490451, 1.888785, 1.614234, 0.500000
2.490451, 1.888785, 1.614234, 0.500000
2.490451, 1.888785, 1.614234, 0.500000
2.490234, 1.893780, 1.614234, 0.500000
2.490234, 1.893780, 1.614234, 0.500000
2.490016, 1.898776, 1.614234, 0.500000
2.490016, 1.898776, 1.614234, 0.500000
2.490016, 1.898776, 1.614234, 0.500000
2.489799, 1.903771, 1.614234, 0.500000
2.489799, 1.903771, 1.614234, 0.500000
2.489582, 1.908766, 1.614234, 0.500000
2.489582, 1.908766, 1.614234, 0.500000
2.489582, 1.908766, 1.614234, 0.500000
2.489365, 1.913762, 1.614234, 0.500000
2.489365, 1.913762, 1.614234, 0.500000
2.489148, 1.918757, 1.614234, 0.500000
2.489148, 1.918757, 1.614234, 0.500000
2.489148, 1.918757, 1.614234, 0.500000
2.488931, 1.923752, 1.614234, 0.500000
2.488931, 1.923752, 1.614234, 0.500000
2.488714, 1.928747, 1.614234, 0.500000
2.488714, 1.928747, 1.614234, 0.500000
2.488497, 1.933743, 1.614234, 0.500000
2.488497, 1.933743, 1.614234, 0.500000
2.488280, 1.938738, 1.614234, 0.500000
2.488280, 1.938738, 1.614234, 0.500000
2.488280, 1.938738, 1.614234, 0.500000
2.488062, 1.943733, 1.614234, 0.500000
2.488062, 1.943733, 1.614234, 0.500000
2.487845, 1.948729, 1.614234, 0.500000
2.487845, 1.948729, 1.614234, 0.500000
2.487845, 1.948729, 1.614234, 0.500000
2.487628, 1.953724, 1.614234, 0.500000
2.487628, 1.953724, 1.614234, 0.500000
2.487411, 1.958719, 1.614234, 0.500000
2.487411, 1.958719, 1.614234, 0.500000
2.487411, 1.958719, 1.614234, 0.500000
2.487194, 1.963714, 1.614234, 0.500000
2.487194, 1.963714, 1.614234, 0.500000
2.486977, 1.968710, 1.614234, 0.500000
2.486977, 1.968710, 1.614234, 0.500000
2.486977, 1.968710, 1.614234, 0.500000
2.486760, 1.973705, 1.614234, 0.500000
2.486760, 1.973705, 1.614234, 0.500000
2.486543, 1.978700, 1.614234, 0.500000
2.486543, 1.978700, 1.614234, 0.500000
2.486325, 1.983695, 1.614234, 0.500000
2.486325, 1.983695, 1.614234, 0.500000
2.486108, 1.988691, 1.614234, 0.500000
2.486108, 1.988691, 1.614234, 0.500000
2.486108, 1.988691, 1.614234, 0.500000
2.485891, 1.993686, 1.614234, 0.500000
2.485891, 1.993686, 1.614234, 0.500000
2.485674, 1.998681, 1.614234, 0.500000
2.485674, 1.998681, 1.614234, 0.500000
2.485674, 1.998681, 1.614234, 0.500000
2.485457, 2.003677, 1.614234, 0.500000
2.485457, 2.003677, 1.614234, 0.500000
2.485240, 2.008672, 1.614234, 0.500000
2.485240, 2.008672, 1.614234, 0.500000
2.485023, 2.013667, 1.614234, 0.500000
2.485023, 2.013667, 1.614234, 0.500000
2.484806, 2.018662, 1.614234, 0.500000
2.484806, 2.018662, 1.614234, 0.500000
2.484806, 2.018662, 1.614234, 0.500000
2.484588, 2.023658, 1.614234, 0.500000
2.484588, 2.023658, 1.614234, 0.500000
2.484371, 2.028653, 1.614234, 0.500000
2.484371, 2.028653, 1.614234, 0.500000
2.484371, 2.028653, 1.614234, 0.500000
2.484154, 2.033648, 1.614234, 0.500000
2.484154, 2.033648, 1.614234, 0.500000
2.483937, 2.038644, 1.614234, 0.500000
2.483937, 2.038644, 1.614234, 0.500000
2.483720, 2.043639, 1.614234, 0.500000
2.483720, 2.043639, 1.614234, 0.500000
2.483503, 2.048634, 1.614234, 0.500000
2.483503, 2.048634, 1.614234, 0.500000
2.483503, 2.048634, 1.614234, 0.500000
2.483286, 2.053629, 1.614234, 0.500000
2.483286, 2.053629, 1.614234, 0.500000
2.483069, 2.058625, 1.614234, 0.500000
2.483069, 2.058625, 1.614234, 0.500000
2.483069, 2.058625, 1.614234, 0.500000
2.482851, 2.063620, 1.614234, 0.500000
2.482851, 2.063620, 1.614234, 0.500000
2.482634, 2.068615, 1.614234, 0.500000
2.482634, 2.068615, 1.614234, 0.500000
2.482634, 2.068615, 1.614234, 0.500000
2.482417, 2.073611, 1.614234, 0.500000
2.482417, 2.073611, 1.614234, 0.500000
2.482200, 2.078606, 1.614234, 0.500000
2.482200, 2.078606, 1.614234, 0.500000
2.482200, 2.078606, 1.614234, 0.500000
2.481983, 2.083601, 1.614234, 0.500000
2.481983, 2.083601, 1.614234, 0.500000
2.481766, 2.088596, 1.614234, 0.500000
2.481766, 2.088596, 1.614234, 0.500000
2.481766, 2.088596, 1.614234, 0.500000
2.481549, 2.093592, 1.614234, 0.500000
2.481549, 2.093592, 1.614234, 0.500000
2.481332, 2.098587, 1.614234, 0.500000
2.481332, 2.098587, 1.614234, 0.500000
2.481332, 2.098587, 1.614234, 0.500000
2.481114, 2.103582, 1.614234, 0.500000
2.481114, 2.103582, 1.614234, 0.500000
2.480897, 2.108578, 1.614234, 0.500000
2.480897, 2.108578, 1.614234, 0.500000
2.480897, 2.108578, 1.614234, 0.500000
2.480680, 2.113573, 1.614234, 0.500000
2.480680, 2.113573, 1.614234, 0.500000
2.480463, 2.118568, 1.614234, 0.500000
2.480463, 2.118568, 1.614234, 0.500000
2.480463, 2.118568, 1.614234, 0.500000
2.480246, 2.123563, 1.614234, 0.500000
2.480246, 2.123563, 1.614234, 0.500000
2.480029, 2.128559, 1.614234, 0.500000
2.480029, 2.128559, 1.614234, 0.500000
2.480029, 2.128559, 1.614234, 0.500000
2.479812, 2.133554, 1.614234, 0.500000
2.479812, 2.133554, 1.614234, 0.500000
2.479595, 2.138549, 1.614234, 0.500000
2.479595, 2.138549, 1.614234, 0.500000
2.479595, 2.138549, 1.614234, 0.500000
2.479378, 2.143545, 1.614234, 0.500000
2.479378, 2.143545, 1.614234, 0.500000
2.479160, 2.148540, 1.614234, 0.500000
2.479160, 2.148540, 1.614234, 0.500000
2.479160, 2.148540, 1.614234, 0.500000
2.478943, 2.153535, 1.614234, 0.500000
2.478726, 2.158530, 1.614234, 0.500000
2.478726, 2.158530, 1.614234, 0.500000
2.478726, 2.158530, 1.614234, 0.500000
2.478509, 2.163526, 1.614234, 0.500000
2.478509, 2.163526, 1.614234, 0.500000
2.478292, 2.168521, 1.614234, 0.500000
2.478292, 2.168521, 1.614234, 0.500000
2.478292, 2.168521, 1.614234, 0.500000
2.478075, 2.173516, 1.614234, 0.500000
2.478075, 2.173516, 1.614234, 0.500000
2.477858, 2.178512, 1.614234, 0.500000
2.477858, 2.178512, 1.614234, 0.500000
2.477858, 2.178512, 1.614234, 0.500000
2.477641, 2.183507, 1.614234, 0.500000
2.477641, 2.183507, 1.614234, 0.500000
2.477423, 2.188502, 1.614234, 0.500000
2.477423, 2.188502, 1.614234, 0.500000
2.477423, 2.188502, 1.614234, 0.500000
2.477206, 2.193497, 1.614234, 0.500000
2.477206, 2.193497, 1.614234, 0.500000
2.476989, 2.198493, 1.614234, 0.500000
2.476989, 2.198493, 1.614234, 0.500000
2.476772, 2.203488, 1.614234, 0.500000
2.476772, 2.203488, 1.614234, 0.500000
2.476555, 2.208483, 1.614234, 0.500000
2.476555, 2.208483, 1.614234, 0.500000
2.476555, 2.208483, 1.614234, 0.500000
2.476338, 2.213479, 1.614234, 0.500000
2.476338, 2.213479, 1.614234, 0.500000
2.476121, 2.218474, 1.614234, 0.500000
2.476121, 2.218474, 1.614234, 0.500000
2.476121, 2.218474, 1.614234, 0.500000
2.475904, 2.223469, 1.614234, 0.500000
2.475904, 2.223469, 1.614234, 0.500000
2.475686, 2.228464, 1.614234, 0.500000
2.475686, 2.228464, 1.614234, 0.500000
2.475686, 2.228464, 1.614234, 0.500000
2.475469, 2.233460, 1.614234, 0.500000
2.475469, 2.233460, 1.614234, 0.500000
2.475252, 2.238455, 1.614234, 0.500000
2.475252, 2.238455, 1.614234, 0.500000
2.475035, 2.243450, 1.614234, 0.500000
2.475035, 2.243450, 1.614234, 0.500000
2.474818, 2.248446, 1.614234, 0.500000
2.474818, 2.248446, 1.614234, 0.500000
2.474818, 2.248446, 1.614234, 0.500000
2.474601, 2.253441, 1.614234, 0.500000
2.474601, 2.253441, 1.614234, 0.500000
2.474384, 2.258436, 1.614234, 0.500000
2.474384, 2.258436, 1.614234, 0.500000
2.474384, 2.258436, 1.614234, 0.500000
2.474167, 2.263431, 1.614234, 0.500000
2.474167, 2.263431, 1.614234, 0.500000
2.473949, 2.268427, 1.614234, 0.500000
2.473949, 2.268427, 1.614234, 0.500000
2.473949, 2.268427, 1.614234, 0.500000
2.473732, 2.273422, 1.614234, 0.500000
2.473732, 2.273422, 1.614234, 0.500000
2.473515, 2.278417, 1.614234, 0.500000
2.473515, 2.278417, 1.614234, 0.500000
2.473298, 2.283413, 1.614234, 0.500000
2.473298, 2.283413, 1.614234, 0.500000
2.473081, 2.288408, 1.614234, 0.500000
2.473081, 2.288408, 1.614234, 0.500000
2.473081, 2.288408, 1.614234, 0.500000
2.472864, 2.293403, 1.614234, 0.500000
2.472864, 2.293403, 1.614234, 0.500000
2.472647, 2.298398, 1.614234, 0.500000
2.472647, 2.298398, 1.614234, 0.500000
2.472430, 2.303394, 1.614234, 0.500000
2.472430, 2.303394, 1.614234, 0.500000
2.472213, 2.308389, 1.614234, 0.500000
2.472213, 2.308389, 1.614234, 0.500000
2.472213, 2.308389, 1.614234, 0.500000
2.471995, 2.313384, 1.614234, 0.500000
2.471995, 2.313384, 1.614234, 0.500000
2.471778, 2.318379, 1.614234, 0.500000
2.471778, 2.318379, 1.614234, 0.500000
2.471778, 2.318379, 1.614234, 0.500000
2.471561, 2.323375, 1.614234, 0.500000
2.471561, 2.323375, 1.614234, 0.500000
2.471344, 2.328370, 1.614234, 0.500000
2.471344, 2.328370, 1.614234, 0.500000
2.471344, 2.328370, 1.614234, 0.500000
2.471127, 2.333365, 1.614234, 0.500000
2.471127, 2.333365, 1.614234, 0.500000
2.470910, 2.338361, 1.614234, 0.500000
2.470910, 2.338361, 1.614234, 0.500000
2.470910, 2.338361, 1.614234, 0.500000
2.470693, 2.343356, 1.614234, 0.500000
2.470693, 2.343356, 1.614234, 0.500000
2.470476, 2.348351, 1.614234, 0.500000
2.470476, 2.348351, 1.614234, 0.500000
2.470476, 2.348351, 1.614234, 0.500000
2.470258, 2.353346, 1.614234, 0.500000
2.470258, 2.353346, 1.614234, 0.500000
2.470041, 2.358342, 1.614234, 0.500000
2.470041, 2.358342, 1.614234, 0.500000
2.470041, 2.358342, 1.614234, 0.500000
2.469824, 2.363337, 1.614234, 0.500000
2.469824, 2.363337, 1.614234, 0.500000
2.469607, 2.368332, 1.614234, 0.500000
2.469607, 2.368332, 1.614234, 0.500000
2.469607, 2.368332, 1.614234, 0.500000
2.469390, 2.373328, 1.614234, 0.500000
2.469390, 2.373328, 1.614234, 0.500000
2.469173, 2.378323, 1.614234, 0.500000
2.469173, 2.378323, 1.614234, 0.500000
2.469173, 2.378323, 1.614234, 0.500000
2.468956, 2.383318, 1.614234, 0.500000
2.468739, 2.388313, 1.614234, 0.500000
2.468739, 2.388313, 1.614234, 0.500000
2.468739, 2.388313, 1.614234, 0.500000
2.468521, 2.393309, 1.614234, 0.500000
2.468521, 2.393309, 1.614234, 0.500000
2.468304, 2.398304, 1.614234, 0.500000
2.468304, 2.398304, 1.614234, 0.500000
2.468304, 2.398304, 1.614234, 0.500000
2.468087, 2.403299, 1.614234, 0.500000
2.468087, 2.403299, 1.614234, 0.500000
2.467870, 2.408295, 1.614234, 0.500000
2.467870, 2.408295, 1.614234, 0.500000
2.467653, 2.413290, 1.614234, 0.500000
2.467653, 2.413290, 1.614234, 0.500000
2.467436, 2.418285, 1.614234, 0.500000
2.467436, 2.418285, 1.614234, 0.500000
2.467436, 2.418285, 1.614234, 0.500000
2.467219, 2.423280, 1.614234, 0.500000
2.467219, 2.423280, 1.614234, 0.500000
2.467002, 2.428276, 1.614234, 0.500000
2.467002, 2.428276, 1.614234, 0.500000
2.467002, 2.428276, 1.614234, 0.500000
2.466784, 2.433271, 1.614234, 0.500000
2.466784, 2.433271, 1.614234, 0.500000
2.466567, 2.438266, 1.614234, 0.500000
2.466567, 2.438266, 1.614234, 0.500000
2.466350, 2.443262, 1.614234, 0.500000
2.466350, 2.443262, 1.614234, 0.500000
2.466133, 2.448257, 1.614234, 0.500000
2.466133, 2.448257, 1.614234, 0.500000
2.466133, 2.448257, 1.614234, 0.500000
2.465916, 2.453252, 1.614234, 0.500000
2.465916, 2.453252, 1.614234, 0.500000
2.465699, 2.458247, 1.614234, 0.500000
2.465699, 2.458247, 1.614234, 0.500000
2.465699, 2.458247, 1.614234, 0.500000
2.465482, 2.463243, 1.614234, 0.500000
2.465482, 2.463243, 1.614234, 0.500000
2.465265, 2.468238, 1.614234, 0.500000
2.465265, 2.468238, 1.614234, 0.500000
2.465265, 2.468238, 1.614234, 0.500000
2.465048, 2.473233, 1.614234, 0.500000
2.465048, 2.473233, 1.614234, 0.500000
2.464830, 2.478229, 1.614234, 0.500000
2.464830, 2.478229, 1.614234, 0.500000
2.464830, 2.478229, 1.614234, 0.500000
2.464613, 2.483224, 1.614234, 0.500000
2.464613, 2.483224, 1.614234, 0.500000
2.464396, 2.488219, 1.614234, 0.500000
2.464396, 2.488219, 1.614234, 0.500000
2.464179, 2.493214, 1.614234, 0.500000
2.464179, 2.493214, 1.614234, 0.500000
2.463962, 2.498210, 1.614234, 0.500000
2.463962, 2.498210, 1.614234, 0.500000
2.463962, 2.498210, 1.614234, 0.500000
2.463745, 2.503205, 1.614234, 0.500000
2.463745, 2.503205, 1.614234, 0.500000
2.463528, 2.508200, 1.614234, 0.500000
2.463528, 2.508200, 1.614234, 0.500000
2.463528, 2.508200, 1.614234, 0.500000
2.463311, 2.513196, 1.614234, 0.500000
2.463311, 2.513196, 1.614234, 0.500000
2.463093, 2.518191, 1.614234, 0.500000
2.463093, 2.518191, 1.614234, 0.500000
2.463093, 2.518191, 1.614234, 0.500000
2.462876, 2.523186, 1.614234, 0.500000
2.462876, 2.523186, 1.614234, 0.500000
2.462659, 2.528181, 1.614234, 0.500000
2.462659, 2.528181, 1.614234, 0.500000
2.462659, 2.528181, 1.614234, 0.500000
2.462442, 2.533177, 1.614234, 0.500000
2.462442, 2.533177, 1.614234, 0.500000
2.462225, 2.538172, 1.614234, 0.500000
2.462225, 2.538172, 1.614234, 0.500000
2.462008, 2.543167, 1.614234, 0.500000
2.462008, 2.543167, 1.614234, 0.500000
2.461791, 2.548163, 1.614234, 0.500000
2.461791, 2.548163, 1.614234, 0.500000
2.461791, 2.548163, 1.614234, 0.500000
2.461574, 2.553158, 1.614234, 0.500000
2.461574, 2.553158, 1.614234, 0.500000
2.461356, 2.558153, 1.614234, 0.500000
2.461356, 2.558153, 1.614234, 0.500000
2.461356, 2.558153, 1.614234, 0.500000
2.461139, 2.563148, 1.614234, 0.500000
2.461139, 2.563148, 1.614234, 0.500000
2.460922, 2.568144, 1.614234, 0.500000
2.460922, 2.568144, 1.614234, 0.500000
2.460922, 2.568144, 1.614234, 0.500000
2.460705, 2.573139, 1.614234, 0.500000
2.460705, 2.573139, 1.614234, 0.500000
2.460488, 2.578134, 1.614234, 0.500000
2.460488, 2.578134, 1.614234, 0.500000
2.460488, 2.578134, 1.614234, 0.500000
2.460271, 2.583130, 1.614234, 0.500000
2.460271, 2.583130, 1.614234, 0.500000
2.460054, 2.588125, 1.614234, 0.500000
2.460054, 2.588125, 1.614234, 0.500000
2.459837, 2.593120, 1.614234, 0.500000
2.459837, 2.593120, 1.614234, 0.500000
2.459619, 2.598115, 1.614234, 0.500000
2.459619, 2.598115, 1.614234, 0.500000
2.459619, 2.598115, 1.614234, 0.500000
2.459402, 2.603111, 1.614234, 0.500000
2.459402, 2.603111, 1.614234, 0.500000
2.459185, 2.608106, 1.614234, 0.500000
2.459185, 2.608106, 1.614234, 0.500000
2.459185, 2.608106, 1.614234, 0.500000
2.458968, 2.613101, 1.614234, 0.500000
2.458968, 2.613101, 1.614234, 0.500000
2.458751, 2.618097, 1.614234, 0.500000
2.458751, 2.618097, 1.614234, 0.500000
2.458751, 2.618097, 1.614234, 0.500000
2.458534, 2.623092, 1.614234, 0.500000
2.458534, 2.623092, 1.614234, 0.500000
2.458317, 2.628087, 1.614234, 0.500000
2.458317, 2.628087, 1.614234, 0.500000
2.458317, 2.628087, 1.614234, 0.500000
2.458100, 2.633082, 1.614234, 0.500000
2.458100, 2.633082, 1.614234, 0.500000
2.457883, 2.638078, 1.614234, 0.500000
2.457883, 2.638078, 1.614234, 0.500000
2.457883, 2.638078, 1.614234, 0.500000
2.457665, 2.643073, 1.614234, 0.500000
2.457665, 2.643073, 1.614234, 0.500000
2.457448, 2.648068, 1.614234, 0.500000
2.457448, 2.648068, 1.614234, 0.500000
2.457231, 2.653064, 1.614234, 0.500000
2.457231, 2.653064, 1.614234, 0.500000
2.457014, 2.658059, 1.614234, 0.500000
2.457014, 2.658059, 1.614234, 0.500000
2.457014, 2.658059, 1.614234, 0.500000
2.456797, 2.663054, 1.614234, 0.500000
2.456797, 2.663054, 1.614234, 0.500000
2.456580, 2.668049, 1.614234, 0.500000
2.456580, 2.668049, 1.614234, 0.500000
2.456580, 2.668049, 1.614234, 0.500000
2.456363, 2.673045, 1.614234, 0.500000
2.456363, 2.673045, 1.614234, 0.500000
2.456146, 2.678040, 1.614234, 0.500000
2.456146, 2.678040, 1.614234, 0.500000
2.456146, 2.678040, 1.614234, 0.500000
2.455928, 2.683035, 1.614234, 0.500000
2.455928, 2.683035, 1.614234, 0.500000
2.455711, 2.688030, 1.614234, 0.500000
2.455711, 2.688030, 1.614234, 0.500000
2.455711, 2.688030, 1.614234, 0.500000
2.455494, 2.693026, 1.614234, 0.500000
2.455494, 2.693026, 1.614234, 0.500000
2.455277, 2.698021, 1.614234, 0.500000
2.455277, 2.698021, 1.614234, 0.500000
2.455277, 2.698021, 1.614234, 0.500000
2.455060, 2.703016, 1.614234, 0.500000
2.455060, 2.703016, 1.614234, 0.500000
2.454843, 2.708012, 1.614234, 0.500000
2.454843, 2.708012, 1.614234, 0.500000
2.454843, 2.708012, 1.614234, 0.500000
2.454626, 2.713007, 1.614234, 0.500000
2.454626, 2.713007, 1.614234, 0.500000
2.454409, 2.718002, 1.614234, 0.500000
2.454409, 2.718002, 1.614234, 0.500000
2.454409, 2.718002, 1.614234, 0.500000
2.454191, 2.722997, 1.614234, 0.500000
2.454191, 2.722997, 1.614234, 0.500000
2.453974, 2.727993, 1.614234, 0.500000
2.453974, 2.727993, 1.614234, 0.500000
2.453974, 2.727993, 1.614234, 0.500000
2.453757, 2.732988, 1.614234, 0.500000
2.453757, 2.732988, 1.614234, 0.500000
2.453540, 2.737983, 1.614234, 0.500000
2.453540, 2.737983, 1.614234, 0.500000
2.453540, 2.737983, 1.614234, 0.500000
2.453323, 2.742979, 1.614234, 0.500000
2.453323, 2.742979, 1.614234, 0.500000
2.453106, 2.747974, 1.614234, 0.500000
2.453106, 2.747974, 1.614234, 0.500000
2.453106, 2.747974, 1.614234, 0.500000
2.452889, 2.752969, 1.614234, 0.500000
2.452889, 2.752969, 1.614234, 0.500000
2.452672, 2.757964, 1.614234, 0.500000
2.452672, 2.757964, 1.614234, 0.500000
2.452672, 2.757964, 1.614234, 0.500000
2.452454, 2.762960, 1.614234, 0.500000
2.452454, 2.762960, 1.614234, 0.500000
2.452237, 2.767955, 1.614234, 0.500000
2.452237, 2.767955, 1.614234, 0.500000
2.452237, 2.767955, 1.614234, 0.500000
2.452020, 2.772950, 1.614234, 0.500000
2.452020, 2.772950, 1.614234, 0.500000
2.451803, 2.777946, 1.614234, 0.500000
2.451803, 2.777946, 1.614234, 0.500000
2.451803, 2.777946, 1.614234, 0.500000
2.451586, 2.782941, 1.614234, 0.500000
2.451586, 2.782941, 1.614234, 0.500000
2.451369, 2.787936, 1.614234, 0.500000
2.451369, 2.787936, 1.614234, 0.500000
2.451369, 2.787936, 1.614234, 0.500000
2.451152, 2.792931, 1.614234, 0.500000
2.451152, 2.792931, 1.614234, 0.500000
2.450935, 2.797927, 1.614234, 0.500000
2.450935, 2.797927, 1.614234, 0.500000
2.450935, 2.797927, 1.614234, 0.500000
2.450718, 2.802922, 1.614234, 0.500000
2.450718, 2.802922, 1.614234, 0.500000
2.450500, 2.807917, 1.614234, 0.500000
2.450500, 2.807917, 1.614234, 0.500000
2.450500, 2.807917, 1.614234, 0.500000
2.450283, 2.812913, 1.614234, 0.500000
2.450283, 2.812913, 1.614234, 0.500000
2.450066, 2.817908, 1.614234, 0.500000
2.450066, 2.817908, 1.614234, 0.500000
2.450066, 2.817908, 1.614234, 0.500000
2.449849, 2.822903, 1.614234, 0.500000
2.449849, 2.822903, 1.614234, 0.500000
2.449632, 2.827898, 1.614234, 0.500000
2.449632, 2.827898, 1.614234, 0.500000
2.449632, 2.827898, 1.614234, 0.500000
2.449415, 2.832894, 1.614234, 0.500000
2.449415, 2.832894, 1.614234, 0.500000
2.449198, 2.837889, 1.614234, 0.500000
2.449198, 2.837889, 1.614234, 0.500000
2.449198, 2.837889, 1.614234, 0.500000
2.448981, 2.842884, 1.614234, 0.500000
2.448981, 2.842884, 1.614234, 0.500000
2.448763, 2.847880, 1.614234, 0.500000
2.448763, 2.847880, 1.614234, 0.500000
2.448763, 2.847880, 1.614234, 0.500000
2.448546, 2.852875, 1.614234, 0.500000
2.448546, 2.852875, 1.614234, 0.500000
2.448329, 2.857870, 1.614234, 0.500000
2.448329, 2.857870, 1.614234, 0.500000
2.448112, 2.862865, 1.614234, 0.500000
2.448112, 2.862865, 1.614234, 0.500000
2.447895, 2.867861, 1.614234, 0.500000
2.447895, 2.867861, 1.614234, 0.500000
2.447895, 2.867861, 1.614234, 0.500000
2.447678, 2.872856, 1.614234, 0.500000
2.447678, 2.872856, 1.614234, 0.500000
2.447461, 2.877851, 1.614234, 0.500000
2.447461, 2.877851, 1.614234, 0.500000
2.447461, 2.877851, 1.614234, 0.500000
2.447244, 2.882847, 1.614234, 0.500000
2.447244, 2.882847, 1.614234, 0.500000
2.447026, 2.887842, 1.614234, 0.500000
2.447026, 2.887842, 1.614234, 0.500000
2.446809, 2.892837, 1.614234, 0.500000
2.446809, 2.892837, 1.614234, 0.500000
2.446592, 2.897832, 1.614234, 0.500000
2.446592, 2.897832, 1.614234, 0.500000
2.446592, 2.897832, 1.614234, 0.500000
2.446375, 2.902828, 1.614234, 0.500000
2.446375, 2.902828, 1.614234, 0.500000
2.446158, 2.907823, 1.614234, 0.500000
2.446158, 2.907823, 1.614234, 0.500000
2.446158, 2.907823, 1.614234, 0.500000
2.445941, 2.912818, 1.614234, 0.500000
2.445941, 2.912818, 1.614234, 0.500000
2.445724, 2.917814, 1.614234, 0.500000
2.445724, 2.917814, 1.614234, 0.500000
2.445724, 2.917814, 1.614234, 0.500000
2.445507, 2.922809, 1.614234, 0.500000
2.445507, 2.922809, 1.614234, 0.500000
2.445289, 2.927804, 1.614234, 0.500000
2.445289, 2.927804, 1.614234, 0.500000
2.445289, 2.927804, 1.614234, 0.500000
2.445072, 2.932799, 1.614234, 0.500000
2.445072, 2.932799, 1.614234, 0.500000
2.444855, 2.937795, 1.614234, 0.500000
2.444855, 2.937795, 1.614234, 0.500000
2.444855, 2.937795, 1.614234, 0.500000
2.444638, 2.942790, 1.614234, 0.500000
2.444638, 2.942790, 1.614234, 0.500000
2.444421, 2.947785, 1.614234, 0.500000
2.444421, 2.947785, 1.614234, 0.500000
2.444421, 2.947785, 1.614234, 0.500000
2.444204, 2.952781, 1.614234, 0.500000
2.444204, 2.952781, 1.614234, 0.500000
2.443987, 2.957776, 1.614234, 0.500000
2.443987, 2.957776, 1.614234, 0.500000
2.443987, 2.957776, 1.614234, 0.500000
2.443770, 2.962771, 1.614234, 0.500000
2.443770, 2.962771, 1.614234, 0.500000
2.443553, 2.967766, 1.614234, 0.500000
2.443553, 2.967766, 1.614234, 0.500000
2.443553, 2.967766, 1.614234, 0.500000
2.443335, 2.972762, 1.614234, 0.500000
2.443335, 2.972762, 1.614234, 0.500000
2.443118, 2.977757, 1.614234, 0.500000
2.443118, 2.977757, 1.614234, 0.500000
2.443118, 2.977757, 1.614234, 0.500000
2.442901, 2.982752, 1.614234, 0.500000
2.442901, 2.982752, 1.614234, 0.500000
2.442684, 2.987748, 1.614234, 0.500000
2.442684, 2.987748, 1.614234, 0.500000
2.442684, 2.987748, 1.614234, 0.500000
2.442467, 2.992743, 1.614234, 0.500000
2.442467, 2.992743, 1.614234, 0.500000
2.442250, 2.997738, 1.614234, 0.500000
2.442250, 2.997738, 1.614234, 0.500000
2.442250, 2.997738, 1.614234, 0.500000
2.442033, 3.002733, 1.614234, 0.500000
2.442033, 3.002733, 1.614234, 0.500000
2.441816, 3.007729, 1.614234, 0.500000
2.441816, 3.007729, 1.614234, 0.500000
2.441816, 3.007729, 1.614234, 0.500000
2.441598, 3.012724, 1.614234, 0.500000
2.441598, 3.012724, 1.614234, 0.500000
2.441381, 3.017719, 1.614234, 0.500000
2.441381, 3.017719, 1.614234, 0.500000
2.441164, 3.022714, 1.614234, 0.500000
2.441164, 3.022714, 1.614234, 0.500000
2.440947, 3.027710, 1.614234, 0.500000
2.440947, 3.027710, 1.614234, 0.500000
2.440947, 3.027710, 1.614234, 0.500000
2.440730, 3.032705, 1.614234, 0.500000
2.440730, 3.032705, 1.614234, 0.500000
2.440513, 3.037700, 1.614234, 0.500000
2.440513, 3.037700, 1.614234, 0.500000
2.440513, 3.037700, 1.614234, 0.500000
2.440296, 3.042696, 1.614234, 0.500000
2.440296, 3.042696, 1.614234, 0.500000
2.440079, 3.047691, 1.614234, 0.500000
2.440079, 3.047691, 1.614234, 0.500000
2.440079, 3.047691, 1.614234, 0.500000
2.439861, 3.052686, 1.614234, 0.500000
2.439861, 3.052686, 1.614234, 0.500000
2.439644, 3.057681, 1.614234, 0.500000
2.439644, 3.057681, 1.614234, 0.500000
2.439644, 3.057681, 1.614234, 0.500000
2.439427, 3.062677, 1.614234, 0.500000
2.439427, 3.062677, 1.614234, 0.500000
2.439210, 3.067672, 1.614234, 0.500000
2.439210, 3.067672, 1.614234, 0.500000
2.439210, 3.067672, 1.614234, 0.500000
2.438993, 3.072667, 1.614234, 0.500000
2.438993, 3.072667, 1.614234, 0.500000
2.438776, 3.077663, 1.614234, 0.500000
2.438776, 3.077663, 1.614234, 0.500000
2.438776, 3.077663, 1.614234, 0.500000
2.438559, 3.082658, 1.614234, 0.500000
2.438559, 3.082658, 1.614234, 0.500000
2.438342, 3.087653, 1.614234, 0.500000
2.438342, 3.087653, 1.614234, 0.500000
2.438342, 3.087653, 1.614234, 0.500000
2.438124, 3.092648, 1.614234, 0.500000
2.438124, 3.092648, 1.614234, 0.500000
2.437907, 3.097644, 1.614234, 0.500000
2.437907, 3.097644, 1.614234, 0.500000
2.437690, 3.102639, 1.614234, 0.500000
2.437690, 3.102639, 1.614234, 0.500000
2.437473, 3.107634, 1.614234, 0.500000
2.437473, 3.107634, 1.614234, 0.500000
2.437473, 3.107634, 1.614234, 0.500000
2.437256, 3.112630, 1.614234, 0.500000
2.437256, 3.112630, 1.614234, 0.500000
2.437039, 3.117625, 1.614234, 0.500000
2.437039, 3.117625, 1.614234, 0.500000
2.437039, 3.117625, 1.614234, 0.500000
2.436822, 3.122620, 1.614234, 0.500000
2.436822, 3.122620, 1.614234, 0.500000
2.436605, 3.127615, 1.614234, 0.500000
2.436605, 3.127615, 1.614234, 0.500000
2.436605, 3.127615, 1.614234, 0.500000
2.436388, 3.132611, 1.614234, 0.500000
2.436388, 3.132611, 1.614234, 0.500000
2.436170, 3.137606, 1.614234, 0.500000
2.436170, 3.137606, 1.614234, 0.500000
2.436170, 3.137606, 1.614234, 0.500000
2.435953, 3.142601, 1.614234, 0.500000
2.435953, 3.142601, 1.614234, 0.500000
2.435736, 3.147597, 1.614234, 0.500000
2.435519, 3.152592, 1.614234, 0.500000
2.435519, 3.152592, 1.614234, 0.500000
2.435302, 3.157587, 1.614234, 0.500000
2.435302, 3.157587, 1.614234, 0.500000
2.435302, 3.157587, 1.614234, 0.500000
2.435085, 3.162582, 1.614234, 0.500000
2.435085, 3.162582, 1.614234, 0.500000
2.434868, 3.167578, 1.614234, 0.500000
2.434868, 3.167578, 1.614234, 0.500000
2.434651, 3.172573, 1.614234, 0.500000
2.434651, 3.172573, 1.614234, 0.500000
2.434433, 3.177568, 1.614234, 0.500000
2.434433, 3.177568, 1.614234, 0.500000
2.434433, 3.177568, 1.614234, 0.500000
2.434216, 3.182564, 1.614234, 0.500000
2.434216, 3.182564, 1.614234, 0.500000
2.433999, 3.187559, 1.614234, 0.500000
2.433999, 3.187559, 1.614234, 0.500000
2.433999, 3.187559, 1.614234, 0.500000
2.433782, 3.192554, 1.614234, 0.500000
2.433782, 3.192554, 1.614234, 0.500000
2.433565, 3.197549, 1.614234, 0.500000
2.433565, 3.197549, 1.614234, 0.500000
2.433348, 3.202545, 1.614234, 0.500000
2.433348, 3.202545, 1.614234, 0.500000
2.433131, 3.207540, 1.614234, 0.500000
2.433131, 3.207540, 1.614234, 0.500000
2.432914, 3.212535, 1.614234, 0.500000
2.432914, 3.212535, 1.614234, 0.500000
2.432696, 3.217531, 1.614234, 0.500000
2.432696, 3.217531, 1.614234, 0.500000
2.432696, 3.217531, 1.614234, 0.500000
2.432479, 3.222526, 1.614234, 0.500000
2.432479, 3.222526, 1.614234, 0.500000
2.432262, 3.227521, 1.614234, 0.500000
2.432045, 3.232516, 1.614234, 0.500000
2.432045, 3.232516, 1.614234, 0.500000
2.431828, 3.237512, 1.614234, 0.500000
2.431828, 3.237512, 1.614234, 0.500000
2.431828, 3.237512, 1.614234, 0.500000
2.431611, 3.242507, 1.614234, 0.500000
2.431611, 3.242507, 1.614234, 0.500000
2.431394, 3.247502, 1.614234, 0.500000
2.431394, 3.247502, 1.614234, 0.500000
2.431394, 3.247502, 1.614234, 0.500000
2.431177, 3.252498, 1.614234, 0.500000
2.431177, 3.252498, 1.614234, 0.500000
2.430959, 3.257493, 1.614234, 0.500000
2.430959, 3.257493, 1.614234, 0.500000
2.430742, 3.262488, 1.614234, 0.500000
2.430742, 3.262488, 1.614234, 0.500000
2.430525, 3.267483, 1.614234, 0.500000
2.430525, 3.267483, 1.614234, 0.500000
2.430525, 3.267483, 1.614234, 0.500000
2.430308, 3.272479, 1.614234, 0.500000
2.430308, 3.272479, 1.614234, 0.500000
2.430091, 3.277474, 1.614234, 0.500000
2.430091, 3.277474, 1.614234, 0.500000
2.430091, 3.277474, 1.614234, 0.500000
2.429874, 3.282469, 1.614234, 0.500000
2.429874, 3.282469, 1.614234, 0.500000
2.429657, 3.287465, 1.614234, 0.500000
2.429657, 3.287465, 1.614234, 0.500000
2.429440, 3.292460, 1.614234, 0.500000
2.429440, 3.292460, 1.614234, 0.500000
2.429223, 3.297455, 1.614234, 0.500000
2.429223, 3.297455, 1.614234, 0.500000
2.429223, 3.297455, 1.614234, 0.500000
2.429005, 3.302450, 1.614234, 0.500000
2.429005, 3.302450, 1.614234, 0.500000
2.428788, 3.307446, 1.614234, 0.500000
2.428571, 3.312441, 1.614234, 0.500000
2.428571, 3.312441, 1.614234, 0.500000
2.428354, 3.317436, 1.614234, 0.500000
2.428354, 3.317436, 1.614234, 0.500000
2.428354, 3.317436, 1.614234, 0.500000
2.428137, 3.322432, 1.614234, 0.500000
2.428137, 3.322432, 1.614234, 0.500000
2.427920, 3.327427, 1.614234, 0.500000
2.427920, 3.327427, 1.614234, 0.500000
2.427920, 3.327427, 1.614234, 0.500000
2.427703, 3.332422, 1.614234, 0.500000
2.427703, 3.332422, 1.614234, 0.500000
2.427486, 3.337417, 1.614234, 0.500000
2.427486, 3.337417, 1.614234, 0.500000
2.427486, 3.337417, 1.614234, 0.500000
2.427268, 3.342413, 1.614234, 0.500000
2.427268, 3.342413, 1.614234, 0.500000
2.427051, 3.347408, 1.614234, 0.500000
2.427051, 3.347408, 1.614234, 0.500000
2.427051, 3.347408, 1.614234, 0.500000
2.426834, 3.352403, 1.614234, 0.500000
2.426834, 3.352403, 1.614234, 0.500000
2.426617, 3.357398, 1.614234, 0.500000
2.426617, 3.357398, 1.614234, 0.500000
2.426617, 3.357398, 1.614234, 0.500000
2.426400, 3.362394, 1.614234, 0.500000
2.426400, 3.362394, 1.614234, 0.500000
2.426183, 3.367389, 1.614234, 0.500000
2.426183, 3.367389, 1.614234, 0.500000
2.426183, 3.367389, 1.614234, 0.500000
2.425966, 3.372384, 1.614234, 0.500000
2.425966, 3.372384, 1.614234, 0.500000
2.425749, 3.377380, 1.614234, 0.500000
2.425749, 3.377380, 1.614234, 0.500000
2.425749, 3.377380, 1.614234, 0.500000
2.425531, 3.382375, 1.614234, 0.500000
2.425531, 3.382375, 1.614234, 0.500000
2.425314, 3.387370, 1.614234, 0.500000
2.425314, 3.387370, 1.614234, 0.500000
2.425314, 3.387370, 1.614234, 0.500000
2.425097, 3.392365, 1.614234, 0.500000
2.425097, 3.392365, 1.614234, 0.500000
2.424880, 3.397361, 1.614234, 0.500000
2.424880, 3.397361, 1.614234, 0.500000
2.424663, 3.402356, 1.614234, 0.500000
2.424663, 3.402356, 1.614234, 0.500000
2.424446, 3.407351, 1.614234, 0.500000
2.424446, 3.407351, 1.614234, 0.500000
2.424446, 3.407351, 1.614234, 0.500000
2.424229, 3.412347, 1.614234, 0.500000
2.424229, 3.412347, 1.614234, 0.500000
2.424012, 3.417342, 1.614234, 0.500000
2.424012, 3.417342, 1.614234, 0.500000
2.423794, 3.422337, 1.614234, 0.500000
2.423794, 3.422337, 1.614234, 0.500000
2.423577, 3.427332, 1.614234, 0.500000
2.423577, 3.427332, 1.614234, 0.500000
2.423577, 3.427332, 1.614234, 0.500000
2.423360, 3.432328, 1.614234, 0.500000
2.423360, 3.432328, 1.614234, 0.500000
2.423143, 3.437323, 1.614234, 0.500000
2.423143, 3.437323, 1.614234, 0.500000
2.423143, 3.437323, 1.614234, 0.500000
2.422926, 3.442318, 1.614234, 0.500000
2.422926, 3.442318, 1.614234, 0.500000
2.422709, 3.447314, 1.614234, 0.500000
2.422709, 3.447314, 1.614234, 0.500000
2.422709, 3.447314, 1.614234, 0.500000
2.422492, 3.452309, 1.614234, 0.500000
2.422492, 3.452309, 1.614234, 0.500000
2.422275, 3.457304, 1.614234, 0.500000
2.422275, 3.457304, 1.614234, 0.500000
2.422275, 3.457304, 1.614234, 0.500000
2.422057, 3.462299, 1.614234, 0.500000
2.422057, 3.462299, 1.614234, 0.500000
2.421840, 3.467295, 1.614234, 0.500000
2.421840, 3.467295, 1.614234, 0.500000
2.421840, 3.467295, 1.614234, 0.500000
2.421623, 3.472290, 1.614234, 0.500000
2.421623, 3.472290, 1.614234, 0.500000
2.421406, 3.477285, 1.614234, 0.500000
2.421406, 3.477285, 1.614234, 0.500000
2.421406, 3.477285, 1.614234, 0.500000
2.421189, 3.482281, 1.614234, 0.500000
2.421189, 3.482281, 1.614234, 0.500000
2.420972, 3.487276, 1.614234, 0.500000
2.420972, 3.487276, 1.614234, 0.500000
2.420972, 3.487276, 1.614234, 0.500000
2.420755, 3.492271, 1.614234, 0.500000
2.420755, 3.492271, 1.614234, 0.500000
2.420538, 3.497266, 1.614234, 0.500000
2.420538, 3.497266, 1.614234, 0.500000
2.420321, 3.502262, 1.614234, 0.500000
2.420321, 3.502262, 1.614234, 0.500000
2.420103, 3.507257, 1.614234, 0.500000
2.420103, 3.507257, 1.614234, 0.500000
2.420103, 3.507257, 1.614234, 0.500000
2.419886, 3.512252, 1.614234, 0.500000
2.419886, 3.512252, 1.614234, 0.500000
2.419669, 3.517248, 1.614234, 0.500000
2.419669, 3.517248, 1.614234, 0.500000
2.419669, 3.517248, 1.614234, 0.500000
2.419452, 3.522243, 1.614234, 0.500000
2.419452, 3.522243, 1.614234, 0.500000
2.419235, 3.527238, 1.614234, 0.500000
2.419235, 3.527238, 1.614234, 0.500000
2.419018, 3.532233, 1.614234, 0.500000
2.419018, 3.532233, 1.614234, 0.500000
2.418801, 3.537229, 1.614234, 0.500000
2.418801, 3.537229, 1.614234, 0.500000
2.418801, 3.537229, 1.614234, 0.500000
2.418584, 3.542224, 1.614234, 0.500000
2.418584, 3.542224, 1.614234, 0.500000
2.418366, 3.547219, 1.614234, 0.500000
2.418366, 3.547219, 1.614234, 0.500000
2.418366, 3.547219, 1.614234, 0.500000
2.418149, 3.552215, 1.614234, 0.500000
2.418149, 3.552215, 1.614234, 0.500000
2.417932, 3.557210, 1.614234, 0.500000
2.417932, 3.557210, 1.614234, 0.500000
2.417932, 3.557210, 1.614234, 0.500000
2.417715, 3.562205, 1.614234, 0.500000
2.417715, 3.562205, 1.614234, 0.500000
2.417498, 3.567200, 1.614234, 0.500000
2.417498, 3.567200, 1.614234, 0.500000
2.417498, 3.567200, 1.614234, 0.500000
2.417281, 3.572196, 1.614234, 0.500000
2.417281, 3.572196, 1.614234, 0.500000
2.417064, 3.577191, 1.614234, 0.500000
2.417064, 3.577191, 1.614234, 0.500000
2.417064, 3.577191, 1.614234, 0.500000
2.416847, 3.582186, 1.614234, 0.500000
2.416847, 3.582186, 1.614234, 0.500000
2.416629, 3.587182, 1.614234, 0.500000
2.416629, 3.587182, 1.614234, 0.500000
2.416629, 3.587182, 1.614234, 0.500000
2.416412, 3.592177, 1.614234, 0.500000
2.416412, 3.592177, 1.614234, 0.500000
2.416195, 3.597172, 1.614234, 0.500000
2.416195, 3.597172, 1.614234, 0.500000
2.416195, 3.597172, 1.614234, 0.500000
2.415978, 3.602167, 1.614234, 0.500000
2.415978, 3.602167, 1.614234, 0.500000
2.415761, 3.607163, 1.614234, 0.500000
2.415761, 3.607163, 1.614234, 0.500000
2.415544, 3.612158, 1.614234, 0.500000
2.415544, 3.612158, 1.614234, 0.500000
2.415327, 3.617153, 1.614234, 0.500000
2.415327, 3.617153, 1.614234, 0.500000
2.415327, 3.617153, 1.614234, 0.500000
2.415110, 3.622149, 1.614234, 0.500000
2.415110, 3.622149, 1.614234, 0.500000
2.414892, 3.627144, 1.614234, 0.500000
2.414892, 3.627144, 1.614234, 0.500000
2.414675, 3.632139, 1.614234, 0.500000
2.414675, 3.632139, 1.614234, 0.500000
2.414458, 3.637134, 1.614234, 0.500000
2.414458, 3.637134, 1.614234, 0.500000
2.414458, 3.637134, 1.614234, 0.500000
2.414241, 3.642130, 1.614234, 0.500000
2.414241, 3.642130, 1.614234, 0.500000
2.414024, 3.647125, 1.614234, 0.500000
2.414024, 3.647125, 1.614234, 0.500000
2.414024, 3.647125, 1.614234, 0.500000
2.413807, 3.652120, 1.614234, 0.500000
2.413807, 3.652120, 1.614234, 0.500000
2.413590, 3.657116, 1.614234, 0.500000
2.413590, 3.657116, 1.614234, 0.500000
2.413590, 3.657116, 1.614234, 0.500000
2.413373, 3.662111, 1.614234, 0.500000
2.413373, 3.662111, 1.614234, 0.500000
2.413156, 3.667106, 1.614234, 0.500000
2.413156, 3.667106, 1.614234, 0.500000
2.413156, 3.667106, 1.614234, 0.500000
2.412938, 3.672101, 1.614234, 0.500000
2.412938, 3.672101, 1.614234, 0.500000
2.412721, 3.677097, 1.614234, 0.500000
2.412721, 3.677097, 1.614234, 0.500000
2.412721, 3.677097, 1.614234, 0.500000
2.412504, 3.682092, 1.614234, 0.500000
2.412504, 3.682092, 1.614234, 0.500000
2.412287, 3.687087, 1.614234, 0.500000
2.412287, 3.687087, 1.614234, 0.500000
2.412287, 3.687087, 1.614234, 0.500000
2.412070, 3.692082, 1.614234, 0.500000
2.412070, 3.692082, 1.614234, 0.500000
2.411853, 3.697078, 1.613992, 0.500000
2.411853, 3.697078, 1.613992, 0.500000
2.411853, 3.697078, 1.613992, 0.500000
2.411639, 3.702073, 1.613264, 0.500000
2.411639, 3.702073, 1.613264, 0.500000
2.411429, 3.707069, 1.612050, 0.500000
2.411429, 3.707069, 1.612050, 0.500000
2.411429, 3.707069, 1.612050, 0.500000
2.411227, 3.712065, 1.610347, 0.500000
2.411227, 3.712065, 1.610347, 0.500000
2.411035, 3.717061, 1.608151, 0.500000
2.411035, 3.717061, 1.608151, 0.500000
2.411035, 3.717061, 1.608151, 0.500000
2.410855, 3.722058, 1.605458, 0.500000
2.410855, 3.722058, 1.605458, 0.500000
2.410689, 3.727055, 1.602262, 0.500000
2.410689, 3.727055, 1.602262, 0.500000
2.410541, 3.732053, 1.598556, 0.500000
2.410541, 3.732053, 1.598556, 0.500000
2.410412, 3.737051, 1.594332, 0.500000
2.410412, 3.737051, 1.594332, 0.500000
2.410412, 3.737051, 1.594332, 0.500000
2.410306, 3.742050, 1.589581, 0.500000
2.410306, 3.742050, 1.589581, 0.500000
2.410225, 3.747049, 1.584830, 0.500000
2.410225, 3.747049, 1.584830, 0.500000
2.410225, 3.747049, 1.584830, 0.500000
2.410166, 3.752049, 1.580079, 0.500000
2.410132, 3.757049, 1.575328, 0.500000
2.410132, 3.757049, 1.575328, 0.500000
2.410132, 3.757049, 1.575328, 0.500000
2.410121, 3.762049, 1.570578, 0.500000
2.410121, 3.762049, 1.570578, 0.500000
2.410134, 3.767049, 1.565827, 0.500000
2.410134, 3.767049, 1.565827, 0.500000
2.410134, 3.767049, 1.565827, 0.500000
2.410170, 3.772049, 1.561076, 0.500000
2.410170, 3.772049, 1.561076, 0.500000
2.410231, 3.777048, 1.556325, 0.500000
2.410231, 3.777048, 1.556325, 0.500000
2.410231, 3.777048, 1.556325, 0.500000
2.410315, 3.782048, 1.551574, 0.500000
2.410315, 3.782048, 1.551574, 0.500000
2.410423, 3.787046, 1.546823, 0.500000
2.410423, 3.787046, 1.546823, 0.500000
2.410423, 3.787046, 1.546823, 0.500000
2.410555, 3.792045, 1.542072, 0.500000
2.410555, 3.792045, 1.542072, 0.500000
2.410711, 3.797042, 1.537321, 0.500000
2.410711, 3.797042, 1.537321, 0.500000
2.410890, 3.802039, 1.532570, 0.500000
2.410890, 3.802039, 1.532570, 0.500000
2.411093, 3.807035, 1.527819, 0.500000
2.411093, 3.807035, 1.527819, 0.500000
2.411093, 3.807035, 1.527819, 0.500000
2.411319, 3.812030, 1.523068, 0.500000
2.411319, 3.812030, 1.523068, 0.500000
2.411570, 3.817024, 1.518317, 0.500000
2.411570, 3.817024, 1.518317, 0.500000
2.411844, 3.822016, 1.513566, 0.500000
2.411844, 3.822016, 1.513566, 0.500000
2.412142, 3.827007, 1.508815, 0.500000
2.412142, 3.827007, 1.508815, 0.500000
2.412142, 3.827007, 1.508815, 0.500000
2.412463, 3.831997, 1.504064, 0.500000
2.412463, 3.831997, 1.504064, 0.500000
2.412809, 3.836985, 1.499313, 0.500000
2.412809, 3.836985, 1.499313, 0.500000
2.412809, 3.836985, 1.499313, 0.500000
2.413177, 3.841971, 1.494562, 0.500000
2.413177, 3.841971, 1.494562, 0.500000
2.413570, 3.846956, 1.489811, 0.500000
2.413570, 3.846956, 1.489811, 0.500000
2.413570, 3.846956, 1.489811, 0.500000
2.413986, 3.851938, 1.485060, 0.500000
2.413986, 3.851938, 1.485060, 0.500000
2.414427, 3.856919, 1.480309, 0.500000
2.414427, 3.856919, 1.480309, 0.500000
2.414427, 3.856919, 1.480309, 0.500000
2.414890, 3.861897, 1.475558, 0.500000
2.414890, 3.861897, 1.475558, 0.500000
2.415378, 3.866874, 1.470807, 0.500000
2.415378, 3.866874, 1.470807, 0.500000
2.415378, 3.866874, 1.470807, 0.500000
2.415888, 3.871847, 1.466056, 0.500000
2.415888, 3.871847, 1.466056, 0.500000
2.416423, 3.876819, 1.461305, 0.500000
2.416423, 3.876819, 1.461305, 0.500000
2.416423, 3.876819, 1.461305, 0.500000
2.416981, 3.881788, 1.456554, 0.500000
2.416981, 3.881788, 1.456554, 0.500000
2.417563, 3.886754, 1.451803, 0.500000
2.417563, 3.886754, 1.451803, 0.500000
2.418168, 3.891717, 1.447052, 0.500000
2.418168, 3.891717, 1.447052, 0.500000
2.418797, 3.896677, 1.442301, 0.500000
2.418797, 3.896677, 1.442301, 0.500000
2.419450, 3.901634, 1.437550, 0.500000
2.419450, 3.901634, 1.437550, 0.500000
2.420126, 3.906588, 1.432799, 0.500000
2.420126, 3.906588, 1.432799, 0.500000
2.420126, 3.906588, 1.432799, 0.500000
2.420825, 3.911539, 1.428048, 0.500000
2.420825, 3.911539, 1.428048, 0.500000
2.421548, 3.916487, 1.423298, 0.500000
2.421548, 3.916487, 1.423298, 0.500000
2.421548, 3.916487, 1.423298, 0.500000
2.422295, 3.921431, 1.418547, 0.500000
2.422295, 3.921431, 1.418547, 0.500000
2.423065, 3.926371, 1.413796, 0.500000
2.423065, 3.926371, 1.413796, 0.500000
2.423858, 3.931308, 1.409045, 0.500000
2.423858, 3.931308, 1.409045, 0.500000
2.424675, 3.936240, 1.404294, 0.500000
2.424675, 3.936240, 1.404294, 0.500000
2.424675, 3.936240, 1.404294, 0.500000
2.425516, 3.941169, 1.399543, 0.500000
2.425516, 3.941169, 1.399543, 0.500000
2.426380, 3.946094, 1.394792, 0.500000
2.426380, 3.946094, 1.394792, 0.500000
2.426380, 3.946094, 1.394792, 0.500000
2.427267, 3.951015, 1.390041, 0.500000
2.427267, 3.951015, 1.390041, 0.500000
2.428177, 3.955931, 1.385290, 0.500000
2.428177, 3.955931, 1.385290, 0.500000
2.429111, 3.960843, 1.380539, 0.500000
2.429111, 3.960843, 1.380539, 0.500000
2.430068, 3.965751, 1.375788, 0.500000
2.430068, 3.965751, 1.375788, 0.500000
2.430068, 3.965751, 1.375788, 0.500000
2.431049, 3.970654, 1.371037, 0.500000
2.431049, 3.970654, 1.371037, 0.500000
2.432053, 3.975552, 1.366286, 0.500000
2.432053, 3.975552, 1.366286, 0.500000
2.432053, 3.975552, 1.366286, 0.500000
2.433080, 3.980445, 1.361535, 0.500000
2.433080, 3.980445, 1.361535, 0.500000
2.434130, 3.985333, 1.356784, 0.500000
2.434130, 3.985333, 1.356784, 0.500000
2.434130, 3.985333, 1.356784, 0.500000
2.435203, 3.990217, 1.352033, 0.500000
2.435203, 3.990217, 1.352033, 0.500000
2.436300, 3.995095, 1.347282, 0.500000
2.436300, 3.995095, 1.347282, 0.500000
2.436300, 3.995095, 1.347282, 0.500000
2.437420, 3.999968, 1.342531, 0.500000
2.437420, 3.999968, 1.342531, 0.500000
2.438563, 4.004836, 1.337780, 0.500000
2.438563, 4.004836, 1.337780, 0.500000
2.438563, 4.004836, 1.337780, 0.500000
2.439728, 4.009698, 1.333556, 0.500000
2.439728, 4.009698, 1.333556, 0.500000
2.440913, 4.014556, 1.329850, 0.500000
2.440913, 4.014556, 1.329850, 0.500000
2.440913, 4.014556, 1.329850, 0.500000
2.442114, 4.019409, 1.326654, 0.500000
2.442114, 4.019409, 1.326654, 0.500000
2.443329, 4.024259, 1.323961, 0.500000
2.443329, 4.024259, 1.323961, 0.500000
2.443329, 4.024259, 1.323961, 0.500000
2.444556, 4.029106, 1.321765, 0.500000
2.444556, 4.029106, 1.321765, 0.500000
2.445793, 4.033951, 1.320062, 0.500000
2.445793, 4.033951, 1.320062, 0.500000
2.447037, 4.038794, 1.318848, 0.500000
2.447037, 4.038794, 1.318848, 0.500000
2.448285, 4.043636, 1.318121, 0.500000
2.448285, 4.043636, 1.318121, 0.500000
2.448285, 4.043636, 1.318121, 0.500000
2.449536, 4.048477, 1.317878, 0.500000
2.449536, 4.048477, 1.317878, 0.500000
2.450787, 4.053318, 1.317878, 0.500000
2.450787, 4.053318, 1.317878, 0.500000
2.450787, 4.053318, 1.317878, 0.500000
2.452038, 4.058158, 1.317878, 0.500000
2.452038, 4.058158, 1.317878, 0.500000
2.453289, 4.062999, 1.317878, 0.500000
2.453289, 4.062999, 1.317878, 0.500000
2.453289, 4.062999, 1.317878, 0.500000
2.454540, 4.067840, 1.317878, 0.500000
2.454540, 4.067840, 1.317878, 0.500000
2.455792, 4.072681, 1.317878, 0.500000
2.455792, 4.072681, 1.317878, 0.500000
2.455792, 4.072681, 1.317878, 0.500000
2.457043, 4.077522, 1.317878, 0.500000
2.457043, 4.077522, 1.317878, 0.500000
2.458294, 4.082363, 1.317878, 0.500000
2.458294, 4.082363, 1.317878, 0.500000
2.458294, 4.082363, 1.317878, 0.500000
2.459545, 4.087204, 1.317878, 0.500000
2.459545, 4.087204, 1.317878, 0.500000
2.460796, 4.092045, 1.317878, 0.500000
2.460796, 4.092045, 1.317878, 0.500000
2.460796, 4.092045, 1.317878, 0.500000
2.462047, 4.096886, 1.317878, 0.500000
2.462047, 4.096886, 1.317878, 0.500000
2.463298, 4.101727, 1.317878, 0.500000
2.463298, 4.101727, 1.317878, 0.500000
2.463298, 4.101727, 1.317878, 0.500000
2.464550, 4.106568, 1.317878, 0.500000
2.464550, 4.106568, 1.317878, 0.500000
2.465801, 4.111409, 1.317878, 0.500000
2.465801, 4.111409, 1.317878, 0.500000
2.465801, 4.111409, 1.317878, 0.500000
2.467052, 4.116250, 1.317878, 0.500000
2.467052, 4.116250, 1.317878, 0.500000
2.468303, 4.121091, 1.317878, 0.500000
2.468303, 4.121091, 1.317878, 0.500000
2.468303, 4.121091, 1.317878, 0.500000
2.469554, 4.125932, 1.317878, 0.500000
2.469554, 4.125932, 1.317878, 0.500000
2.470805, 4.130772, 1.317878, 0.500000
2.470805, 4.130772, 1.317878, 0.500000
2.470805, 4.130772, 1.317878, 0.500000
2.472057, 4.135613, 1.317878, 0.500000
2.472057, 4.135613, 1.317878, 0.500000
2.473308, 4.140454, 1.317878, 0.500000
2.473308, 4.140454, 1.317878, 0.500000
2.473308, 4.140454, 1.317878, 0.500000
2.474559, 4.145295, 1.317878, 0.500000
2.474559, 4.145295, 1.317878, 0.500000
2.475810, 4.150136, 1.317878, 0.500000
2.475810, 4.150136, 1.317878, 0.500000
2.475810, 4.150136, 1.317878, 0.500000
2.477061, 4.154977, 1.317878, 0.500000
2.477061, 4.154977, 1.317878, 0.500000
2.478312, 4.159818, 1.317878, 0.500000
2.478312, 4.159818, 1.317878, 0.500000
2.478312, 4.159818, 1.317878, 0.500000
2.479563, 4.164659, 1.317878, 0.500000
2.479563, 4.164659, 1.317878, 0.500000
2.480815, 4.169500, 1.317878, 0.500000
2.480815, 4.169500, 1.317878, 0.500000
2.480815, 4.169500, 1.317878, 0.500000
2.482066, 4.174341, 1.317878, 0.500000
2.482066, 4.174341, 1.317878, 0.500000
2.483317, 4.179182, 1.317878, 0.500000
2.483317, 4.179182, 1.317878, 0.500000
2.483317, 4.179182, 1.317878, 0.500000
2.484568, 4.184023, 1.317878, 0.500000
2.484568, 4.184023, 1.317878, 0.500000
2.485819, 4.188864, 1.317878, 0.500000
2.485819, 4.188864, 1.317878, 0.500000
2.485819, 4.188864, 1.317878, 0.500000
2.487070, 4.193705, 1.317878, 0.500000
2.488321, 4.198546, 1.317878, 0.500000
2.488321, 4.198546, 1.317878, 0.500000
2.488321, 4.198546, 1.317878, 0.500000
2.489573, 4.203386, 1.317878, 0.500000
2.489573, 4.203386, 1.317878, 0.500000
2.490824, 4.208227, 1.317878, 0.500000
2.490824, 4.208227, 1.317878, 0.500000
2.490824, 4.208227, 1.317878, 0.500000
2.492075, 4.213068, 1.317878, 0.500000
2.492075, 4.213068, 1.317878, 0.500000
2.493326, 4.217909, 1.317878, 0.500000
2.493326, 4.217909, 1.317878, 0.500000
2.493326, 4.217909, 1.317878, 0.500000
2.494577, 4.222750, 1.317878, 0.500000
2.494577, 4.222750, 1.317878, 0.500000
2.495828, 4.227591, 1.317878, 0.500000
2.495828, 4.227591, 1.317878, 0.500000
2.495828, 4.227591, 1.317878, 0.500000
2.497080, 4.232432, 1.317878, 0.500000
2.497080, 4.232432, 1.317878, 0.500000
2.498331, 4.237273, 1.317878, 0.500000
2.498331, 4.237273, 1.317878, 0.500000
2.498331, 4.237273, 1.317878, 0.500000
2.499582, 4.242114, 1.317878, 0.500000
2.499582, 4.242114, 1.317878, 0.500000
2.500833, 4.246955, 1.317878, 0.500000
2.500833, 4.246955, 1.317878, 0.500000
2.500833, 4.246955, 1.317878, 0.500000
2.502084, 4.251796, 1.317878, 0.500000
2.502084, 4.251796, 1.317878, 0.500000
2.503335, 4.256637, 1.317878, 0.500000
2.503335, 4.256637, 1.317878, 0.500000
2.503335, 4.256637, 1.317878, 0.500000
2.504586, 4.261478, 1.317878, 0.500000
2.504586, 4.261478, 1.317878, 0.500000
2.505838, 4.266319, 1.317878, 0.500000
2.505838, 4.266319, 1.317878, 0.500000
2.505838, 4.266319, 1.317878, 0.500000
2.507089, 4.271159, 1.317878, 0.500000
2.507089, 4.271159, 1.317878, 0.500000
2.508340, 4.276000, 1.317878, 0.500000
2.508340, 4.276000, 1.317878, 0.500000
2.508340, 4.276000, 1.317878, 0.500000
2.509591, 4.280841, 1.317878, 0.500000
2.509591, 4.280841, 1.317878, 0.500000
2.510842, 4.285682, 1.317878, 0.500000
2.510842, 4.285682, 1.317878, 0.500000
2.510842, 4.285682, 1.317878, 0.500000
2.512093, 4.290523, 1.317878, 0.500000
2.512093, 4.290523, 1.317878, 0.500000
2.513345, 4.295364, 1.317878, 0.500000
2.513345, 4.295364, 1.317878, 0.500000
2.513345, 4.295364, 1.317878, 0.500000
2.514596, 4.300205, 1.317878, 0.500000
2.514596, 4.300205, 1.317878, 0.500000
2.515847, 4.305046, 1.317878, 0.500000
2.515847, 4.305046, 1.317878, 0.500000
2.515847, 4.305046, 1.317878, 0.500000
2.517098, 4.309887, 1.317878, 0.500000
2.517098, 4.309887, 1.317878, 0.500000
2.518349, 4.314728, 1.317878, 0.500000
2.518349, 4.314728, 1.317878, 0.500000
2.518349, 4.314728, 1.317878, 0.500000
2.519600, 4.319569, 1.317878, 0.500000
2.519600, 4.319569, 1.317878, 0.500000
2.520851, 4.324410, 1.317878, 0.500000
2.520851, 4.324410, 1.317878, 0.500000
2.520851, 4.324410, 1.317878, 0.500000
2.522103, 4.329251, 1.317878, 0.500000
2.522103, 4.329251, 1.317878, 0.500000
2.523354, 4.334092, 1.317878, 0.500000
2.523354, 4.334092, 1.317878, 0.500000
2.523354, 4.334092, 1.317878, 0.500000
2.524605, 4.338933, 1.317878, 0.500000
2.524605, 4.338933, 1.317878, 0.500000
2.525856, 4.343773, 1.317878, 0.500000
2.525856, 4.343773, 1.317878, 0.500000
2.525856, 4.343773, 1.317878, 0.500000
2.527107, 4.348614, 1.317878, 0.500000
2.527107, 4.348614, 1.317878, 0.500000
2.528358, 4.353455, 1.317878, 0.500000
2.528358, 4.353455, 1.317878, 0.500000
2.528358, 4.353455, 1.317878, 0.500000
2.529609, 4.358296, 1.317878, 0.500000
2.529609, 4.358296, 1.317878, 0.500000
2.530861, 4.363137, 1.317878, 0.500000
2.530861, 4.363137, 1.317878, 0.500000
2.530861, 4.363137, 1.317878, 0.500000
2.532112, 4.367978, 1.317878, 0.500000
2.532112, 4.367978, 1.317878, 0.500000
2.533363, 4.372819, 1.317878, 0.500000
2.533363, 4.372819, 1.317878, 0.500000
2.533363, 4.372819, 1.317878, 0.500000
2.534614, 4.377660, 1.317878, 0.500000
2.534614, 4.377660, 1.317878, 0.500000
2.535865, 4.382501, 1.317878, 0.500000
2.535865, 4.382501, 1.317878, 0.500000
2.535865, 4.382501, 1.317878, 0.500000
2.537116, 4.387342, 1.317878, 0.500000
2.537116, 4.387342, 1.317878, 0.500000
2.538368, 4.392183, 1.317878, 0.500000
2.538368, 4.392183, 1.317878, 0.500000
2.539619, 4.397024, 1.317878, 0.500000
2.539619, 4.397024, 1.317878, 0.500000
2.540870, 4.401865, 1.317878, 0.500000
2.540870, 4.401865, 1.317878, 0.500000
2.540870, 4.401865, 1.317878, 0.500000
2.542121, 4.406706, 1.317878, 0.500000
2.542121, 4.406706, 1.317878, 0.500000
2.543372, 4.411547, 1.317878, 0.500000
2.543372, 4.411547, 1.317878, 0.500000
2.543372, 4.411547, 1.317878, 0.500000
2.544623, 4.416387, 1.317878, 0.500000
2.544623, 4.416387, 1.317878, 0.500000
2.545874, 4.421228, 1.317878, 0.500000
2.545874, 4.421228, 1.317878, 0.500000
2.545874, 4.421228, 1.317878, 0.500000
2.547126, 4.426069, 1.317878, 0.500000
2.547126, 4.426069, 1.317878, 0.500000
2.548377, 4.430910, 1.317878, 0.500000
2.548377, 4.430910, 1.317878, 0.500000
2.548377, 4.430910, 1.317878, 0.500000
2.549628, 4.435751, 1.317878, 0.500000
2.549628, 4.435751, 1.317878, 0.500000
2.550879, 4.440592, 1.317878, 0.500000
2.550879, 4.440592, 1.317878, 0.500000
2.552130, 4.445433, 1.317878, 0.500000
2.552130, 4.445433, 1.317878, 0.500000
2.553381, 4.450274, 1.317878, 0.500000
2.553381, 4.450274, 1.317878, 0.500000
2.553381, 4.450274, 1.317878, 0.500000
2.554633, 4.455115, 1.317878, 0.500000
2.554633, 4.455115, 1.317878, 0.500000
2.555884, 4.459956, 1.317636, 0.500000
2.555884, 4.459956, 1.317636, 0.500000
2.555884, 4.459956, 1.317636, 0.500000
2.557138, 4.464796, 1.316908, 0.500000
2.557138, 4.464796, 1.316908, 0.500000
2.558397, 4.469635, 1.315694, 0.500000
2.558397, 4.469635, 1.315694, 0.500000
2.558397, 4.469635, 1.315694, 0.500000
2.559662, 4.474472, 1.313991, 0.500000
2.559662, 4.474472, 1.313991, 0.500000
2.560937, 4.479307, 1.311795, 0.500000
2.560937, 4.479307, 1.311795, 0.500000
2.560937, 4.479307, 1.311795, 0.500000
2.562224, 4.484138, 1.309102, 0.500000
2.562224, 4.484138, 1.309102, 0.500000
2.563525, 4.488966, 1.305906, 0.500000
2.563525, 4.488966, 1.305906, 0.500000
2.563525, 4.488966, 1.305906, 0.500000
2.564843, 4.493789, 1.302200, 0.500000
2.564843, 4.493789, 1.302200, 0.500000
2.566180, 4.498607, 1.297976, 0.500000
2.566180, 4.498607, 1.297976, 0.500000
2.566180, 4.498607, 1.297976, 0.500000
2.567538, 4.503419, 1.293225, 0.500000
2.567538, 4.503419, 1.293225, 0.500000
2.568920, 4.508224, 1.288474, 0.500000
2.568920, 4.508224, 1.288474, 0.500000
2.568920, 4.508224, 1.288474, 0.500000
2.570324, 4.513023, 1.283723, 0.500000
2.570324, 4.513023, 1.283723, 0.500000
2.571751, 4.517815, 1.278972, 0.500000
2.571751, 4.517815, 1.278972, 0.500000
2.571751, 4.517815, 1.278972, 0.500000
2.573201, 4.522600, 1.274221, 0.500000
2.573201, 4.522600, 1.274221, 0.500000
2.574674, 4.527379, 1.269470, 0.500000
2.574674, 4.527379, 1.269470, 0.500000
2.574674, 4.527379, 1.269470, 0.500000
2.576169, 4.532150, 1.264720, 0.500000
2.576169, 4.532150, 1.264720, 0.500000
2.577687, 4.536914, 1.259969, 0.500000
2.577687, 4.536914, 1.259969, 0.500000
2.577687, 4.536914, 1.259969, 0.500000
2.579227, 4.541671, 1.255218, 0.500000
2.579227, 4.541671, 1.255218, 0.500000
2.580791, 4.546420, 1.250467, 0.500000
2.580791, 4.546420, 1.250467, 0.500000
2.580791, 4.546420, 1.250467, 0.500000
2.582376, 4.551162, 1.245716, 0.500000
2.582376, 4.551162, 1.245716, 0.500000
2.583985, 4.555896, 1.240965, 0.500000
2.583985, 4.555896, 1.240965, 0.500000
2.583985, 4.555896, 1.240965, 0.500000
2.585615, 4.560623, 1.236214, 0.500000
2.585615, 4.560623, 1.236214, 0.500000
2.587268, 4.565342, 1.231463, 0.500000
2.587268, 4.565342, 1.231463, 0.500000
2.587268, 4.565342, 1.231463, 0.500000
2.588944, 4.570053, 1.226712, 0.500000
2.588944, 4.570053, 1.226712, 0.500000
2.590642, 4.574755, 1.221961, 0.500000
2.590642, 4.574755, 1.221961, 0.500000
2.590642, 4.574755, 1.221961, 0.500000
2.592362, 4.579450, 1.217210, 0.500000
2.592362, 4.579450, 1.217210, 0.500000
2.594104, 4.584137, 1.212459, 0.500000
2.594104, 4.584137, 1.212459, 0.500000
2.594104, 4.584137, 1.212459, 0.500000
2.595869, 4.588815, 1.207708, 0.500000
2.595869, 4.588815, 1.207708, 0.500000
2.597656, 4.593485, 1.202957, 0.500000
2.597656, 4.593485, 1.202957, 0.500000
2.597656, 4.593485, 1.202957, 0.500000
2.599465, 4.598146, 1.198206, 0.500000
2.599465, 4.598146, 1.198206, 0.500000
2.601296, 4.602799, 1.193455, 0.500000
2.601296, 4.602799, 1.193455, 0.500000
2.601296, 4.602799, 1.193455, 0.500000
2.603149, 4.607443, 1.188704, 0.500000
2.603149, 4.607443, 1.188704, 0.500000
2.605025, 4.612077, 1.183953, 0.500000
2.605025, 4.612077, 1.183953, 0.500000
2.605025, 4.612077, 1.183953, 0.500000
2.606922, 4.616704, 1.179202, 0.500000
2.606922, 4.616704, 1.179202, 0.500000
2.608841, 4.621320, 1.174451, 0.500000
2.608841, 4.621320, 1.174451, 0.500000
2.608841, 4.621320, 1.174451, 0.500000
2.610782, 4.625928, 1.169700, 0.500000
2.610782, 4.625928, 1.169700, 0.500000
2.612746, 4.630527, 1.164949, 0.500000
2.612746, 4.630527, 1.164949, 0.500000
2.612746, 4.630527, 1.164949, 0.500000
2.614730, 4.635116, 1.160198, 0.500000
2.614730, 4.635116, 1.160198, 0.500000
2.616737, 4.639695, 1.155447, 0.500000
2.616737, 4.639695, 1.155447, 0.500000
2.618765, 4.644266, 1.150696, 0.500000
2.618765, 4.644266, 1.150696, 0.500000
2.620816, 4.648826, 1.145945, 0.500000
2.620816, 4.648826, 1.145945, 0.500000
2.620816, 4.648826, 1.145945, 0.500000
2.622887, 4.653377, 1.141194, 0.500000
2.622887, 4.653377, 1.141194, 0.500000
2.624981, 4.657917, 1.136443, 0.500000
2.624981, 4.657917, 1.136443, 0.500000
2.627096, 4.662448, 1.131692, 0.500000
2.627096, 4.662448, 1.131692, 0.500000
2.629232, 4.666968, 1.126941, 0.500000
2.629232, 4.666968, 1.126941, 0.500000
2.629232, 4.666968, 1.126941, 0.500000
2.631390, 4.671479, 1.122190, 0.500000
2.631390, 4.671479, 1.122190, 0.500000
2.633569, 4.675979, 1.117440, 0.500000
2.633569, 4.675979, 1.117440, 0.500000
2.633569, 4.675979, 1.117440, 0.500000
2.635770, 4.680469, 1.112689, 0.500000
2.635770, 4.680469, 1.112689, 0.500000
2.637992, 4.684948, 1.107938, 0.500000
2.637992, 4.684948, 1.107938, 0.500000
2.637992, 4.684948, 1.107938, 0.500000
2.640235, 4.689417, 1.103187, 0.500000
2.640235, 4.689417, 1.103187, 0.500000
2.642499, 4.693874, 1.098436, 0.500000
2.642499, 4.693874, 1.098436, 0.500000
2.642499, 4.693874, 1.098436, 0.500000
2.644785, 4.698321, 1.093685, 0.500000
2.644785, 4.698321, 1.093685, 0.500000
2.647091, 4.702758, 1.088934, 0.500000
2.647091, 4.702758, 1.088934, 0.500000
2.647091, 4.702758, 1.088934, 0.500000
2.649419, 4.707183, 1.084183, 0.500000
2.649419, 4.707183, 1.084183, 0.500000
2.651768, 4.711597, 1.079432, 0.500000
2.651768, 4.711597, 1.079432, 0.500000
2.651768, 4.711597, 1.079432, 0.500000
2.654137, 4.716000, 1.074681, 0.500000
2.654137, 4.716000, 1.074681, 0.500000
2.656528, 4.720391, 1.069930, 0.500000
2.656528, 4.720391, 1.069930, 0.500000
2.656528, 4.720391, 1.069930, 0.500000
2.658939, 4.724771, 1.065179, 0.500000
2.658939, 4.724771, 1.065179, 0.500000
2.661371, 4.729140, 1.060428, 0.500000
2.661371, 4.729140, 1.060428, 0.500000
2.661371, 4.729140, 1.060428, 0.500000
2.663824, 4.733497, 1.055677, 0.500000
2.663824, 4.733497, 1.055677, 0.500000
2.666298, 4.737842, 1.050926, 0.500000
2.666298, 4.737842, 1.050926, 0.500000
2.666298, 4.737842, 1.050926, 0.500000
2.668792, 4.742176, 1.046175, 0.500000
2.668792, 4.742176, 1.046175, 0.500000
2.671306, 4.746497, 1.041424, 0.500000
2.671306, 4.746497, 1.041424, 0.500000
2.671306, 4.746497, 1.041424, 0.500000
2.673841, 4.750807, 1.036673, 0.500000
2.673841, 4.750807, 1.036673, 0.500000
2.676397, 4.755104, 1.031922, 0.500000
2.676397, 4.755104, 1.031922, 0.500000
2.676397, 4.755104, 1.031922, 0.500000
2.678973, 4.759390, 1.027171, 0.500000
2.678973, 4.759390, 1.027171, 0.500000
2.681570, 4.763663, 1.022420, 0.500000
2.681570, 4.763663, 1.022420, 0.500000
2.681570, 4.763663, 1.022420, 0.500000
2.684186, 4.767923, 1.017669, 0.500000
2.684186, 4.767923, 1.017669, 0.500000
2.686823, 4.772171, 1.012918, 0.500000
2.686823, 4.772171, 1.012918, 0.500000
2.686823, 4.772171, 1.012918, 0.500000
2.689480, 4.776407, 1.008167, 0.500000
2.689480, 4.776407, 1.008167, 0.500000
2.692157, 4.780630, 1.003416, 0.500000
2.692157, 4.780630, 1.003416, 0.500000
2.694854, 4.784840, 0.998665, 0.500000
2.694854, 4.784840, 0.998665, 0.500000
2.697572, 4.789037, 0.993914, 0.500000
2.697572, 4.789037, 0.993914, 0.500000
2.697572, 4.789037, 0.993914, 0.500000
2.700308, 4.793222, 0.989163, 0.500000
2.700308, 4.793222, 0.989163, 0.500000
2.703065, 4.797393, 0.984412, 0.500000
2.703065, 4.797393, 0.984412, 0.500000
2.703065, 4.797393, 0.984412, 0.500000
2.705842, 4.801551, 0.979661, 0.500000
2.705842, 4.801551, 0.979661, 0.500000
2.708638, 4.805696, 0.974911, 0.500000
2.708638, 4.805696, 0.974911, 0.500000
2.708638, 4.805696, 0.974911, 0.500000
2.711454, 4.809828, 0.970160, 0.500000
2.711454, 4.809828, 0.970160, 0.500000
2.714290, 4.813946, 0.965409, 0.500000
2.714290, 4.813946, 0.965409, 0.500000
2.714290, 4.813946, 0.965409, 0.500000
2.717145, 4.818051, 0.960658, 0.500000
2.717145, 4.818051, 0.960658, 0.500000
2.720020, 4.822142, 0.955907, 0.500000
2.720020, 4.822142, 0.955907, 0.500000
2.720020, 4.822142, 0.955907, 0.500000
2.722914, 4.826219, 0.951156, 0.500000
2.722914, 4.826219, 0.951156, 0.500000
2.725827, 4.830282, 0.946405, 0.500000
2.725827, 4.830282, 0.946405, 0.500000
2.728760, 4.834332, 0.941654, 0.500000
2.728760, 4.834332, 0.941654, 0.500000
2.731712, 4.838368, 0.936903, 0.500000
2.731712, 4.838368, 0.936903, 0.500000
2.731712, 4.838368, 0.936903, 0.500000
2.734683, 4.842389, 0.932152, 0.500000
2.734683, 4.842389, 0.932152, 0.500000
2.737673, 4.846397, 0.927401, 0.500000
2.737673, 4.846397, 0.927401, 0.500000
2.740682, 4.850390, 0.922650, 0.500000
2.740682, 4.850390, 0.922650, 0.500000
2.743710, 4.854369, 0.917899, 0.500000
2.743710, 4.854369, 0.917899, 0.500000
2.743710, 4.854369, 0.917899, 0.500000
2.746757, 4.858333, 0.913148, 0.500000
2.746757, 4.858333, 0.913148, 0.500000
2.749822, 4.862283, 0.908397, 0.500000
2.749822, 4.862283, 0.908397, 0.500000
2.749822, 4.862283, 0.908397, 0.500000
2.752907, 4.866218, 0.903646, 0.500000
2.752907, 4.866218, 0.903646, 0.500000
2.756010, 4.870139, 0.898895, 0.500000
2.756010, 4.870139, 0.898895, 0.500000
2.759131, 4.874045, 0.894144, 0.500000
2.759131, 4.874045, 0.894144, 0.500000
2.762272, 4.877936, 0.889393, 0.500000
2.762272, 4.877936, 0.889393, 0.500000
2.762272, 4.877936, 0.889393, 0.500000
2.765430, 4.881812, 0.884642, 0.500000
2.765430, 4.881812, 0.884642, 0.500000
2.768607, 4.885672, 0.879891, 0.500000
2.768607, 4.885672, 0.879891, 0.500000
2.768607, 4.885672, 0.879891, 0.500000
2.771803, 4.889518, 0.875140, 0.500000
2.771803, 4.889518, 0.875140, 0.500000
2.775016, 4.893349, 0.870389, 0.500000
2.775016, 4.893349, 0.870389, 0.500000
2.775016, 4.893349, 0.870389, 0.500000
2.778248, 4.897164, 0.865638, 0.500000
2.778248, 4.897164, 0.865638, 0.500000
2.781498, 4.900964, 0.860887, 0.500000
2.781498, 4.900964, 0.860887, 0.500000
2.781498, 4.900964, 0.860887, 0.500000
2.784765, 4.904748, 0.856136, 0.500000
2.784765, 4.904748, 0.856136, 0.500000
2.788051, 4.908517, 0.851385, 0.500000
2.788051, 4.908517, 0.851385, 0.500000
2.791355, 4.912270, 0.846634, 0.500000
2.791355, 4.912270, 0.846634, 0.500000
2.794676, 4.916007, 0.841883, 0.500000
2.794676, 4.916007, 0.841883, 0.500000
2.794676, 4.916007, 0.841883, 0.500000
2.798015, 4.919729, 0.837132, 0.500000
2.798015, 4.919729, 0.837132, 0.500000
2.801372, 4.923435, 0.832382, 0.500000
2.801372, 4.923435, 0.832382, 0.500000
2.801372, 4.923435, 0.832382, 0.500000
2.804747, 4.927124, 0.827631, 0.500000
2.804747, 4.927124, 0.827631, 0.500000
2.808139, 4.930798, 0.822880, 0.500000
2.808139, 4.930798, 0.822880, 0.500000
2.808139, 4.930798, 0.822880, 0.500000
2.811548, 4.934456, 0.818129, 0.500000
2.811548, 4.934456, 0.818129, 0.500000
2.814974, 4.938097, 0.813378, 0.500000
2.814974, 4.938097, 0.813378, 0.500000
2.814974, 4.938097, 0.813378, 0.500000
2.818418, 4.941722, 0.808627, 0.500000
2.818418, 4.941722, 0.808627, 0.500000
2.821879, 4.945330, 0.803876, 0.500000
2.821879, 4.945330, 0.803876, 0.500000
2.821879, 4.945330, 0.803876, 0.500000
2.825357, 4.948922, 0.799125, 0.500000
2.825357, 4.948922, 0.799125, 0.500000
2.828853, 4.952497, 0.794374, 0.500000
2.828853, 4.952497, 0.794374, 0.500000
2.828853, 4.952497, 0.794374, 0.500000
2.832365, 4.956056, 0.789623, 0.500000
2.832365, 4.956056, 0.789623, 0.500000
2.835894, 4.959598, 0.784872, 0.500000
2.835894, 4.959598, 0.784872, 0.500000
2.835894, 4.959598, 0.784872, 0.500000
2.839439, 4.963124, 0.780121, 0.500000
2.839439, 4.963124, 0.780121, 0.500000
2.843002, 4.966632, 0.775370, 0.500000
2.843002, 4.966632, 0.775370, 0.500000
2.843002, 4.966632, 0.775370, 0.500000
2.846581, 4.970123, 0.770619, 0.500000
2.846581, 4.970123, 0.770619, 0.500000
2.850177, 4.973598, 0.765868, 0.500000
2.850177, 4.973598, 0.765868, 0.500000
2.850177, 4.973598, 0.765868, 0.500000
2.853789, 4.977055, 0.761117, 0.500000
2.853789, 4.977055, 0.761117, 0.500000
2.857417, 4.980495, 0.756366, 0.500000
2.857417, 4.980495, 0.756366, 0.500000
2.857417, 4.980495, 0.756366, 0.500000
2.861062, 4.983918, 0.751615, 0.500000
2.861062, 4.983918, 0.751615, 0.500000
2.864723, 4.987323, 0.746864, 0.500000
2.864723, 4.987323, 0.746864, 0.500000
2.868400, 4.990711, 0.742113, 0.500000
2.868400, 4.990711, 0.742113, 0.500000
2.872094, 4.994082, 0.737362, 0.500000
2.872094, 4.994082, 0.737362, 0.500000
2.872094, 4.994082, 0.737362, 0.500000
2.875803, 4.997435, 0.732611, 0.500000
2.875803, 4.997435, 0.732611, 0.500000
2.879528, 5.000770, 0.727860, 0.500000
2.879528, 5.000770, 0.727860, 0.500000
2.879528, 5.000770, 0.727860, 0.500000
2.883269, 5.004087, 0.723109, 0.500000
2.883269, 5.004087, 0.723109, 0.500000
2.887025, 5.007387, 0.718358, 0.500000
2.887025, 5.007387, 0.718358, 0.500000
2.887025, 5.007387, 0.718358, 0.500000
2.890797, 5.010669, 0.713607, 0.500000
2.890797, 5.010669, 0.713607, 0.500000
2.894585, 5.013932, 0.708856, 0.500000
2.894585, 5.013932, 0.708856, 0.500000
2.894585, 5.013932, 0.708856, 0.500000
2.898388, 5.017178, 0.704105, 0.500000
2.898388, 5.017178, 0.704105, 0.500000
2.902207, 5.020406, 0.699354, 0.500000
2.902207, 5.020406, 0.699354, 0.500000
2.902207, 5.020406, 0.699354, 0.500000
2.906041, 5.023616, 0.694603, 0.500000
2.906041, 5.023616, 0.694603, 0.500000
2.909890, 5.026807, 0.689852, 0.500000
2.909890, 5.026807, 0.689852, 0.500000
2.909890, 5.026807, 0.689852, 0.500000
2.913754, 5.029980, 0.685102, 0.500000
2.913754, 5.029980, 0.685102, 0.500000
2.917634, 5.033134, 0.680351, 0.500000
2.917634, 5.033134, 0.680351, 0.500000
2.917634, 5.033134, 0.680351, 0.500000
2.921528, 5.036270, 0.675600, 0.500000
2.921528, 5.036270, 0.675600, 0.500000
2.925437, 5.039388, 0.670849, 0.500000
2.925437, 5.039388, 0.670849, 0.500000
2.925437, 5.039388, 0.670849, 0.500000
2.929361, 5.042487, 0.666098, 0.500000
2.929361, 5.042487, 0.666098, 0.500000
2.933299, 5.045567, 0.661347, 0.500000
2.933299, 5.045567, 0.661347, 0.500000
2.933299, 5.045567, 0.661347, 0.500000
2.937252, 5.048629, 0.656596, 0.500000
2.937252, 5.048629, 0.656596, 0.500000
2.941220, 5.051671, 0.651845, 0.500000
2.941220, 5.051671, 0.651845, 0.500000
2.941220, 5.051671, 0.651845, 0.500000
2.945202, 5.054695, 0.647094, 0.500000
2.945202, 5.054695, 0.647094, 0.500000
2.949199, 5.057700, 0.642343, 0.500000
2.949199, 5.057700, 0.642343, 0.500000
2.949199, 5.057700, 0.642343, 0.500000
2.953209, 5.060686, 0.637592, 0.500000
2.953209, 5.060686, 0.637592, 0.500000
2.957234, 5.063653, 0.632841, 0.500000
2.957234, 5.063653, 0.632841, 0.500000
2.957234, 5.063653, 0.632841, 0.500000
2.961272, 5.066600, 0.628090, 0.500000
2.961272, 5.066600, 0.628090, 0.500000
2.965325, 5.069528, 0.623339, 0.500000
2.969392, 5.072438, 0.618588, 0.500000
2.969392, 5.072438, 0.618588, 0.500000
2.973472, 5.075327, 0.613837, 0.500000
2.973472, 5.075327, 0.613837, 0.500000
2.973472, 5.075327, 0.613837, 0.500000
2.977566, 5.078198, 0.609086, 0.500000
2.977566, 5.078198, 0.609086, 0.500000
2.981674, 5.081048, 0.604335, 0.500000
2.981674, 5.081048, 0.604335, 0.500000
2.981674, 5.081048, 0.604335, 0.500000
2.985795, 5.083880, 0.599584, 0.500000
2.985795, 5.083880, 0.599584, 0.500000
2.989930, 5.086691, 0.594833, 0.500000
2.989930, 5.086691, 0.594833, 0.500000
2.994077, 5.089484, 0.590082, 0.500000
2.994077, 5.089484, 0.590082, 0.500000
2.998239, 5.092256, 0.585331, 0.500000
2.998239, 5.092256, 0.585331, 0.500000
2.998239, 5.092256, 0.585331, 0.500000
3.002413, 5.095008, 0.580580, 0.500000
3.002413, 5.095008, 0.580580, 0.500000
3.006600, 5.097741, 0.575829, 0.500000
3.006600, 5.097741, 0.575829, 0.500000
3.006600, 5.097741, 0.575829, 0.500000
3.010800, 5.100454, 0.571078, 0.500000
3.010800, 5.100454, 0.571078, 0.500000
3.015013, 5.103146, 0.566327, 0.500000
3.015013, 5.103146, 0.566327, 0.500000
3.015013, 5.103146, 0.566327, 0.500000
3.019239, 5.105819, 0.561576, 0.500000
3.019239, 5.105819, 0.561576, 0.500000
3.023477, 5.108471, 0.556825, 0.500000
3.023477, 5.108471, 0.556825, 0.500000
3.023477, 5.108471, 0.556825, 0.500000
3.027728, 5.111104, 0.552074, 0.500000
3.027728, 5.111104, 0.552074, 0.500000
3.031992, 5.113716, 0.547323, 0.500000
3.031992, 5.113716, 0.547323, 0.500000
3.031992, 5.113716, 0.547323, 0.500000
3.036267, 5.116308, 0.542573, 0.500000
3.036267, 5.116308, 0.542573, 0.500000
3.040555, 5.118879, 0.537822, 0.500000
3.040555, 5.118879, 0.537822, 0.500000
3.040555, 5.118879, 0.537822, 0.500000
3.044855, 5.121431, 0.533071, 0.500000
3.044855, 5.121431, 0.533071, 0.500000
3.049168, 5.123961, 0.528320, 0.500000
3.049168, 5.123961, 0.528320, 0.500000
3.053492, 5.126471, 0.523569, 0.500000
3.053492, 5.126471, 0.523569, 0.500000
3.057828, 5.128961, 0.518818, 0.500000
3.057828, 5.128961, 0.518818, 0.500000
3.057828, 5.128961, 0.518818, 0.500000
3.062176, 5.131431, 0.514594, 0.500000
3.062176, 5.131431, 0.514594, 0.500000
3.066533, 5.133883, 0.510888, 0.500000
3.066533, 5.133883, 0.510888, 0.500000
3.066533, 5.133883, 0.510888, 0.500000
3.070898, 5.136321, 0.507692, 0.500000
3.070898, 5.136321, 0.507692, 0.500000
3.075271, 5.138746, 0.504999, 0.500000
3.075271, 5.138746, 0.504999, 0.500000
3.075271, 5.138746, 0.504999, 0.500000
3.079650, 5.141160, 0.502803, 0.500000
3.079650, 5.141160, 0.502803, 0.500000
3.084033, 5.143565, 0.501100, 0.500000
3.084033, 5.143565, 0.501100, 0.500000
3.084033, 5.143565, 0.501100, 0.500000
3.088420, 5.145964, 0.499886, 0.500000
3.088420, 5.145964, 0.499886, 0.500000
3.092809, 5.148359, 0.499158, 0.500000
3.092809, 5.148359, 0.499158, 0.500000
3.092809, 5.148359, 0.499158, 0.500000
3.097199, 5.150752, 0.498916, 0.500000
3.097199, 5.150752, 0.498916, 0.500000
3.101590, 5.153144, 0.498916, 0.500000
3.101590, 5.153144, 0.498916, 0.500000
3.105980, 5.155537, 0.498916, 0.500000
3.105980, 5.155537, 0.498916, 0.500000
3.110371, 5.157929, 0.498916, 0.500000
3.110371, 5.157929, 0.498916, 0.500000
3.114761, 5.160321, 0.498916, 0.500000
3.114761, 5.160321, 0.498916, 0.500000
3.119152, 5.162714, 0.498916, 0.500000
3.119152, 5.162714, 0.498916, 0.500000
3.119152, 5.162714, 0.498916, 0.500000
3.123542, 5.165106, 0.498916, 0.500000
3.123542, 5.165106, 0.498916, 0.500000
3.127933, 5.167498, 0.498916, 0.500000
3.127933, 5.167498, 0.498916, 0.500000
3.127933, 5.167498, 0.498916, 0.500000
3.132323, 5.169891, 0.498916, 0.500000
3.132323, 5.169891, 0.498916, 0.500000
3.136714, 5.172283, 0.498916, 0.500000
3.136714, 5.172283, 0.498916, 0.500000
3.136714, 5.172283, 0.498916, 0.500000
3.141104, 5.174676, 0.498916, 0.500000
3.141104, 5.174676, 0.498916, 0.500000
3.145495, 5.177068, 0.498916, 0.500000
3.145495, 5.177068, 0.498916, 0.500000
3.145495, 5.177068, 0.498916, 0.500000
3.149885, 5.179460, 0.498916, 0.500000
3.149885, 5.179460, 0.498916, 0.500000
3.154276, 5.181853, 0.498916, 0.500000
3.154276, 5.181853, 0.498916, 0.500000
3.154276, 5.181853, 0.498916, 0.500000
3.158666, 5.184245, 0.498916, 0.500000
3.158666, 5.184245, 0.498916, 0.500000
3.163057, 5.186637, 0.498916, 0.500000
3.163057, 5.186637, 0.498916, 0.500000
3.163057, 5.186637, 0.498916, 0.500000
3.167447, 5.189030, 0.498916, 0.500000
3.167447, 5.189030, 0.498916, 0.500000
3.171838, 5.191422, 0.498916, 0.500000
3.171838, 5.191422, 0.498916, 0.500000
3.176228, 5.193815, 0.498916, 0.500000
3.176228, 5.193815, 0.498916, 0.500000
3.180619, 5.196207, 0.498916, 0.500000
3.180619, 5.196207, 0.498916, 0.500000
3.180619, 5.196207, 0.498916, 0.500000
3.185009, 5.198599, 0.498916, 0.500000
3.185009, 5.198599, 0.498916, 0.500000
3.189400, 5.200992, 0.498916, 0.500000
3.189400, 5.200992, 0.498916, 0.500000
3.193790, 5.203384, 0.498916, 0.500000
3.193790, 5.203384, 0.498916, 0.500000
3.198181, 5.205776, 0.498916, 0.500000
3.198181, 5.205776, 0.498916, 0.500000
3.198181, 5.205776, 0.498916, 0.500000
3.202571, 5.208169, 0.498916, 0.500000
3.202571, 5.208169, 0.498916, 0.500000
3.206962, 5.210561, 0.498916, 0.500000
3.206962, 5.210561, 0.498916, 0.500000
3.206962, 5.210561, 0.498916, 0.500000
3.211352, 5.212953, 0.498916, 0.500000
3.211352, 5.212953, 0.498916, 0.500000
3.215743, 5.215346, 0.498916, 0.500000
3.215743, 5.215346, 0.498916, 0.500000
3.215743, 5.215346, 0.498916, 0.500000
3.220133, 5.217738, 0.498916, 0.500000
3.220133, 5.217738, 0.498916, 0.500000
3.224524, 5.220131, 0.498916, 0.500000
3.224524, 5.220131, 0.498916, 0.500000
3.224524, 5.220131, 0.498916, 0.500000
3.228915, 5.222523, 0.498673, 0.500000
3.228915, 5.222523, 0.498673, 0.500000
3.233307, 5.224912, 0.497946, 0.500000
3.233307, 5.224912, 0.497946, 0.500000
3.233307, 5.224912, 0.497946, 0.500000
3.237701, 5.227298, 0.496732, 0.500000
3.237701, 5.227298, 0.496732, 0.500000
3.242098, 5.229677, 0.495029, 0.500000
3.242098, 5.229677, 0.495029, 0.500000
3.246501, 5.232048, 0.492833, 0.500000
3.246501, 5.232048, 0.492833, 0.500000
3.250909, 5.234408, 0.490140, 0.500000
3.250909, 5.234408, 0.490140, 0.500000
3.250909, 5.234408, 0.490140, 0.500000
3.255324, 5.236755, 0.486944, 0.500000
3.255324, 5.236755, 0.486944, 0.500000
3.259747, 5.239086, 0.483238, 0.500000
3.259747, 5.239086, 0.483238, 0.500000
3.259747, 5.239086, 0.483238, 0.500000
3.264179, 5.241400, 0.479014, 0.500000
3.264179, 5.241400, 0.479014, 0.500000
3.268622, 5.243695, 0.474263, 0.500000
3.268622, 5.243695, 0.474263, 0.500000
3.268622, 5.243695, 0.474263, 0.500000
3.273075, 5.245967, 0.469512, 0.500000
3.273075, 5.245967, 0.469512, 0.500000
3.277540, 5.248219, 0.464761, 0.500000
3.277540, 5.248219, 0.464761, 0.500000
3.277540, 5.248219, 0.464761, 0.500000
3.282015, 5.250449, 0.460010, 0.500000
3.286500, 5.252659, 0.455259, 0.500000
3.286500, 5.252659, 0.455259, 0.500000
3.286500, 5.252659, 0.455259, 0.500000
3.290996, 5.254846, 0.450508, 0.500000
3.290996, 5.254846, 0.450508, 0.500000
3.295502, 5.257013, 0.445757, 0.500000
3.295502, 5.257013, 0.445757, 0.500000
3.295502, 5.257013, 0.445757, 0.500000
3.300019, 5.259158, 0.441006, 0.500000
3.300019, 5.259158, 0.441006, 0.500000
3.304545, 5.261281, 0.436255, 0.500000
3.304545, 5.261281, 0.436255, 0.500000
3.304545, 5.261281, 0.436255, 0.500000
3.309082, 5.263383, 0.431504, 0.500000
3.309082, 5.263383, 0.431504, 0.500000
3.313629, 5.265464, 0.426753, 0.500000
3.313629, 5.265464, 0.426753, 0.500000
3.318185, 5.267522, 0.422002, 0.500000
3.318185, 5.267522, 0.422002, 0.500000
3.322751, 5.269560, 0.417251, 0.500000
3.322751, 5.269560, 0.417251, 0.500000
3.322751, 5.269560, 0.417251, 0.500000
3.327327, 5.271575, 0.412500, 0.500000
3.327327, 5.271575, 0.412500, 0.500000
3.331913, 5.273569, 0.407749, 0.500000
3.331913, 5.273569, 0.407749, 0.500000
3.331913, 5.273569, 0.407749, 0.500000
3.336507, 5.275540, 0.402998, 0.500000
3.336507, 5.275540, 0.402998, 0.500000
3.341111, 5.277490, 0.398247, 0.500000
3.341111, 5.277490, 0.398247, 0.500000
3.345725, 5.279418, 0.393496, 0.500000
3.345725, 5.279418, 0.393496, 0.500000
3.345725, 5.279418, 0.393496, 0.500000
3.350347, 5.281324, 0.388745, 0.500000
3.350347, 5.281324, 0.388745, 0.500000
3.350347, 5.281324, 0.388745, 0.500000
3.354979, 5.283208, 0.383994, 0.500000
3.354979, 5.283208, 0.383994, 0.500000
3.359619, 5.285071, 0.379244, 0.500000
3.359619, 5.285071, 0.379244, 0.500000
3.359619, 5.285071, 0.379244, 0.500000
3.364268, 5.286911, 0.374493, 0.500000
3.364268, 5.286911, 0.374493, 0.500000
3.368926, 5.288729, 0.369742, 0.500000
3.368926, 5.288729, 0.369742, 0.500000
3.373592, 5.290524, 0.364991, 0.500000
3.373592, 5.290524, 0.364991, 0.500000
3.378267, 5.292298, 0.360240, 0.500000
3.378267, 5.292298, 0.360240, 0.500000
3.378267, 5.292298, 0.360240, 0.500000
3.382950, 5.294049, 0.355489, 0.500000
3.382950, 5.294049, 0.355489, 0.500000
3.387642, 5.295779, 0.350738, 0.500000
3.387642, 5.295779, 0.350738, 0.500000
3.387642, 5.295779, 0.350738, 0.500000
3.392341, 5.297485, 0.345987, 0.500000
3.392341, 5.297485, 0.345987, 0.500000
3.397049, 5.299170, 0.341236, 0.500000
3.397049, 5.299170, 0.341236, 0.500000
3.397049, 5.299170, 0.341236, 0.500000
3.401765, 5.300832, 0.336485, 0.500000
3.401765, 5.300832, 0.336485, 0.500000
3.406488, 5.302472, 0.331734, 0.500000
3.406488, 5.302472, 0.331734, 0.500000
3.406488, 5.302472, 0.331734, 0.500000
3.411220, 5.304089, 0.326983, 0.500000
3.411220, 5.304089, 0.326983, 0.500000
3.415958, 5.305683, 0.322232, 0.500000
3.415958, 5.305683, 0.322232, 0.500000
3.415958, 5.305683, 0.322232, 0.500000
3.420705, 5.307255, 0.317481, 0.500000
3.420705, 5.307255, 0.317481, 0.500000
3.425459, 5.308805, 0.312730, 0.500000
3.425459, 5.308805, 0.312730, 0.500000
3.425459, 5.308805, 0.312730, 0.500000
3.430220, 5.310332, 0.307979, 0.500000
3.430220, 5.310332, 0.307979, 0.500000
3.434988, 5.311836, 0.303228, 0.500000
3.434988, 5.311836, 0.303228, 0.500000
3.434988, 5.311836, 0.303228, 0.500000
3.439764, 5.313318, 0.298477, 0.500000
3.439764, 5.313318, 0.298477, 0.500000
3.444546, 5.314777, 0.293726, 0.500000
3.444546, 5.314777, 0.293726, 0.500000
3.444546, 5.314777, 0.293726, 0.500000
3.449335, 5.316213, 0.288975, 0.500000
3.449335, 5.316213, 0.288975, 0.500000
3.454131, 5.317627, 0.284224, 0.500000
3.454131, 5.317627, 0.284224, 0.500000
3.454131, 5.317627, 0.284224, 0.500000
3.458934, 5.319017, 0.279473, 0.500000
3.458934, 5.319017, 0.279473, 0.500000
3.463743, 5.320385, 0.274722, 0.500000
3.463743, 5.320385, 0.274722, 0.500000
3.463743, 5.320385, 0.274722, 0.500000
3.468559, 5.321730, 0.269971, 0.500000
3.468559, 5.321730, 0.269971, 0.500000
3.473381, 5.323052, 0.265220, 0.500000
3.473381, 5.323052, 0.265220, 0.500000
3.473381, 5.323052, 0.265220, 0.500000
3.478209, 5.324351, 0.260469, 0.500000
3.478209, 5.324351, 0.260469, 0.500000
3.483044, 5.325628, 0.255718, 0.500000
3.483044, 5.325628, 0.255718, 0.500000
3.483044, 5.325628, 0.255718, 0.500000
3.487884, 5.326881, 0.250967, 0.500000
3.487884, 5.326881, 0.250967, 0.500000
3.492730, 5.328111, 0.246216, 0.500000
3.492730, 5.328111, 0.246216, 0.500000
3.492730, 5.328111, 0.246216, 0.500000
3.497582, 5.329318, 0.241465, 0.500000
3.497582, 5.329318, 0.241465, 0.500000
3.502440, 5.330502, 0.236715, 0.500000
3.502440, 5.330502, 0.236715, 0.500000
3.502440, 5.330502, 0.236715, 0.500000
3.507304, 5.331663, 0.231964, 0.500000
3.507304, 5.331663, 0.231964, 0.500000
3.512172, 5.332801, 0.227213, 0.500000
3.512172, 5.332801, 0.227213, 0.500000
3.512172, 5.332801, 0.227213, 0.500000
3.517046, 5.333916, 0.222462, 0.500000
3.517046, 5.333916, 0.222462, 0.500000
3.521926, 5.335007, 0.217711, 0.500000
3.521926, 5.335007, 0.217711, 0.500000
3.526810, 5.336076, 0.212960, 0.500000
3.526810, 5.336076, 0.212960, 0.500000
3.531700, 5.337121, 0.208209, 0.500000
3.531700, 5.337121, 0.208209, 0.500000
3.531700, 5.337121, 0.208209, 0.500000
3.536594, 5.338143, 0.203458, 0.500000
3.536594, 5.338143, 0.203458, 0.500000
3.541494, 5.339142, 0.198707, 0.500000
3.541494, 5.339142, 0.198707, 0.500000
3.541494, 5.339142, 0.198707, 0.500000
3.546398, 5.340117, 0.193956, 0.500000
3.546398, 5.340117, 0.193956, 0.500000
3.551306, 5.341069, 0.189205, 0.500000
3.551306, 5.341069, 0.189205, 0.500000
3.556219, 5.341997, 0.184454, 0.500000
3.556219, 5.341997, 0.184454, 0.500000
3.561136, 5.342903, 0.179703, 0.500000
3.561136, 5.342903, 0.179703, 0.500000
3.561136, 5.342903, 0.179703, 0.500000
3.566058, 5.343785, 0.174952, 0.500000
3.566058, 5.343785, 0.174952, 0.500000
3.570984, 5.344644, 0.170201, 0.500000
3.570984, 5.344644, 0.170201, 0.500000
3.575913, 5.345479, 0.165450, 0.500000
3.575913, 5.345479, 0.165450, 0.500000
3.575913, 5.345479, 0.165450, 0.500000
3.580847, 5.346291, 0.160699, 0.500000
3.580847, 5.346291, 0.160699, 0.500000
3.580847, 5.346291, 0.160699, 0.500000
3.585785, 5.347079, 0.155948, 0.500000
3.590726, 5.347844, 0.151197, 0.500000
3.590726, 5.347844, 0.151197, 0.500000
3.590726, 5.347844, 0.151197, 0.500000
3.595670, 5.348585, 0.146446, 0.500000
3.595670, 5.348585, 0.146446, 0.500000
3.600619, 5.349303, 0.141695, 0.500000
3.600619, 5.349303, 0.141695, 0.500000
3.605570, 5.349997, 0.136944, 0.500000
3.605570, 5.349997, 0.136944, 0.500000
3.610525, 5.350668, 0.132193, 0.500000
3.610525, 5.350668, 0.132193, 0.500000
3.610525, 5.350668, 0.132193, 0.500000
3.615483, 5.351315, 0.127442, 0.500000
3.615483, 5.351315, 0.127442, 0.500000
3.620444, 5.351939, 0.122691, 0.500000
3.620444, 5.351939, 0.122691, 0.500000
3.620444, 5.351939, 0.122691, 0.500000
3.625408, 5.352539, 0.117940, 0.500000
3.625408, 5.352539, 0.117940, 0.500000
3.630374, 5.353116, 0.113189, 0.500000
3.630374, 5.353116, 0.113189, 0.500000
3.635344, 5.353669, 0.108438, 0.500000
3.635344, 5.353669, 0.108438, 0.500000
3.640316, 5.354198, 0.103687, 0.500000
3.640316, 5.354198, 0.103687, 0.500000
3.640316, 5.354198, 0.103687, 0.500000
3.645290, 5.354704, 0.098936, 0.500000
3.645290, 5.354704, 0.098936, 0.500000
3.650267, 5.355186, 0.094186, 0.500000
3.650267, 5.355186, 0.094186, 0.500000
3.650267, 5.355186, 0.094186, 0.500000
3.655246, 5.355644, 0.089435, 0.500000
3.655246, 5.355644, 0.089435, 0.500000
3.660227, 5.356080, 0.085211, 0.500000
3.660227, 5.356080, 0.085211, 0.500000
3.660227, 5.356080, 0.085211, 0.500000
3.665209, 5.356496, 0.081505, 0.500000
3.665209, 5.356496, 0.081505, 0.500000
3.670193, 5.356895, 0.078309, 0.500000
3.670193, 5.356895, 0.078309, 0.500000
3.670193, 5.356895, 0.078309, 0.500000
3.675178, 5.357279, 0.075616, 0.500000
3.675178, 5.357279, 0.075616, 0.500000
3.680165, 5.357651, 0.073420, 0.500000
3.680165, 5.357651, 0.073420, 0.500000
3.680165, 5.357651, 0.073420, 0.500000
3.685151, 5.358013, 0.071716, 0.500000
3.685151, 5.358013, 0.071716, 0.500000
3.690139, 5.358368, 0.070502, 0.500000
3.690139, 5.358368, 0.070502, 0.500000
3.690139, 5.358368, 0.070502, 0.500000
3.695127, 5.358719, 0.069775, 0.500000
3.695127, 5.358719, 0.069775, 0.500000
3.700114, 5.359066, 0.069533, 0.500000
3.700114, 5.359066, 0.069533, 0.500000
3.700114, 5.359066, 0.069533, 0.500000
3.705102, 5.359414, 0.069533, 0.500000
3.705102, 5.359414, 0.069533, 0.500000
3.710090, 5.359761, 0.069533, 0.500000
3.710090, 5.359761, 0.069533, 0.500000
3.710090, 5.359761, 0.069533, 0.500000
3.715078, 5.360109, 0.069533, 0.500000
3.715078, 5.360109, 0.069533, 0.500000
3.720066, 5.360456, 0.069533, 0.500000
3.720066, 5.360456, 0.069533, 0.500000
3.720066, 5.360456, 0.069533, 0.500000
3.725054, 5.360803, 0.069533, 0.500000
3.725054, 5.360803, 0.069533, 0.500000
3.730042, 5.361151, 0.069533, 0.500000
3.730042, 5.361151, 0.069533, 0.500000
3.730042, 5.361151, 0.069533, 0.500000
3.735030, 5.361498, 0.069533, 0.500000
3.735030, 5.361498, 0.069533, 0.500000
3.740018, 5.361846, 0.069533, 0.500000
3.740018, 5.361846, 0.069533, 0.500000
3.740018, 5.361846, 0.069533, 0.500000
3.745006, 5.362193, 0.069533, 0.500000
3.745006, 5.362193, 0.069533, 0.500000
3.749994, 5.362540, 0.069533, 0.500000
3.749994, 5.362540, 0.069533, 0.500000
3.749994, 5.362540, 0.069533, 0.500000
3.754982, 5.362888, 0.069533, 0.500000
3.754982, 5.362888, 0.069533, 0.500000
3.759969, 5.363235, 0.069533, 0.500000
3.759969, 5.363235, 0.069533, 0.500000
3.764957, 5.363582, 0.069533, 0.500000
3.764957, 5.363582, 0.069533, 0.500000
3.769945, 5.363930, 0.069533, 0.500000
3.769945, 5.363930, 0.069533, 0.500000
3.769945, 5.363930, 0.069533, 0.500000
3.774933, 5.364277, 0.069533, 0.500000
3.774933, 5.364277, 0.069533, 0.500000
3.779921, 5.364625, 0.069533, 0.500000
3.784909, 5.364972, 0.069533, 0.500000
3.784909, 5.364972, 0.069533, 0.500000
3.789897, 5.365319, 0.069533, 0.500000
3.789897, 5.365319, 0.069533, 0.500000
3.789897, 5.365319, 0.069533, 0.500000
3.794885, 5.365667, 0.069533, 0.500000
3.794885, 5.365667, 0.069533, 0.500000
3.799873, 5.366014, 0.069533, 0.500000
3.799873, 5.366014, 0.069533, 0.500000
3.799873, 5.366014, 0.069533, 0.500000
3.804861, 5.366361, 0.069533, 0.500000
3.804861, 5.366361, 0.069533, 0.500000
3.809849, 5.366709, 0.069533, 0.500000
3.809849, 5.366709, 0.069533, 0.500000
3.809849, 5.366709, 0.069533, 0.500000
3.814837, 5.367056, 0.069533, 0.500000
3.814837, 5.367056, 0.069533, 0.500000
3.819824, 5.367404, 0.069533, 0.500000
3.819824, 5.367404, 0.069533, 0.500000
3.819824, 5.367404, 0.069533, 0.500000
3.824812, 5.367751, 0.069533, 0.500000
3.824812, 5.367751, 0.069533, 0.500000
3.829800, 5.368098, 0.069533, 0.500000
3.829800, 5.368098, 0.069533, 0.500000
3.829800, 5.368098, 0.069533, 0.500000
3.834788, 5.368446, 0.069533, 0.500000
3.834788, 5.368446, 0.069533, 0.500000
3.839776, 5.368793, 0.069533, 0.500000
3.839776, 5.368793, 0.069533, 0.500000
3.844764, 5.369141, 0.069533, 0.500000
3.844764, 5.369141, 0.069533, 0.500000
3.844764, 5.369141, 0.069533, 0.500000
3.849752, 5.369488, 0.069533, 0.500000
3.849752, 5.369488, 0.069533, 0.500000
3.849752, 5.369488, 0.069533, 0.500000
3.854740, 5.369835, 0.069533, 0.500000
3.854740, 5.369835, 0.069533, 0.500000
3.859728, 5.370183, 0.069533, 0.500000
3.859728, 5.370183, 0.069533, 0.500000
3.864716, 5.370530, 0.069533, 0.500000
3.864716, 5.370530, 0.069533, 0.500000
3.869704, 5.370877, 0.069533, 0.500000
3.869704, 5.370877, 0.069533, 0.500000
3.869704, 5.370877, 0.069533, 0.500000
3.874692, 5.371225, 0.069533, 0.500000
3.874692, 5.371225, 0.069533, 0.500000
3.879679, 5.371572, 0.069533, 0.500000
3.879679, 5.371572, 0.069533, 0.500000
3.879679, 5.371572, 0.069533, 0.500000
3.884667, 5.371920, 0.069533, 0.500000
3.884667, 5.371920, 0.069533, 0.500000
3.889655, 5.372267, 0.069533, 0.500000
3.889655, 5.372267, 0.069533, 0.500000
3.889655, 5.372267, 0.069533, 0.500000
3.894643, 5.372614, 0.069533, 0.500000
3.894643, 5.372614, 0.069533, 0.500000
3.899631, 5.372962, 0.069533, 0.500000
3.899631, 5.372962, 0.069533, 0.500000
3.899631, 5.372962, 0.069533, 0.500000
3.904619, 5.373309, 0.069533, 0.500000
3.904619, 5.373309, 0.069533, 0.500000
3.909607, 5.373657, 0.069533, 0.500000
3.909607, 5.373657, 0.069533, 0.500000
3.909607, 5.373657, 0.069533, 0.500000
3.914595, 5.374004, 0.069533, 0.500000
3.914595, 5.374004, 0.069533, 0.500000
3.919583, 5.374351, 0.069533, 0.500000
3.919583, 5.374351, 0.069533, 0.500000
3.919583, 5.374351, 0.069533, 0.500000
3.924571, 5.374699, 0.069533, 0.500000
3.924571, 5.374699, 0.069533, 0.500000
3.929559, 5.375046, 0.069533, 0.500000
3.929559, 5.375046, 0.069533, 0.500000
3.929559, 5.375046, 0.069533, 0.500000
3.934547, 5.375393, 0.069533, 0.500000
3.934547, 5.375393, 0.069533, 0.500000
3.939535, 5.375741, 0.069533, 0.500000
3.939535, 5.375741, 0.069533, 0.500000
3.939535, 5.375741, 0.069533, 0.500000
3.944522, 5.376088, 0.069533, 0.500000
3.944522, 5.376088, 0.069533, 0.500000
3.949510, 5.376436, 0.069533, 0.500000
3.949510, 5.376436, 0.069533, 0.500000
3.949510, 5.376436, 0.069533, 0.500000
3.954498, 5.376783, 0.069533, 0.500000
3.954498, 5.376783, 0.069533, 0.500000
3.959486, 5.377130, 0.069533, 0.500000
3.959486, 5.377130, 0.069533, 0.500000
3.959486, 5.377130, 0.069533, 0.500000
3.964474, 5.377478, 0.069533, 0.500000
3.964474, 5.377478, 0.069533, 0.500000
3.969462, 5.377825, 0.069533, 0.500000
3.969462, 5.377825, 0.069533, 0.500000
3.974450, 5.378173, 0.069533, 0.500000
3.974450, 5.378173, 0.069533, 0.500000
3.979438, 5.378520, 0.069533, 0.500000
3.979438, 5.378520, 0.069533, 0.500000
3.979438, 5.378520, 0.069533, 0.500000
3.984426, 5.378867, 0.069533, 0.500000
3.984426, 5.378867, 0.069533, 0.500000
3.989414, 5.379215, 0.069533, 0.500000
3.989414, 5.379215, 0.069533, 0.500000
3.994402, 5.379562, 0.069533, 0.500000
3.994402, 5.379562, 0.069533, 0.500000
3.999390, 5.379909, 0.069533, 0.500000
3.999390, 5.379909, 0.069533, 0.500000
3.999390, 5.379909, 0.069533, 0.500000
4.004377, 5.380257, 0.069533, 0.500000
4.004377, 5.380257, 0.069533, 0.500000
4.009365, 5.380604, 0.069533, 0.500000
4.009365, 5.380604, 0.069533, 0.500000
4.009365, 5.380604, 0.069533, 0.500000
4.014353, 5.380952, 0.069533, 0.500000
4.014353, 5.380952, 0.069533, 0.500000
4.019341, 5.381299, 0.069533, 0.500000
4.019341, 5.381299, 0.069533, 0.500000
4.019341, 5.381299, 0.069533, 0.500000
4.024329, 5.381646, 0.069533, 0.500000
4.024329, 5.381646, 0.069533, 0.500000
4.029317, 5.381994, 0.069533, 0.500000
4.029317, 5.381994, 0.069533, 0.500000
4.029317, 5.381994, 0.069533, 0.500000
4.034305, 5.382341, 0.069533, 0.500000
4.034305, 5.382341, 0.069533, 0.500000
4.039293, 5.382688, 0.069533, 0.500000
4.039293, 5.382688, 0.069533, 0.500000
4.039293, 5.382688, 0.069533, 0.500000
4.044281, 5.383036, 0.069533, 0.500000
4.044281, 5.383036, 0.069533, 0.500000
4.049269, 5.383383, 0.069533, 0.500000
4.049269, 5.383383, 0.069533, 0.500000
4.049269, 5.383383, 0.069533, 0.500000
4.054257, 5.383731, 0.069533, 0.500000
4.054257, 5.383731, 0.069533, 0.500000
4.059245, 5.384078, 0.069533, 0.500000
4.059245, 5.384078, 0.069533, 0.500000
4.059245, 5.384078, 0.069533, 0.500000
4.064232, 5.384425, 0.069533, 0.500000
4.064232, 5.384425, 0.069533, 0.500000
4.069220, 5.384773, 0.069533, 0.500000
4.069220, 5.384773, 0.069533, 0.500000
4.069220, 5.384773, 0.069533, 0.500000
4.074208, 5.385120, 0.069533, 0.500000
4.074208, 5.385120, 0.069533, 0.500000
4.079196, 5.385468, 0.069533, 0.500000
4.079196, 5.385468, 0.069533, 0.500000
4.079196, 5.385468, 0.069533, 0.500000
4.084184, 5.385815, 0.069533, 0.500000
4.084184, 5.385815, 0.069533, 0.500000
4.089172, 5.386162, 0.069533, 0.500000
4.089172, 5.386162, 0.069533, 0.500000
4.089172, 5.386162, 0.069533, 0.500000
4.094160, 5.386510, 0.069533, 0.500000
4.094160, 5.386510, 0.069533, 0.500000
4.099148, 5.386857, 0.069533, 0.500000
4.099148, 5.386857, 0.069533, 0.500000
4.104136, 5.387204, 0.069533, 0.500000
4.104136, 5.387204, 0.069533, 0.500000
4.109124, 5.387552, 0.069533, 0.500000
4.109124, 5.387552, 0.069533, 0.500000
4.109124, 5.387552, 0.069533, 0.500000
4.114112, 5.387899, 0.069533, 0.500000
4.114112, 5.387899, 0.069533, 0.500000
4.119100, 5.388247, 0.069533, 0.500000
4.119100, 5.388247, 0.069533, 0.500000
4.119100, 5.388247, 0.069533, 0.500000
4.124087, 5.388594, 0.069533, 0.500000
4.124087, 5.388594, 0.069533, 0.500000
4.129075, 5.388941, 0.069533, 0.500000
4.129075, 5.388941, 0.069533, 0.500000
4.134063, 5.389289, 0.069533, 0.500000
4.134063, 5.389289, 0.069533, 0.500000
4.139051, 5.389636, 0.069533, 0.500000
4.139051, 5.389636, 0.069533, 0.500000
4.139051, 5.389636, 0.069533, 0.500000
4.144039, 5.389984, 0.069533, 0.500000
4.144039, 5.389984, 0.069533, 0.500000
4.149027, 5.390331, 0.069533, 0.500000
4.149027, 5.390331, 0.069533, 0.500000
4.154015, 5.390678, 0.069533, 0.500000
4.154015, 5.390678, 0.069533, 0.500000
4.159003, 5.391026, 0.069533, 0.500000
4.159003, 5.391026, 0.069533, 0.500000
4.159003, 5.391026, 0.069533, 0.500000
4.163991, 5.391373, 0.069533, 0.500000
4.163991, 5.391373, 0.069533, 0.500000
4.168979, 5.391720, 0.069533, 0.500000
4.168979, 5.391720, 0.069533, 0.500000
4.168979, 5.391720, 0.069533, 0.500000
4.173967, 5.392068, 0.069533, 0.500000
4.173967, 5.392068, 0.069533, 0.500000
4.178955, 5.392415, 0.069533, 0.500000
4.178955, 5.392415, 0.069533, 0.500000
4.178955, 5.392415, 0.069533, 0.500000
4.183942, 5.392763, 0.069533, 0.500000
4.183942, 5.392763, 0.069533, 0.500000
4.188930, 5.393110, 0.069533, 0.500000
4.188930, 5.393110, 0.069533, 0.500000
4.188930, 5.393110, 0.069533, 0.500000
4.193918, 5.393457, 0.069533, 0.500000
4.193918, 5.393457, 0.069533, 0.500000
4.198906, 5.393805, 0.069533, 0.500000
4.198906, 5.393805, 0.069533, 0.500000
4.203894, 5.394152, 0.069533, 0.500000
4.203894, 5.394152, 0.069533, 0.500000
4.208882, 5.394500, 0.069533, 0.500000
4.208882, 5.394500, 0.069533, 0.500000
4.208882, 5.394500, 0.069533, 0.500000
4.213870, 5.394847, 0.069533, 0.500000
4.213870, 5.394847, 0.069533, 0.500000
4.218858, 5.395194, 0.069533, 0.500000
4.218858, 5.395194, 0.069533, 0.500000
4.218858, 5.395194, 0.069533, 0.500000
4.223846, 5.395542, 0.069533, 0.500000
4.223846, 5.395542, 0.069533, 0.500000
4.228834, 5.395889, 0.069533, 0.500000
4.228834, 5.395889, 0.069533, 0.500000
4.228834, 5.395889, 0.069533, 0.500000
4.233822, 5.396236, 0.069533, 0.500000
4.233822, 5.396236, 0.069533, 0.500000
4.238810, 5.396584, 0.069533, 0.500000
4.238810, 5.396584, 0.069533, 0.500000
4.238810, 5.396584, 0.069533, 0.500000
4.243798, 5.396931, 0.069533, 0.500000
4.243798, 5.396931, 0.069533, 0.500000
4.248785, 5.397279, 0.069533, 0.500000
4.248785, 5.397279, 0.069533, 0.500000
4.248785, 5.397279, 0.069533, 0.500000
4.253773, 5.397626, 0.069533, 0.500000
4.253773, 5.397626, 0.069533, 0.500000
4.258761, 5.397973, 0.069533, 0.500000
4.258761, 5.397973, 0.069533, 0.500000
4.258761, 5.397973, 0.069533, 0.500000
4.263749, 5.398321, 0.069533, 0.500000
4.263749, 5.398321, 0.069533, 0.500000
4.268737, 5.398668, 0.069533, 0.500000
4.268737, 5.398668, 0.069533, 0.500000
4.273725, 5.399015, 0.069533, 0.500000
4.273725, 5.399015, 0.069533, 0.500000
4.278713, 5.399363, 0.069533, 0.500000
4.278713, 5.399363, 0.069533, 0.500000
4.278713, 5.399363, 0.069533, 0.500000
4.283701, 5.399710, 0.069533, 0.500000
4.283701, 5.399710, 0.069533, 0.500000
4.288689, 5.400058, 0.069533, 0.500000
4.288689, 5.400058, 0.069533, 0.500000
4.288689, 5.400058, 0.069533, 0.500000
4.293677, 5.400405, 0.069533, 0.500000
4.293677, 5.400405, 0.069533, 0.500000
4.298665, 5.400752, 0.069533, 0.500000
4.298665, 5.400752, 0.069533, 0.500000
4.298665, 5.400752, 0.069533, 0.500000
4.303653, 5.401100, 0.069533, 0.500000
4.303653, 5.401100, 0.069533, 0.500000
4.308640, 5.401447, 0.069533, 0.500000
4.308640, 5.401447, 0.069533, 0.500000
4.308640, 5.401447, 0.069533, 0.500000
4.313628, 5.401795, 0.069533, 0.500000
4.313628, 5.401795, 0.069533, 0.500000
4.318616, 5.402142, 0.069533, 0.500000
4.318616, 5.402142, 0.069533, 0.500000
4.318616, 5.402142, 0.069533, 0.500000
4.323604, 5.402489, 0.069533, 0.500000
4.323604, 5.402489, 0.069533, 0.500000
4.328592, 5.402837, 0.069533, 0.500000
4.328592, 5.402837, 0.069533, 0.500000
4.328592, 5.402837, 0.069533, 0.500000
4.333580, 5.403184, 0.069533, 0.500000
4.333580, 5.403184, 0.069533, 0.500000
4.338568, 5.403531, 0.069533, 0.500000
4.338568, 5.403531, 0.069533, 0.500000
4.338568, 5.403531, 0.069533, 0.500000
4.343556, 5.403879, 0.069533, 0.500000
4.343556, 5.403879, 0.069533, 0.500000
4.348544, 5.404226, 0.069533, 0.500000
4.348544, 5.404226, 0.069533, 0.500000
4.348544, 5.404226, 0.069533, 0.500000
4.353532, 5.404574, 0.069533, 0.500000
4.358520, 5.404921, 0.069533, 0.500000
4.358520, 5.404921, 0.069533, 0.500000
4.358520, 5.404921, 0.069533, 0.500000
4.363508, 5.405268, 0.069533, 0.500000
4.363508, 5.405268, 0.069533, 0.500000
4.368495, 5.405616, 0.069533, 0.500000
4.368495, 5.405616, 0.069533, 0.500000
4.368495, 5.405616, 0.069533, 0.500000
4.373483, 5.405963, 0.069533, 0.500000
4.373483, 5.405963, 0.069533, 0.500000
4.378471, 5.406311, 0.069533, 0.500000
4.378471, 5.406311, 0.069533, 0.500000
4.378471, 5.406311, 0.069533, 0.500000
4.383459, 5.406658, 0.069533, 0.500000
4.383459, 5.406658, 0.069533, 0.500000
4.388447, 5.407005, 0.069533, 0.500000
4.388447, 5.407005, 0.069533, 0.500000
4.388447, 5.407005, 0.069533, 0.500000
4.393435, 5.407353, 0.069533, 0.500000
4.393435, 5.407353, 0.069533, 0.500000
4.398423, 5.407700, 0.069533, 0.500000
4.398423, 5.407700, 0.069533, 0.500000
4.398423, 5.407700, 0.069533, 0.500000
4.403411, 5.408047, 0.069533, 0.500000
4.403411, 5.408047, 0.069533, 0.500000
4.408399, 5.408395, 0.069533, 0.500000
4.408399, 5.408395, 0.069533, 0.500000
4.408399, 5.408395, 0.069533, 0.500000
4.413387, 5.408742, 0.069533, 0.500000
4.413387, 5.408742, 0.069533, 0.500000
4.418375, 5.409090, 0.069533, 0.500000
4.418375, 5.409090, 0.069533, 0.500000
4.423363, 5.409437, 0.069533, 0.500000
4.423363, 5.409437, 0.069533, 0.500000
4.428350, 5.409784, 0.069533, 0.500000
4.428350, 5.409784, 0.069533, 0.500000
4.428350, 5.409784, 0.069533, 0.500000
4.433338, 5.410132, 0.069533, 0.500000
4.433338, 5.410132, 0.069533, 0.500000
4.438326, 5.410479, 0.069533, 0.500000
4.438326, 5.410479, 0.069533, 0.500000
4.438326, 5.410479, 0.069533, 0.500000
4.443314, 5.410827, 0.069533, 0.500000
4.443314, 5.410827, 0.069533, 0.500000
4.448302, 5.411174, 0.069533, 0.500000
4.448302, 5.411174, 0.069533, 0.500000
4.453290, 5.411521, 0.069533, 0.500000
4.453290, 5.411521, 0.069533, 0.500000
4.458278, 5.411869, 0.069533, 0.500000
4.458278, 5.411869, 0.069533, 0.500000
4.458278, 5.411869, 0.069533, 0.500000
4.463266, 5.412216, 0.069533, 0.500000
4.463266, 5.412216, 0.069533, 0.500000
4.468254, 5.412563, 0.069533, 0.500000
4.468254, 5.412563, 0.069533, 0.500000
4.468254, 5.412563, 0.069533, 0.500000
4.473242, 5.412911, 0.069533, 0.500000
4.473242, 5.412911, 0.069533, 0.500000
4.478230, 5.413258, 0.069533, 0.500000
4.478230, 5.413258, 0.069533, 0.500000
4.478230, 5.413258, 0.069533, 0.500000
4.483218, 5.413606, 0.069533, 0.500000
4.483218, 5.413606, 0.069533, 0.500000
4.488205, 5.413953, 0.069533, 0.500000
4.488205, 5.413953, 0.069533, 0.500000
4.488205, 5.413953, 0.069533, 0.500000
4.493193, 5.414300, 0.069533, 0.500000
4.493193, 5.414300, 0.069533, 0.500000
4.498181, 5.414648, 0.069533, 0.500000
4.498181, 5.414648, 0.069533, 0.500000
4.498181, 5.414648, 0.069533, 0.500000
4.503169, 5.414995, 0.069533, 0.500000
4.503169, 5.414995, 0.069533, 0.500000
4.508157, 5.415342, 0.069533, 0.500000
4.508157, 5.415342, 0.069533, 0.500000
4.508157, 5.415342, 0.069533, 0.500000
4.513145, 5.415690, 0.069533, 0.500000
4.513145, 5.415690, 0.069533, 0.500000
4.518133, 5.416037, 0.069533, 0.500000
4.518133, 5.416037, 0.069533, 0.500000
4.523121, 5.416385, 0.069533, 0.500000
4.523121, 5.416385, 0.069533, 0.500000
4.528109, 5.416732, 0.069533, 0.500000
4.528109, 5.416732, 0.069533, 0.500000
4.528109, 5.416732, 0.069533, 0.500000
4.533097, 5.417079, 0.069533, 0.500000
4.533097, 5.417079, 0.069533, 0.500000
4.538085, 5.417427, 0.069533, 0.500000
4.538085, 5.417427, 0.069533, 0.500000
4.538085, 5.417427, 0.069533, 0.500000
4.543073, 5.417774, 0.069533, 0.500000
4.543073, 5.417774, 0.069533, 0.500000
4.548060, 5.418122, 0.069533, 0.500000
4.548060, 5.418122, 0.069533, 0.500000
4.548060, 5.418122, 0.069533, 0.500000
4.553048, 5.418469, 0.069533, 0.500000
4.553048, 5.418469, 0.069533, 0.500000
4.558036, 5.418816, 0.069533, 0.500000
4.558036, 5.418816, 0.069533, 0.500000
4.558036, 5.418816, 0.069533, 0.500000
4.563024, 5.419164, 0.069533, 0.500000
4.563024, 5.419164, 0.069533, 0.500000
4.568012, 5.419511, 0.069533, 0.500000
4.568012, 5.419511, 0.069533, 0.500000
4.568012, 5.419511, 0.069533, 0.500000
4.573000, 5.419858, 0.069533, 0.500000
4.573000, 5.419858, 0.069533, 0.500000
4.577988, 5.420206, 0.069533, 0.500000
4.577988, 5.420206, 0.069533, 0.500000
4.577988, 5.420206, 0.069533, 0.500000
4.582976, 5.420553, 0.069533, 0.500000
4.582976, 5.420553, 0.069533, 0.500000
4.587964, 5.420901, 0.069533, 0.500000
4.587964, 5.420901, 0.069533, 0.500000
4.587964, 5.420901, 0.069533, 0.500000
4.592952, 5.421248, 0.069533, 0.500000
4.592952, 5.421248, 0.069533, 0.500000
4.597940, 5.421595, 0.069533, 0.500000
4.597940, 5.421595, 0.069533, 0.500000
4.597940, 5.421595, 0.069533, 0.500000
4.602928, 5.421943, 0.069533, 0.500000
4.602928, 5.421943, 0.069533, 0.500000
4.607916, 5.422290, 0.069533, 0.500000
4.607916, 5.422290, 0.069533, 0.500000
4.607916, 5.422290, 0.069533, 0.500000
4.612903, 5.422638, 0.069533, 0.500000
4.612903, 5.422638, 0.069533, 0.500000
4.617891, 5.422985, 0.069533, 0.500000
4.617891, 5.422985, 0.069533, 0.500000
4.617891, 5.422985, 0.069533, 0.500000
4.622879, 5.423332, 0.069533, 0.500000
4.622879, 5.423332, 0.069533, 0.500000
4.627867, 5.423680, 0.069533, 0.500000
4.627867, 5.423680, 0.069533, 0.500000
4.627867, 5.423680, 0.069533, 0.500000
4.632855, 5.424027, 0.069533, 0.500000
4.632855, 5.424027, 0.069533, 0.500000
4.637843, 5.424374, 0.069533, 0.500000
4.637843, 5.424374, 0.069533, 0.500000
4.642831, 5.424722, 0.069533, 0.500000
4.642831, 5.424722, 0.069533, 0.500000
4.642831, 5.424722, 0.069533, 0.500000
4.647819, 5.425069, 0.069533, 0.500000
4.647819, 5.425069, 0.069533, 0.500000
4.647819, 5.425069, 0.069533, 0.500000
4.652807, 5.425417, 0.069533, 0.500000
4.652807, 5.425417, 0.069533, 0.500000
4.657795, 5.425764, 0.069533, 0.500000
4.657795, 5.425764, 0.069533, 0.500000
4.657795, 5.425764, 0.069533, 0.500000
4.662783, 5.426111, 0.069533, 0.500000
4.662783, 5.426111, 0.069533, 0.500000
4.667771, 5.426459, 0.069533, 0.500000
4.667771, 5.426459, 0.069533, 0.500000
4.667771, 5.426459, 0.069533, 0.500000
4.672758, 5.426806, 0.069533, 0.500000
4.672758, 5.426806, 0.069533, 0.500000
4.677746, 5.427154, 0.069533, 0.500000
4.677746, 5.427154, 0.069533, 0.500000
4.677746, 5.427154, 0.069533, 0.500000
4.682734, 5.427501, 0.069533, 0.500000
4.682734, 5.427501, 0.069533, 0.500000
4.687722, 5.427848, 0.069533, 0.500000
4.687722, 5.427848, 0.069533, 0.500000
4.687722, 5.427848, 0.069533, 0.500000
4.692710, 5.428196, 0.069533, 0.500000
4.692710, 5.428196, 0.069533, 0.500000
4.697698, 5.428543, 0.069533, 0.500000
4.697698, 5.428543, 0.069533, 0.500000
4.697698, 5.428543, 0.069533, 0.500000
4.702686, 5.428890, 0.069533, 0.500000
4.702686, 5.428890, 0.069533, 0.500000
4.707674, 5.429238, 0.069533, 0.500000
4.707674, 5.429238, 0.069533, 0.500000
4.707674, 5.429238, 0.069533, 0.500000
4.712662, 5.429585, 0.069533, 0.500000
4.712662, 5.429585, 0.069533, 0.500000
4.717650, 5.429933, 0.069533, 0.500000
4.717650, 5.429933, 0.069533, 0.500000
4.722638, 5.430280, 0.069533, 0.500000
4.722638, 5.430280, 0.069533, 0.500000
4.727626, 5.430627, 0.069533, 0.500000
4.727626, 5.430627, 0.069533, 0.500000
4.727626, 5.430627, 0.069533, 0.500000
4.732613, 5.430975, 0.069533, 0.500000
4.732613, 5.430975, 0.069533, 0.500000
4.737601, 5.431322, 0.069533, 0.500000
4.737601, 5.431322, 0.069533, 0.500000
4.742589, 5.431669, 0.069533, 0.500000
4.742589, 5.431669, 0.069533, 0.500000
4.747577, 5.432017, 0.069533, 0.500000
4.747577, 5.432017, 0.069533, 0.500000
4.747577, 5.432017, 0.069533, 0.500000
4.752565, 5.432364, 0.069533, 0.500000
4.752565, 5.432364, 0.069533, 0.500000
4.757553, 5.432712, 0.069533, 0.500000
4.757553, 5.432712, 0.069533, 0.500000
4.757553, 5.432712, 0.069533, 0.500000
4.762541, 5.433059, 0.069533, 0.500000
4.762541, 5.433059, 0.069533, 0.500000
4.767529, 5.433406, 0.069533, 0.500000
4.767529, 5.433406, 0.069533, 0.500000
4.772517, 5.433754, 0.069533, 0.500000
4.772517, 5.433754, 0.069533, 0.500000
4.777505, 5.434101, 0.069533, 0.500000
4.777505, 5.434101, 0.069533, 0.500000
4.777505, 5.434101, 0.069533, 0.500000
4.782493, 5.434449, 0.069533, 0.500000
4.782493, 5.434449, 0.069533, 0.500000
4.787481, 5.434796, 0.069533, 0.500000
4.787481, 5.434796, 0.069533, 0.500000
4.787481, 5.434796, 0.069533, 0.500000
4.792468, 5.435143, 0.069533, 0.500000
4.792468, 5.435143, 0.069533, 0.500000
4.797456, 5.435491, 0.069533, 0.500000
4.797456, 5.435491, 0.069533, 0.500000
4.797456, 5.435491, 0.069533, 0.500000
4.802444, 5.435838, 0.069533, 0.500000
4.802444, 5.435838, 0.069533, 0.500000
4.807432, 5.436185, 0.069533, 0.500000
4.807432, 5.436185, 0.069533, 0.500000
4.807432, 5.436185, 0.069533, 0.500000
4.812420, 5.436533, 0.069533, 0.500000
4.812420, 5.436533, 0.069533, 0.500000
4.817408, 5.436880, 0.069533, 0.500000
4.817408, 5.436880, 0.069533, 0.500000
4.817408, 5.436880, 0.069533, 0.500000
4.822396, 5.437228, 0.069533, 0.500000
4.822396, 5.437228, 0.069533, 0.500000
4.827384, 5.437575, 0.069533, 0.500000
4.827384, 5.437575, 0.069533, 0.500000
4.827384, 5.437575, 0.069533, 0.500000
4.832372, 5.437922, 0.069533, 0.500000
4.832372, 5.437922, 0.069533, 0.500000
4.837360, 5.438270, 0.069533, 0.500000
4.837360, 5.438270, 0.069533, 0.500000
4.837360, 5.438270, 0.069533, 0.500000
4.842348, 5.438617, 0.069533, 0.500000
4.842348, 5.438617, 0.069533, 0.500000
4.847336, 5.438965, 0.069533, 0.500000
4.847336, 5.438965, 0.069533, 0.500000
4.852323, 5.439312, 0.069533, 0.500000
4.852323, 5.439312, 0.069533, 0.500000
4.857311, 5.439659, 0.069533, 0.500000
4.857311, 5.439659, 0.069533, 0.500000
4.857311, 5.439659, 0.069533, 0.500000
4.862299, 5.440007, 0.069533, 0.500000
4.862299, 5.440007, 0.069533, 0.500000
4.867287, 5.440354, 0.069533, 0.500000
4.867287, 5.440354, 0.069533, 0.500000
4.867287, 5.440354, 0.069533, 0.500000
4.872275, 5.440701, 0.069533, 0.500000
4.872275, 5.440701, 0.069533, 0.500000
4.877263, 5.441049, 0.069533, 0.500000
4.877263, 5.441049, 0.069533, 0.500000
4.877263, 5.441049, 0.069533, 0.500000
4.882251, 5.441396, 0.069533, 0.500000
4.882251, 5.441396, 0.069533, 0.500000
4.887239, 5.441744, 0.069533, 0.500000
4.887239, 5.441744, 0.069533, 0.500000
4.887239, 5.441744, 0.069533, 0.500000
4.892227, 5.442091, 0.069533, 0.500000
4.892227, 5.442091, 0.069533, 0.500000
4.897215, 5.442438, 0.069533, 0.500000
4.902203, 5.442786, 0.069533, 0.500000
4.902203, 5.442786, 0.069533, 0.500000
4.902203, 5.442786, 0.069533, 0.500000
4.907191, 5.443133, 0.069533, 0.500000
4.907191, 5.443133, 0.069533, 0.500000
4.907191, 5.443133, 0.069533, 0.500000
4.912179, 5.443481, 0.069533, 0.500000
4.912179, 5.443481, 0.069533, 0.500000
4.917166, 5.443828, 0.069533, 0.500000
4.917166, 5.443828, 0.069533, 0.500000
4.917166, 5.443828, 0.069533, 0.500000
4.922154, 5.444175, 0.069533, 0.500000
4.922154, 5.444175, 0.069533, 0.500000
4.927142, 5.444523, 0.069533, 0.500000
4.927142, 5.444523, 0.069533, 0.500000
4.927142, 5.444523, 0.069533, 0.500000
4.932130, 5.444870, 0.069533, 0.500000
4.932130, 5.444870, 0.069533, 0.500000
4.937118, 5.445217, 0.069533, 0.500000
4.937118, 5.445217, 0.069533, 0.500000
4.937118, 5.445217, 0.069533, 0.500000
4.942106, 5.445565, 0.069533, 0.500000
4.942106, 5.445565, 0.069533, 0.500000
4.947094, 5.445912, 0.069533, 0.500000
4.947094, 5.445912, 0.069533, 0.500000
4.947094, 5.445912, 0.069533, 0.500000
4.952082, 5.446260, 0.069533, 0.500000
4.952082, 5.446260, 0.069533, 0.500000
4.957070, 5.446607, 0.069533, 0.500000
4.957070, 5.446607, 0.069533, 0.500000
4.957070, 5.446607, 0.069533, 0.500000
4.962058, 5.446954, 0.069533, 0.500000
4.962058, 5.446954, 0.069533, 0.500000
4.967046, 5.447302, 0.069533, 0.500000
4.967046, 5.447302, 0.069533, 0.500000
4.967046, 5.447302, 0.069533, 0.500000
4.972034, 5.447649, 0.069533, 0.500000
4.972034, 5.447649, 0.069533, 0.500000
4.977021, 5.447996, 0.069533, 0.500000
4.982009, 5.448344, 0.069533, 0.500000
4.982009, 5.448344, 0.069533, 0.500000
4.986997, 5.448691, 0.069533, 0.500000
4.986997, 5.448691, 0.069533, 0.500000
4.986997, 5.448691, 0.069533, 0.500000
4.991985, 5.449039, 0.069533, 0.500000
4.991985, 5.449039, 0.069533, 0.500000
4.996973, 5.449386, 0.069533, 0.500000
4.996973, 5.449386, 0.069533, 0.500000
4.996973, 5.449386, 0.069533, 0.500000
5.001961, 5.449733, 0.069533, 0.500000
5.001961, 5.449733, 0.069533, 0.500000
5.006949, 5.450081, 0.069533, 0.500000
5.006949, 5.450081, 0.069533, 0.500000
5.006949, 5.450081, 0.069533, 0.500000
5.011937, 5.450428, 0.069533, 0.500000
5.011937, 5.450428, 0.069533, 0.500000
5.016925, 5.450776, 0.069533, 0.500000
5.016925, 5.450776, 0.069533, 0.500000
5.016925, 5.450776, 0.069533, 0.500000
5.021913, 5.451123, 0.069533, 0.500000
5.021913, 5.451123, 0.069533, 0.500000
5.026901, 5.451470, 0.069533, 0.500000
5.026901, 5.451470, 0.069533, 0.500000
5.026901, 5.451470, 0.069533, 0.500000
5.031889, 5.451818, 0.069533, 0.500000
5.031889, 5.451818, 0.069533, 0.500000
5.036876, 5.452165, 0.069533, 0.500000
5.036876, 5.452165, 0.069533, 0.500000
5.041864, 5.452512, 0.069533, 0.500000
5.041864, 5.452512, 0.069533, 0.500000
5.046852, 5.452860, 0.069533, 0.500000
5.046852, 5.452860, 0.069533, 0.500000
5.046852, 5.452860, 0.069533, 0.500000
5.051840, 5.453207, 0.069533, 0.500000
5.051840, 5.453207, 0.069533, 0.500000
5.056828, 5.453555, 0.069533, 0.500000
5.056828, 5.453555, 0.069533, 0.500000
5.056828, 5.453555, 0.069533, 0.500000
5.061816, 5.453902, 0.069533, 0.500000
5.061816, 5.453902, 0.069533, 0.500000
5.066804, 5.454249, 0.069533, 0.500000
5.066804, 5.454249, 0.069533, 0.500000
5.066804, 5.454249, 0.069533, 0.500000
5.071792, 5.454597, 0.069533, 0.500000
5.071792, 5.454597, 0.069533, 0.500000
5.076780, 5.454944, 0.069533, 0.500000
5.076780, 5.454944, 0.069533, 0.500000
5.076780, 5.454944, 0.069533, 0.500000
5.081768, 5.455292, 0.069533, 0.500000
5.081768, 5.455292, 0.069533, 0.500000
5.086756, 5.455639, 0.069533, 0.500000
5.086756, 5.455639, 0.069533, 0.500000
5.086756, 5.455639, 0.069533, 0.500000
5.091744, 5.455986, 0.069533, 0.500000
5.091744, 5.455986, 0.069533, 0.500000
5.096731, 5.456334, 0.069533, 0.500000
5.096731, 5.456334, 0.069533, 0.500000
5.096731, 5.456334, 0.069533, 0.500000
5.101719, 5.456681, 0.069533, 0.500000
5.101719, 5.456681, 0.069533, 0.500000
5.106707, 5.457028, 0.069533, 0.500000
5.106707, 5.457028, 0.069533, 0.500000
5.106707, 5.457028, 0.069533, 0.500000
5.111695, 5.457376, 0.069533, 0.500000
5.111695, 5.457376, 0.069533, 0.500000
5.116683, 5.457723, 0.069533, 0.500000
5.116683, 5.457723, 0.069533, 0.500000
5.116683, 5.457723, 0.069533, 0.500000
5.121671, 5.458071, 0.069533, 0.500000
5.121671, 5.458071, 0.069533, 0.500000
5.126659, 5.458418, 0.069533, 0.500000
5.126659, 5.458418, 0.069533, 0.500000
5.126659, 5.458418, 0.069533, 0.500000
5.131647, 5.458765, 0.069533, 0.500000
5.131647, 5.458765, 0.069533, 0.500000
5.136635, 5.459113, 0.069533, 0.500000
5.136635, 5.459113, 0.069533, 0.500000
5.136635, 5.459113, 0.069533, 0.500000
5.141623, 5.459460, 0.069533, 0.500000
5.141623, 5.459460, 0.069533, 0.500000
5.146611, 5.459808, 0.069533, 0.500000
5.146611, 5.459808, 0.069533, 0.500000
5.151599, 5.460155, 0.069533, 0.500000
5.151599, 5.460155, 0.069533, 0.500000
5.156586, 5.460502, 0.069533, 0.500000
5.156586, 5.460502, 0.069533, 0.500000
5.156586, 5.460502, 0.069533, 0.500000
5.161574, 5.460850, 0.069533, 0.500000
5.161574, 5.460850, 0.069533, 0.500000
5.166562, 5.461197, 0.069533, 0.500000
5.166562, 5.461197, 0.069533, 0.500000
5.166562, 5.461197, 0.069533, 0.500000
5.171550, 5.461544, 0.069533, 0.500000
5.171550, 5.461544, 0.069533, 0.500000
5.176538, 5.461892, 0.069533, 0.500000
5.176538, 5.461892, 0.069533, 0.500000
5.176538, 5.461892, 0.069533, 0.500000
5.181526, 5.462239, 0.069533, 0.500000
5.181526, 5.462239, 0.069533, 0.500000
5.186514, 5.462587, 0.069533, 0.500000
5.186514, 5.462587, 0.069533, 0.500000
5.186514, 5.462587, 0.069533, 0.500000
5.191502, 5.462934, 0.069533, 0.500000
5.191502, 5.462934, 0.069533, 0.500000
5.196490, 5.463281, 0.069533, 0.500000
5.196490, 5.463281, 0.069533, 0.500000
5.201478, 5.463629, 0.069533, 0.500000
5.201478, 5.463629, 0.069533, 0.500000
5.206466, 5.463976, 0.069533, 0.500000
5.206466, 5.463976, 0.069533, 0.500000
5.206466, 5.463976, 0.069533, 0.500000
5.211454, 5.464323, 0.069533, 0.500000
5.211454, 5.464323, 0.069533, 0.500000
5.216441, 5.464671, 0.069533, 0.500000
5.216441, 5.464671, 0.069533, 0.500000
5.216441, 5.464671, 0.069533, 0.500000
5.221429, 5.465018, 0.069533, 0.500000
5.221429, 5.465018, 0.069533, 0.500000
5.226417, 5.465366, 0.069533, 0.500000
5.226417, 5.465366, 0.069533, 0.500000
5.231405, 5.465713, 0.069533, 0.500000
5.231405, 5.465713, 0.069533, 0.500000
5.236393, 5.466060, 0.069533, 0.500000
5.236393, 5.466060, 0.069533, 0.500000
5.236393, 5.466060, 0.069533, 0.500000
5.241381, 5.466408, 0.069533, 0.500000
5.241381, 5.466408, 0.069533, 0.500000
5.246369, 5.466755, 0.069533, 0.500000
5.246369, 5.466755, 0.069533, 0.500000
5.246369, 5.466755, 0.069533, 0.500000
5.251357, 5.467103, 0.069533, 0.500000
5.256345, 5.467450, 0.069533, 0.500000
5.256345, 5.467450, 0.069533, 0.500000
5.256345, 5.467450, 0.069533, 0.500000
5.261333, 5.467797, 0.069533, 0.500000
5.261333, 5.467797, 0.069533, 0.500000
5.266321, 5.468145, 0.069533, 0.500000
5.266321, 5.468145, 0.069533, 0.500000
5.266321, 5.468145, 0.069533, 0.500000
5.271309, 5.468492, 0.069533, 0.500000
5.271309, 5.468492, 0.069533, 0.500000
5.276297, 5.468839, 0.069533, 0.500000
5.276297, 5.468839, 0.069533, 0.500000
5.276297, 5.468839, 0.069533, 0.500000
5.281284, 5.469187, 0.069533, 0.500000
5.281284, 5.469187, 0.069533, 0.500000
5.286272, 5.469534, 0.069533, 0.500000
5.286272, 5.469534, 0.069533, 0.500000
5.286272, 5.469534, 0.069533, 0.500000
5.291260, 5.469882, 0.069533, 0.500000
5.291260, 5.469882, 0.069533, 0.500000
5.296248, 5.470229, 0.069533, 0.500000
5.296248, 5.470229, 0.069533, 0.500000
5.296248, 5.470229, 0.069533, 0.500000
5.301236, 5.470576, 0.069533, 0.500000
5.301236, 5.470576, 0.069533, 0.500000
5.306224, 5.470924, 0.069533, 0.500000
5.306224, 5.470924, 0.069533, 0.500000
5.306224, 5.470924, 0.069533, 0.500000
5.311212, 5.471271, 0.069533, 0.500000
5.311212, 5.471271, 0.069533, 0.500000
5.316200, 5.471619, 0.069533, 0.500000
5.316200, 5.471619, 0.069533, 0.500000
5.316200, 5.471619, 0.069533, 0.500000
5.321188, 5.471966, 0.069533, 0.500000
5.321188, 5.471966, 0.069533, 0.500000
5.326176, 5.472313, 0.069533, 0.500000
5.326176, 5.472313, 0.069533, 0.500000
5.331164, 5.472661, 0.069533, 0.500000
5.331164, 5.472661, 0.069533, 0.500000
5.336152, 5.473008, 0.069533, 0.500000
5.336152, 5.473008, 0.069533, 0.500000
5.336152, 5.473008, 0.069533, 0.500000
5.341139, 5.473355, 0.069533, 0.500000
5.341139, 5.473355, 0.069533, 0.500000
5.346127, 5.473703, 0.069533, 0.500000
5.346127, 5.473703, 0.069533, 0.500000
5.346127, 5.473703, 0.069533, 0.500000
5.351115, 5.474050, 0.069533, 0.500000
5.351115, 5.474050, 0.069533, 0.500000
5.356103, 5.474398, 0.069533, 0.500000
5.356103, 5.474398, 0.069533, 0.500000
5.356103, 5.474398, 0.069533, 0.500000
5.361091, 5.474745, 0.069533, 0.500000
5.361091, 5.474745, 0.069533, 0.500000
5.366079, 5.475092, 0.069533, 0.500000
5.366079, 5.475092, 0.069533, 0.500000
5.366079, 5.475092, 0.069533, 0.500000
5.371067, 5.475440, 0.069533, 0.500000
5.371067, 5.475440, 0.069533, 0.500000
5.376055, 5.475787, 0.069533, 0.500000
5.376055, 5.475787, 0.069533, 0.500000
5.376055, 5.475787, 0.069533, 0.500000
5.381043, 5.476135, 0.069533, 0.500000
5.381043, 5.476135, 0.069533, 0.500000
5.386031, 5.476482, 0.069533, 0.500000
5.386031, 5.476482, 0.069533, 0.500000
5.386031, 5.476482, 0.069533, 0.500000
5.391019, 5.476829, 0.069533, 0.500000
5.391019, 5.476829, 0.069533, 0.500000
5.396007, 5.477177, 0.069533, 0.500000
5.396007, 5.477177, 0.069533, 0.500000
5.396007, 5.477177, 0.069533, 0.500000
5.400994, 5.477524, 0.069533, 0.500000
5.400994, 5.477524, 0.069533, 0.500000
5.405982, 5.477871, 0.069533, 0.500000
5.405982, 5.477871, 0.069533, 0.500000
5.405982, 5.477871, 0.069533, 0.500000
5.410970, 5.478219, 0.069533, 0.500000
5.410970, 5.478219, 0.069533, 0.500000
5.415958, 5.478566, 0.069533, 0.500000
5.415958, 5.478566, 0.069533, 0.500000
5.415958, 5.478566, 0.069533, 0.500000
5.420946, 5.478914, 0.069533, 0.500000
5.420946, 5.478914, 0.069533, 0.500000
5.425934, 5.479261, 0.069533, 0.500000
5.425934, 5.479261, 0.069533, 0.500000
5.425934, 5.479261, 0.069533, 0.500000
5.430922, 5.479608, 0.069533, 0.500000
5.430922, 5.479608, 0.069533, 0.500000
5.435910, 5.479956, 0.069533, 0.500000
5.435910, 5.479956, 0.069533, 0.500000
5.440898, 5.480303, 0.069533, 0.500000
5.440898, 5.480303, 0.069533, 0.500000
5.445886, 5.480650, 0.069533, 0.500000
5.445886, 5.480650, 0.069533, 0.500000
5.445886, 5.480650, 0.069533, 0.500000
5.450874, 5.480998, 0.069533, 0.500000
5.450874, 5.480998, 0.069533, 0.500000
5.455862, 5.481345, 0.069533, 0.500000
5.455862, 5.481345, 0.069533, 0.500000
5.455862, 5.481345, 0.069533, 0.500000
5.460849, 5.481693, 0.069533, 0.500000
5.460849, 5.481693, 0.069533, 0.500000
5.465837, 5.482040, 0.069533, 0.500000
5.465837, 5.482040, 0.069533, 0.500000
5.465837, 5.482040, 0.069533, 0.500000
5.470825, 5.482387, 0.069533, 0.500000
5.470825, 5.482387, 0.069533, 0.500000
5.475813, 5.482735, 0.069533, 0.500000
5.475813, 5.482735, 0.069533, 0.500000
5.480801, 5.483082, 0.069533, 0.500000
5.480801, 5.483082, 0.069533, 0.500000
5.485789, 5.483430, 0.069533, 0.500000
5.485789, 5.483430, 0.069533, 0.500000
5.490777, 5.483777, 0.069533, 0.500000
5.490777, 5.483777, 0.069533, 0.500000
5.495765, 5.484124, 0.069533, 0.500000
5.495765, 5.484124, 0.069533, 0.500000
5.495765, 5.484124, 0.069533, 0.500000
5.500753, 5.484472, 0.069533, 0.500000
5.500753, 5.484472, 0.069533, 0.500000
5.505741, 5.484819, 0.069533, 0.500000
5.505741, 5.484819, 0.069533, 0.500000
5.510729, 5.485166, 0.069533, 0.500000
5.510729, 5.485166, 0.069533, 0.500000
5.515717, 5.485514, 0.069533, 0.500000
5.515717, 5.485514, 0.069533, 0.500000
5.520704, 5.485861, 0.069533, 0.500000
5.520704, 5.485861, 0.069533, 0.500000
5.525692, 5.486209, 0.069533, 0.500000
5.525692, 5.486209, 0.069533, 0.500000
5.525692, 5.486209, 0.069533, 0.500000
5.530680, 5.486556, 0.069533, 0.500000
5.530680, 5.486556, 0.069533, 0.500000
5.535668, 5.486903, 0.069533, 0.500000
5.535668, 5.486903, 0.069533, 0.500000
5.535668, 5.486903, 0.069533, 0.500000
5.540656, 5.487251, 0.069533, 0.500000
5.540656, 5.487251, 0.069533, 0.500000
5.545644, 5.487598, 0.069533, 0.500000
5.545644, 5.487598, 0.069533, 0.500000
5.545644, 5.487598, 0.069533, 0.500000
5.550632, 5.487946, 0.069533, 0.500000
5.550632, 5.487946, 0.069533, 0.500000
5.555620, 5.488293, 0.069533, 0.500000
5.555620, 5.488293, 0.069533, 0.500000
5.555620, 5.488293, 0.069533, 0.500000
5.560608, 5.488640, 0.069533, 0.500000
5.560608, 5.488640, 0.069533, 0.500000
5.565596, 5.488988, 0.069533, 0.500000
5.565596, 5.488988, 0.069533, 0.500000
5.570584, 5.489335, 0.069533, 0.500000
5.570584, 5.489335, 0.069533, 0.500000
5.575572, 5.489682, 0.069533, 0.500000
5.575572, 5.489682, 0.069533, 0.500000
5.575572, 5.489682, 0.069533, 0.500000
5.580559, 5.490030, 0.069533, 0.500000
5.580559, 5.490030, 0.069533, 0.500000
5.585547, 5.490377, 0.069533, 0.500000
5.585547, 5.490377, 0.069533, 0.500000
5.585547, 5.490377, 0.069533, 0.500000
5.590535, 5.490725, 0.069533, 0.500000
5.590535, 5.490725, 0.069533, 0.500000
5.595523, 5.491072, 0.069533, 0.500000
5.595523, 5.491072, 0.069533, 0.500000
5.600511, 5.491419, 0.069533, 0.500000
5.600511, 5.491419, 0.069533, 0.500000
5.605499, 5.491767, 0.069533, 0.500000
5.605499, 5.491767, 0.069533, 0.500000
5.605499, 5.491767, 0.069533, 0.500000
5.610487, 5.492114, 0.069533, 0.500000
5.610487, 5.492114, 0.069533, 0.500000
5.615475, 5.492462, 0.069533, 0.500000
5.615475, 5.492462, 0.069533, 0.500000
5.615475, 5.492462, 0.069533, 0.500000
5.620463, 5.492809, 0.069533, 0.500000
5.620463, 5.492809, 0.069533, 0.500000
5.625451, 5.493156, 0.069533, 0.500000
5.625451, 5.493156, 0.069533, 0.500000
5.625451, 5.493156, 0.069533, 0.500000
5.630439, 5.493504, 0.069533, 0.500000
5.630439, 5.493504, 0.069533, 0.500000
5.635427, 5.493851, 0.069533, 0.500000
5.635427, 5.493851, 0.069533, 0.500000
5.635427, 5.493851, 0.069533, 0.500000
5.640415, 5.494198, 0.069533, 0.500000
5.640415, 5.494198, 0.069533, 0.500000
5.645402, 5.494546, 0.069533, 0.500000
5.645402, 5.494546, 0.069533, 0.500000
5.645402, 5.494546, 0.069533, 0.500000
5.650390, 5.494893, 0.069533, 0.500000
5.650390, 5.494893, 0.069533, 0.500000
5.655378, 5.495241, 0.069533, 0.500000
5.655378, 5.495241, 0.069533, 0.500000
5.655378, 5.495241, 0.069533, 0.500000
5.660366, 5.495588, 0.069533, 0.500000
5.660366, 5.495588, 0.069533, 0.500000
5.665354, 5.495935, 0.069533, 0.500000
5.665354, 5.495935, 0.069533, 0.500000
5.670342, 5.496283, 0.069533, 0.500000
5.670342, 5.496283, 0.069533, 0.500000
5.675330, 5.496630, 0.069533, 0.500000
5.675330, 5.496630, 0.069533, 0.500000
5.680318, 5.496978, 0.069533, 0.500000
5.680318, 5.496978, 0.069533, 0.500000
5.685306, 5.497325, 0.069533, 0.500000
5.685306, 5.497325, 0.069533, 0.500000
5.685306, 5.497325, 0.069533, 0.500000
5.690294, 5.497672, 0.069533, 0.500000
5.690294, 5.497672, 0.069533, 0.500000
5.695282, 5.498020, 0.069533, 0.500000
5.695282, 5.498020, 0.069533, 0.500000
5.700270, 5.498367, 0.069533, 0.500000
5.700270, 5.498367, 0.069533, 0.500000
5.700270, 5.498367, 0.069533, 0.500000
5.705257, 5.498714, 0.069533, 0.500000
5.705257, 5.498714, 0.069533, 0.500000
5.705257, 5.498714, 0.069533, 0.500000
5.710245, 5.499062, 0.069533, 0.500000
5.710245, 5.499062, 0.069533, 0.500000
5.715233, 5.499409, 0.069533, 0.500000
5.715233, 5.499409, 0.069533, 0.500000
5.715233, 5.499409, 0.069533, 0.500000
5.720221, 5.499757, 0.069533, 0.500000
5.720221, 5.499757, 0.069533, 0.500000
5.725209, 5.500104, 0.069533, 0.500000
5.725209, 5.500104, 0.069533, 0.500000
5.725209, 5.500104, 0.069533, 0.500000
5.730197, 5.500451, 0.069533, 0.500000
5.730197, 5.500451, 0.069533, 0.500000
5.735185, 5.500799, 0.069533, 0.500000
5.735185, 5.500799, 0.069533, 0.500000
5.735185, 5.500799, 0.069533, 0.500000
5.740173, 5.501146, 0.069533, 0.500000
5.740173, 5.501146, 0.069533, 0.500000
5.745161, 5.501493, 0.069533, 0.500000
5.745161, 5.501493, 0.069533, 0.500000
5.745161, 5.501493, 0.069533, 0.500000
5.750149, 5.501841, 0.069533, 0.500000
